{
"type": "FeatureCollection",
"name": "Moose_Trailhead_Access_Zones",
"crs": { "type": "name", "properties": { "name": "urn:ogc:def:crs:OGC:1.3:CRS84" } },
"features": [
{ "type": "Feature", "properties": { "name": "Primary Moose Access Envelope", "description": "5-mile realistic travel radius from known public access points" }, "geometry": { "type": "MultiPolygon", "coordinates": [ [ [ [ -108.470042309961855, 37.312097112906102 ], [ -108.476991220313778, 37.307655156807897 ], [ -108.484450947580754, 37.303778217493679 ], [ -108.492349736004897, 37.300503538199685 ], [ -108.500611644756191, 37.297862569314297 ], [ -108.509157274339302, 37.295880668796315 ], [ -108.517904524850024, 37.294576860862996 ], [ -108.526769379023122, 37.293963655162656 ], [ -108.535666702820237, 37.294046928082921 ], [ -108.544511056172013, 37.29482586727039 ], [ -108.553217506413617, 37.29629297985376 ], [ -108.561702436936201, 37.298434164275989 ], [ -108.569884343619208, 37.30122884505537 ], [ -108.577684611709259, 37.304650169217069 ], [ -108.585028265970379, 37.308665262567466 ], [ -108.591844687146306, 37.313235543431453 ], [ -108.598068288049447, 37.318317090938663 ], [ -108.603639142920485, 37.323861064436045 ], [ -108.608503564087485, 37.329814170122717 ], [ -108.612614620391795, 37.336119170555044 ], [ -108.615932592339121, 37.342715432258075 ], [ -108.618425359474941, 37.349539506308105 ], [ -108.620068716071842, 37.356525736423976 ], [ -108.620846611848748, 37.363606888825423 ], [ -108.620751315115598, 37.370714797887885 ], [ -108.61978349644528, 37.377781021448492 ], [ -108.617952231714625, 37.384737499498826 ], [ -108.615274924120115, 37.391517209940368 ], [ -108.611777145555976, 37.39805481507733 ], [ -108.607492398534475, 37.404287292583263 ], [ -108.602461800622791, 37.410154544799425 ], [ -108.596733694158772, 37.415599980407251 ], [ -108.590363184780585, 37.420571062761901 ], [ -108.583411613051965, 37.425019819477832 ], [ -108.575945964178729, 37.428903308218111 ], [ -108.568038221479569, 37.432184034054863 ], [ -108.559764669890541, 37.434830314233274 ], [ -108.551205156334532, 37.43681658668325 ], [ -108.542442314270644, 37.438123659175382 ], [ -108.533560760141754, 37.438738896605201 ], [ -108.524646269760154, 37.438656344506299 ], [ -108.515784942901774, 37.43787678753128 ], [ -108.507062364517878, 37.436407742293078 ], [ -108.498562771015941, 37.434263384620465 ], [ -108.494304403044907, 37.432808972504795 ], [ -108.493636471315014, 37.435328401932246 ], [ -108.490946264309883, 37.442105907534625 ], [ -108.487435347547944, 37.448640451010938 ], [ -108.484724774161364, 37.45256870058369 ], [ -108.4884941724074, 37.457185458437621 ], [ -108.492603323304536, 37.463494690547265 ], [ -108.495917552455182, 37.470094464850355 ], [ -108.498404773530098, 37.476921298425225 ], [ -108.500040832271452, 37.483909508091926 ], [ -108.500809746790921, 37.490991840541874 ], [ -108.500703870128319, 37.498100118198522 ], [ -108.499723973175463, 37.505165894660777 ], [ -108.497879246811763, 37.512121113463124 ], [ -108.495187222863322, 37.518898763825987 ], [ -108.491673614281709, 37.525433527070874 ], [ -108.487372075731912, 37.531662407435206 ], [ -108.482323886575884, 37.537525341146008 ], [ -108.476577559027334, 37.542965777795175 ], [ -108.470188375027845, 37.547931228305217 ], [ -108.466135658986829, 37.550514271062276 ], [ -108.46643243236575, 37.553255298153722 ], [ -108.466323661758693, 37.560363651544911 ], [ -108.465340137675256, 37.567429284380673 ], [ -108.463491085236285, 37.574384141339692 ], [ -108.460794077345653, 37.581161214858305 ], [ -108.457274874495837, 37.587695191524894 ], [ -108.452967184915991, 37.593923082855142 ], [ -108.447912347051613, 37.599784834307037 ], [ -108.442158937156677, 37.60522390657853 ], [ -108.435762305552629, 37.610187823477197 ], [ -108.428784045859487, 37.614628680955555 ], [ -108.421291402218174, 37.618503612268299 ], [ -108.413356620194122, 37.621775204623411 ], [ -108.405056247668469, 37.624411863165911 ], [ -108.396470392577413, 37.626388118645451 ], [ -108.387681944842797, 37.627684875672436 ], [ -108.378775770242555, 37.62828959905535 ], [ -108.369837884289211, 37.628196436329766 ], [ -108.360954614415292, 37.627406275228225 ], [ -108.352211758901973, 37.625926735494311 ], [ -108.343693751027928, 37.623772095106212 ], [ -108.335482836860635, 37.620963151635557 ], [ -108.32765827496091, 37.617527020122097 ], [ -108.320295566027056, 37.613496869482525 ], [ -108.313465720170356, 37.608911600088859 ], [ -108.307234569094589, 37.603815465737831 ], [ -108.301662129954522, 37.598257643785125 ], [ -108.2968020271, 37.592291757726997 ], [ -108.292700977280788, 37.585975356975489 ], [ -108.289398343202862, 37.579369358983996 ], [ -108.286925759597707, 37.572537459236223 ], [ -108.285306835202789, 37.565545514908884 ], [ -108.28455693326363, 37.558460908255007 ], [ -108.284683032365507, 37.551351895928654 ], [ -108.285683668594544, 37.544286950582624 ], [ -108.287548959223827, 37.537334101118887 ], [ -108.290260707328159, 37.530560277955082 ], [ -108.293792585958641, 37.524030669594751 ], [ -108.298110399763104, 37.517808096651905 ], [ -108.303172421226108, 37.511952409287204 ], [ -108.308929798028927, 37.506519913764187 ], [ -108.315327027400002, 37.501562833535097 ], [ -108.319382823731885, 37.498984837008706 ], [ -108.319155431884582, 37.496842776202577 ], [ -108.318562587719384, 37.496882724412743 ], [ -108.309640165492212, 37.496784238290132 ], [ -108.300772920576222, 37.495988749900874 ], [ -108.292046495221967, 37.494503930523464 ], [ -108.283545162754976, 37.492344109105701 ], [ -108.275351006974148, 37.489530133128035 ], [ -108.267543123483662, 37.486089165997029 ], [ -108.260196850966935, 37.482054422992341 ], [ -108.253383040076116, 37.477464848406527 ], [ -108.251840508676963, 37.476199263265755 ], [ -108.249295516576538, 37.475765047744837 ], [ -108.240797357155714, 37.473601980454816 ], [ -108.232606691665666, 37.470784855067663 ], [ -108.224802581639466, 37.467340865441955 ], [ -108.217460328944995, 37.463303256042266 ], [ -108.210650745047445, 37.458710998794857 ], [ -108.204439465165066, 37.453608414378948 ], [ -108.198886314071956, 37.448044741732737 ], [ -108.194044729733477, 37.442073660062746 ], [ -108.189961250330114, 37.435752768107058 ], [ -108.186675069541778, 37.429143025813104 ], [ -108.184217664237224, 37.422308163946852 ], [ -108.182612497951624, 37.4153140674455 ], [ -108.181874802749178, 37.408228138562961 ], [ -108.182011441267051, 37.401118646029722 ], [ -108.183020849930912, 37.394054066559647 ], [ -108.184893063529884, 37.387102425082666 ], [ -108.187609820548701, 37.380330640066695 ], [ -108.191144747884394, 37.373803880215036 ], [ -108.195463622831241, 37.367584938688097 ], [ -108.200524709507349, 37.36173363080453 ], [ -108.206279166224547, 37.356306220927983 ], [ -108.212671519674188, 37.351354883945731 ], [ -108.219640201220585, 37.346927206397645 ], [ -108.227118140062316, 37.343065731922636 ], [ -108.235033407543838, 37.339807555258268 ], [ -108.243309906476469, 37.337183968562599 ], [ -108.251868098961651, 37.335220163329339 ], [ -108.260625765899832, 37.333934990643186 ], [ -108.26949879111784, 37.333340781976311 ], [ -108.278401962855739, 37.33344323216302 ], [ -108.287249785220425, 37.334241345614387 ], [ -108.295957292139903, 37.33572744625048 ], [ -108.304440856336313, 37.337887251041316 ], [ -108.312618985879766, 37.340700006462441 ], [ -108.32041310098667, 37.344138686591926 ], [ -108.327748283886606, 37.348170251007403 ], [ -108.334553994799592, 37.352755960088942 ], [ -108.336095147454273, 37.354020540811447 ], [ -108.336444974526842, 37.354080087283279 ], [ -108.338434162136764, 37.353050281159739 ], [ -108.346345061840481, 37.34978482828231 ], [ -108.354618158253587, 37.34715357702428 ], [ -108.363173945565123, 37.345181792222881 ], [ -108.371930227336009, 37.34388840126838 ], [ -108.380802900427582, 37.343285814186288 ], [ -108.389706756374238, 37.343379805878342 ], [ -108.398556292809161, 37.344169461589757 ], [ -108.400893948461089, 37.344566123477684 ], [ -108.402529920376111, 37.344454663100258 ], [ -108.411433814544353, 37.344547007719811 ], [ -108.420283590339551, 37.345335016269743 ], [ -108.428994263254182, 37.346811109260571 ], [ -108.437482176131596, 37.348961099366569 ], [ -108.441734725596348, 37.350417872391233 ], [ -108.44240389069158, 37.347898657934685 ], [ -108.445095861234208, 37.341122120722737 ], [ -108.448606274120877, 37.334588807461287 ], [ -108.452901141309539, 37.328361575543717 ], [ -108.457938956319097, 37.32250032104502 ], [ -108.463671099459646, 37.31706140479578 ], [ -108.470042309961855, 37.312097112906102 ] ] ], [ [ [ -108.558209818739499, 37.443341002252545 ], [ -108.564584412638183, 37.438371462502197 ], [ -108.571538364884574, 37.433923702097424 ], [ -108.579004743370334, 37.430040457393176 ], [ -108.58691172800421, 37.426759031741398 ], [ -108.595183299093179, 37.424110939843921 ], [ -108.603739964505777, 37.422121607576479 ], [ -108.612499518804626, 37.420810130048828 ], [ -108.621377827281819, 37.420189090120573 ], [ -108.63028962763785, 37.420264439029239 ], [ -108.639149341908634, 37.42103544021198 ], [ -108.647871891171178, 37.422494676818793 ], [ -108.656373505539307, 37.424628122828828 ], [ -108.664572522004832, 37.427415277096046 ], [ -108.672390162778427, 37.430829359072142 ], [ -108.679751286943286, 37.434837564385681 ], [ -108.686585108450842, 37.439401377904019 ], [ -108.692825873760384, 37.444476941370972 ], [ -108.698413492753787, 37.450015472203667 ], [ -108.703294116941152, 37.455963729551421 ], [ -108.707420659411014, 37.462264523270413 ], [ -108.710753251470024, 37.468857261056428 ], [ -108.713259631457021, 37.475678528605549 ], [ -108.714915461805504, 37.482662697346122 ], [ -108.715704571060542, 37.489742554003826 ], [ -108.715619118230251, 37.496849946034096 ], [ -108.714659677560235, 37.503916436778837 ], [ -108.712835242560743, 37.510873964085945 ], [ -108.710163148880142, 37.517655496068762 ], [ -108.706668916401568, 37.524195677681 ], [ -108.702386011733509, 37.530431461842845 ], [ -108.697355533059962, 37.536302718975286 ], [ -108.691625820106282, 37.5417528189829 ], [ -108.685251992750594, 37.546729179968715 ], [ -108.678295422559756, 37.551183778268133 ], [ -108.670823142244117, 37.555073614749347 ], [ -108.662907198695748, 37.558361132741211 ], [ -108.660114553405279, 37.559255811898574 ], [ -108.664447850409132, 37.558247260187876 ], [ -108.673221717264454, 37.556930509811444 ], [ -108.682115211635519, 37.556304079050705 ], [ -108.691042926479071, 37.556373970641467 ], [ -108.699919132222377, 37.557139500245995 ], [ -108.708658592865476, 37.558593303476016 ], [ -108.717177377423212, 37.56072140651262 ], [ -108.725393659250287, 37.563503359654092 ], [ -108.733228495892277, 37.566912432543724 ], [ -108.740606582263609, 37.570915869261768 ], [ -108.74745697016921, 37.575475200912784 ], [ -108.753713747459344, 37.580546612805897 ], [ -108.759316670435936, 37.586081362816927 ], [ -108.764211743513044, 37.592026247039236 ], [ -108.768351740572299, 37.598324108382407 ], [ -108.771696662945075, 37.60491438336468 ], [ -108.774214129493231, 37.611733681974016 ], [ -108.775879694849763, 37.618716395143842 ], [ -108.776677092513282, 37.625795324109596 ], [ -108.776598400163905, 37.632902325682373 ], [ -108.775644125278788, 37.639968967299239 ], [ -108.773823209865796, 37.646927185590506 ], [ -108.77115295390044, 37.65370994214166 ], [ -108.767658857834334, 37.66025187012616 ], [ -108.763374385339858, 37.666489905544466 ], [ -108.758340648251078, 37.672363896925113 ], [ -108.752606016454379, 37.677817187526287 ], [ -108.746225656256527, 37.682797164319467 ], [ -108.739261001510258, 37.687255768338616 ], [ -108.731779162493737, 37.691149961338986 ], [ -108.723852278213187, 37.69444214412237 ], [ -108.715556818417326, 37.697100522350894 ], [ -108.706972842169563, 37.69909941618134 ], [ -108.698183220309858, 37.700419510604107 ], [ -108.689272829547349, 37.701048043957336 ], [ -108.680327726248237, 37.700978932703173 ], [ -108.671434308218267, 37.700212831191394 ], [ -108.662678472920149, 37.698757125788759 ], [ -108.654144780611091, 37.696625863414475 ], [ -108.645915630834764, 37.693839615183052 ], [ -108.638070460553848, 37.690425276510439 ], [ -108.630684971968293, 37.686415805678692 ], [ -108.623830397733087, 37.681849903471885 ], [ -108.617572810872161, 37.676771637084244 ], [ -108.611972486190538, 37.671230012054409 ], [ -108.607083319418962, 37.665278496491723 ], [ -108.602952309696462, 37.658974502324405 ], [ -108.599619110311565, 37.652378828713978 ], [ -108.59711565189437, 37.645555073137452 ], [ -108.595465841488803, 37.638569015938863 ], [ -108.594685340145404, 37.631487984390915 ], [ -108.594781420871982, 37.624380202483017 ], [ -108.595752907970265, 37.617314132765813 ], [ -108.59759019798085, 37.610357816631684 ], [ -108.600275361664956, 37.603578219397164 ], [ -108.603782325677443, 37.597040586479231 ], [ -108.608077131838243, 37.590807816821766 ], [ -108.613118271194651, 37.584939859537251 ], [ -108.618857089392279, 37.579493139481549 ], [ -108.625238259239282, 37.574520017181428 ], [ -108.632200315764067, 37.570068288188665 ], [ -108.639676248532481, 37.566180726544161 ], [ -108.64759414550889, 37.562894676605978 ], [ -108.650387098013582, 37.562000279807428 ], [ -108.646053354501348, 37.563008334960394 ], [ -108.637278135514862, 37.564323122434494 ], [ -108.628383035628474, 37.56494623577786 ], [ -108.619453962430242, 37.564871644072191 ], [ -108.610577157674214, 37.564100054781363 ], [ -108.601838357065333, 37.562638907356501 ], [ -108.593321955023114, 37.560502301250978 ], [ -108.585110182839571, 37.557710859052726 ], [ -108.577282308499264, 37.55429152609414 ], [ -108.56991386618769, 37.550277308540245 ], [ -108.563075923182637, 37.545706952571663 ], [ -108.556834391407676, 37.540624567867894 ], [ -108.551249390431309, 37.535079199148143 ], [ -108.546374668130426, 37.529124350038856 ], [ -108.542257084607044, 37.522817464000667 ], [ -108.538936164265422, 37.516219367461034 ], [ -108.536443720229002, 37.509393680656402 ], [ -108.534803554515122, 37.502406201986744 ], [ -108.534031236598551, 37.495324271924076 ], [ -108.534133962193536, 37.488216122692158 ], [ -108.535110493276179, 37.481150220047894 ], [ -108.536951179565392, 37.474194603543424 ], [ -108.539638060888123, 37.467416231635184 ], [ -108.543145049082213, 37.460880337930803 ], [ -108.547438187344341, 37.454649804729492 ], [ -108.552475984217665, 37.448784559820062 ], [ -108.558209818739499, 37.443341002252545 ] ] ], [ [ [ -108.788923316444283, 37.647387181344456 ], [ -108.79529778318134, 37.642405183332457 ], [ -108.802254823451705, 37.637943643261679 ], [ -108.809727473640947, 37.634045429242725 ], [ -108.817643852084089, 37.630747987639872 ], [ -108.825927848083964, 37.628082986090675 ], [ -108.83449984997128, 37.626076011907351 ], [ -108.843277505383242, 37.62474632863622 ], [ -108.852176506684302, 37.624106693007413 ], [ -108.861111394256696, 37.624163233944444 ], [ -108.869996370253062, 37.624915394728227 ], [ -108.878746115325271, 37.626355938827636 ], [ -108.887276600826794, 37.628471019322177 ], [ -108.895505889025486, 37.631240311258125 ], [ -108.903354913963284, 37.634637205700479 ], [ -108.910748235756742, 37.63862906367531 ], [ -108.917614761346343, 37.643177527643729 ], [ -108.923888424975374, 37.648238887615889 ], [ -108.929508822006298, 37.653764498503179 ], [ -108.934421790066665, 37.659701244826017 ], [ -108.938579931953271, 37.665992048445069 ], [ -108.941943075213487, 37.672576414571495 ], [ -108.94447866386281, 37.679391010938531 ], [ -108.946162078284601, 37.686370274689239 ], [ -108.946976879991709, 37.693447041252455 ], [ -108.946914978601768, 37.700553189249774 ], [ -108.94597671908808, 37.707620295298057 ], [ -108.944170888108644, 37.714580292451309 ], [ -108.941514638981417, 37.721366125962604 ], [ -108.938033335658517, 37.727912400043238 ], [ -108.933760316846644, 37.734156009354876 ], [ -108.928736582219713, 37.740036749088702 ], [ -108.923010403460722, 37.745497897667335 ], [ -108.916636863648108, 37.750486766346761 ], [ -108.909677329253, 37.754955210296153 ], [ -108.902198859733446, 37.758860096092306 ], [ -108.894273560384704, 37.762163720977433 ], [ -108.885977884727424, 37.764834179692699 ], [ -108.877391893273355, 37.766845675208707 ], [ -108.868598475998041, 37.76817877022561 ], [ -108.85968254625962, 37.768820576900794 ], [ -108.850730214230239, 37.768764882878017 ], [ -108.84182794814248, 37.768012212329829 ], [ -108.833061731797201, 37.766569821377757 ], [ -108.824516226826006, 37.764451627916657 ], [ -108.816273948152784, 37.761678076531012 ], [ -108.80841446095242, 37.758275939845433 ], [ -108.801013607165771, 37.754278058291604 ], [ -108.794142769299569, 37.749723020892148 ], [ -108.78786817882488, 37.74465479025082 ], [ -108.782250275992837, 37.739122275492278 ], [ -108.777343127321075, 37.733178857407587 ], [ -108.773193906373649, 37.726881870527251 ], [ -108.769842442774532, 37.720292047258241 ], [ -108.767320843665232, 37.713472929580838 ], [ -108.76565319105373, 37.706490254102206 ], [ -108.764855317712644, 37.699411316503237 ], [ -108.764934663480801, 37.692304321593419 ], [ -108.765890213011701, 37.685237725302173 ], [ -108.767712515205929, 37.678279574986227 ], [ -108.770383783769262, 37.671496854420504 ], [ -108.773878077563012, 37.664954839766089 ], [ -108.778161558664138, 37.658716472675309 ], [ -108.783192825337366, 37.652841756502667 ], [ -108.788923316444283, 37.647387181344456 ] ] ], [ [ [ -108.398713350083227, 37.679962482018688 ], [ -108.405699369801326, 37.675523062091081 ], [ -108.413198415475151, 37.671648834672084 ], [ -108.421138355024496, 37.668377015853586 ], [ -108.429442854363288, 37.665739027643653 ], [ -108.438032107476715, 37.663760198689786 ], [ -108.446823598452823, 37.662459523272403 ], [ -108.455732888379558, 37.661849480779196 ], [ -108.464674419824775, 37.661935917308327 ], [ -108.473562331482199, 37.662717990473077 ], [ -108.482311275491611, 37.664188177897557 ], [ -108.490837229924765, 37.666332349307091 ], [ -108.499058298971349, 37.669129901531711 ], [ -108.506895493460377, 37.672553955163053 ], [ -108.51427348451125, 37.676571611036643 ], [ -108.521121323325943, 37.6811442641594 ], [ -108.527373120407404, 37.686227972168361 ], [ -108.53296867782008, 37.691773874898388 ], [ -108.537854068493559, 37.697728661155338 ], [ -108.541982157010636, 37.704035078343175 ], [ -108.545313056813256, 37.710632480181623 ], [ -108.547814519302406, 37.717457407379662 ], [ -108.549462250898387, 37.724444195803187 ], [ -108.550240154763543, 37.731525606394655 ], [ -108.550140494564687, 37.738633470874795 ], [ -108.54916397836493, 37.745699347080233 ], [ -108.547319761477993, 37.7526551776727 ], [ -108.54462536788553, 37.759433945894337 ], [ -108.541106530604509, 37.765970322043451 ], [ -108.536796952188354, 37.772201294405363 ], [ -108.531737987344627, 37.778066778495656 ], [ -108.525978250445092, 37.783510198656558 ], [ -108.519573151480657, 37.78847903629228 ], [ -108.512584364767051, 37.792925339333145 ], [ -108.505079235423054, 37.79680618787966 ], [ -108.497130129317682, 37.800084111392799 ], [ -108.488813732800779, 37.802727453263302 ], [ -108.480210309088946, 37.804710679104126 ], [ -108.471402918663941, 37.806014625663749 ], [ -108.462476611447798, 37.806626687845267 ], [ -108.4535175988417, 37.806540941934493 ], [ -108.44461241394761, 37.805758203778005 ], [ -108.43584706843076, 37.804286021307412 ], [ -108.427306214523355, 37.802138601466744 ], [ -108.419072320615982, 37.799336672262612 ], [ -108.411224868731921, 37.79590728130961 ], [ -108.403839581936069, 37.791883532883709 ], [ -108.396987689394763, 37.787304266112372 ], [ -108.390735236383335, 37.782213677517937 ], [ -108.385142446039879, 37.776660891682631 ], [ -108.380263139093699, 37.770699484314015 ], [ -108.376144217164509, 37.764386962452853 ], [ -108.372825214541692, 37.757784206977391 ], [ -108.370337922622298, 37.750954882914542 ], [ -108.368706090420545, 37.743964823366206 ], [ -108.367945203772393, 37.736881393096446 ], [ -108.368062345053076, 37.729772837999057 ], [ -108.369056134415786, 37.722707626777378 ], [ -108.370916752753033, 37.715753791215185 ], [ -108.373626045787887, 37.708978271403325 ], [ -108.377157707927978, 37.702446272210189 ], [ -108.381477543767829, 37.696220637147775 ], [ -108.386543804411204, 37.690361245592371 ], [ -108.39230759510977, 37.684924439070031 ], [ -108.398713350083227, 37.679962482018688 ] ] ], [ [ [ -108.170190861245132, 37.69662490457717 ], [ -108.177193011374314, 37.692198364297987 ], [ -108.184706647053275, 37.688338083004723 ], [ -108.192659497848524, 37.685081142929072 ], [ -108.200975107317518, 37.682458823465332 ], [ -108.209573564188247, 37.68049630324122 ], [ -108.218372265338303, 37.679212420522333 ], [ -108.227286703477503, 37.678619494148926 ], [ -108.236231272245817, 37.67872320664025 ], [ -108.245120081305899, 37.679522550526293 ], [ -108.253867773934346, 37.681009838383993 ], [ -108.26239033960141, 37.683170776467975 ], [ -108.27060591407205, 37.685984601241906 ], [ -108.278435559663549, 37.689424277537427 ], [ -108.285804018455181, 37.693456756499955 ], [ -108.292640431463241, 37.698043290928425 ], [ -108.298879017070476, 37.703139805082571 ], [ -108.304459702329865, 37.708697315523189 ], [ -108.309328701150477, 37.714662399070278 ], [ -108.313439033813921, 37.720977703515999 ], [ -108.316750982763736, 37.727582496318497 ], [ -108.317433728737967, 37.729462017683751 ], [ -108.319817438283522, 37.729865483894052 ], [ -108.328347279725719, 37.732021275780944 ], [ -108.336570552566855, 37.734830102541274 ], [ -108.34440824587125, 37.738264977003752 ], [ -108.351785025090919, 37.742292896498974 ], [ -108.358629951945147, 37.746875157756698 ], [ -108.364877163581539, 37.751967726289259 ], [ -108.370466504633271, 37.757521656830782 ], [ -108.375344106173472, 37.763483560921031 ], [ -108.379462906009266, 37.769796117274744 ], [ -108.382783105251008, 37.776398620166063 ], [ -108.385272556636266, 37.783227560686811 ], [ -108.386907080680189, 37.790217235410609 ], [ -108.387670706360112, 37.797300376715548 ], [ -108.387555833719546, 37.804408798790334 ], [ -108.387168727155071, 37.807164543231174 ], [ -108.38951712185893, 37.809076090337634 ], [ -108.395112859405131, 37.814628509531055 ], [ -108.39999648149994, 37.820589067292559 ], [ -108.404120867928185, 37.82690045554169 ], [ -108.407446165811891, 37.833501980045561 ], [ -108.409940178461042, 37.840330141557061 ], [ -108.411578682012447, 37.84731924437672 ], [ -108.412345666558707, 37.854402026592361 ], [ -108.412233499148115, 37.861510306022531 ], [ -108.411243006749515, 37.868575635714393 ], [ -108.40938347802107, 37.875529962729615 ], [ -108.406672583492053, 37.882306283890301 ], [ -108.403136214554422, 37.888839292158536 ], [ -108.398808242460021, 37.895066007383868 ], [ -108.393730199319421, 37.900926385275916 ], [ -108.389021647037552, 37.905356541519104 ], [ -108.392964488743644, 37.907501821591843 ], [ -108.399827874508915, 37.912080723395768 ], [ -108.406092600383928, 37.917170177906712 ], [ -108.411698342753695, 37.922721270436092 ], [ -108.416591074752716, 37.928680640474113 ], [ -108.420723588078943, 37.934990991766234 ], [ -108.424055950984794, 37.941591640432549 ], [ -108.426555897910632, 37.948419095992278 ], [ -108.428199146818102, 37.955407669828418 ], [ -108.428937024273026, 37.962190328534305 ], [ -108.431074012631115, 37.968023455880918 ], [ -108.432718266355394, 37.975011905684802 ], [ -108.433489543253515, 37.982094261382194 ], [ -108.433380167512581, 37.989202345094007 ], [ -108.432390937617228, 37.99626771186044 ], [ -108.430531128454035, 38.003222308403252 ], [ -108.427818411688065, 38.009999128874377 ], [ -108.42427869480376, 38.016532861263876 ], [ -108.419945880003368, 38.022760518201551 ], [ -108.414861544957745, 38.028622046008437 ], [ -108.409074548201247, 38.034060906039912 ], [ -108.402640562742491, 38.039024622606455 ], [ -108.395621542218549, 38.043465292063615 ], [ -108.388085124640384, 38.047340048024168 ], [ -108.380103979452969, 38.050611478061796 ], [ -108.371755104255826, 38.053247987742587 ], [ -108.363119078087323, 38.055224108332638 ], [ -108.354279278664478, 38.056520745084754 ], [ -108.345321071377185, 38.057125363594999 ], [ -108.336330978159225, 38.057032112338575 ], [ -108.327395834591158, 38.056241880133364 ], [ -108.318601943727629, 38.0547622879347 ], [ -108.310034235183934, 38.052607615026766 ], [ -108.30177543796033, 38.049798660338013 ], [ -108.293905275330033, 38.046362540262393 ], [ -108.286499689870283, 38.042332425007046 ], [ -108.279630106377667, 38.037747216104059 ], [ -108.273362739986666, 38.032651168310771 ], [ -108.267757956307847, 38.027093459675179 ], [ -108.262869689829245, 38.021127714052156 ], [ -108.258744926187916, 38.014811480819255 ], [ -108.255423253227818, 38.008205676951874 ], [ -108.254827893570365, 38.006570231167821 ], [ -108.253287760985771, 38.005041912279943 ], [ -108.248402222948414, 37.999075425300056 ], [ -108.244280041174946, 37.992758551264885 ], [ -108.240960778678456, 37.986152213210659 ], [ -108.238476226416637, 37.979320110692491 ], [ -108.23685010391938, 37.972328103377542 ], [ -108.236097838896569, 37.96524357438367 ], [ -108.236226427636268, 37.95813477958626 ], [ -108.237234377189779, 37.951070189224957 ], [ -108.2391117295317, 37.944117828189583 ], [ -108.241840167086451, 37.937344621348622 ], [ -108.245393198236627, 37.930815750205362 ], [ -108.249736420679554, 37.924594027031127 ], [ -108.25482785978383, 37.91873929242945 ], [ -108.26061837842073, 37.913307842037305 ], [ -108.262026005167598, 37.912223627528405 ], [ -108.258727746642975, 37.910016705884289 ], [ -108.252473262135936, 37.904918888242968 ], [ -108.24688040470069, 37.899359567184433 ], [ -108.242002994074738, 37.893392381622874 ], [ -108.237887911766705, 37.887074894340344 ], [ -108.234574653100708, 37.880468033951018 ], [ -108.232094952106223, 37.873635504755718 ], [ -108.230472482659351, 37.866643170300307 ], [ -108.229722638489008, 37.859558416685871 ], [ -108.229852393855992, 37.852449501853116 ], [ -108.230245515341835, 37.849694012409621 ], [ -108.227899638303896, 37.847779163555295 ], [ -108.222313184535651, 37.842218346853649 ], [ -108.217441791390328, 37.836249831604874 ], [ -108.213332282472436, 37.829931193156469 ], [ -108.210024099625073, 37.823323370964559 ], [ -108.209342994695561, 37.821443165891672 ], [ -108.206956739481186, 37.821037572728102 ], [ -108.198419348531303, 37.818873309202644 ], [ -108.190191049025685, 37.816055041086749 ], [ -108.18235126766298, 37.812609974305282 ], [ -108.174975651874291, 37.808571364867404 ], [ -108.168135335679494, 37.803978195565882 ], [ -108.161896250688997, 37.798874797116021 ], [ -108.156318489036337, 37.793310417516665 ], [ -108.151455724455673, 37.787338743925254 ], [ -108.14735469708387, 37.781017381800446 ], [ -108.144054766878483, 37.774407296476042 ], [ -108.14158753981134, 37.767572222685303 ], [ -108.139976570231013, 37.760578047850075 ], [ -108.139237141996574, 37.753492175185379 ], [ -108.139376130180651, 37.746382872842432 ], [ -108.14039194432884, 37.739318615422526 ], [ -108.142274553456858, 37.732367424241218 ], [ -108.14500559217278, 37.725596212704907 ], [ -108.148558546537984, 37.719070143085077 ], [ -108.152899017534253, 37.712852000836875 ], [ -108.157985059291235, 37.707001592415359 ], [ -108.163767588554663, 37.701575172292266 ], [ -108.170190861245132, 37.69662490457717 ] ] ], [ [ [ -108.959802438182237, 37.728277532497323 ], [ -108.966756325495169, 37.723806414683601 ], [ -108.974227656986088, 37.71989779261618 ], [ -108.982144562568251, 37.716589212269312 ], [ -108.99043092567463, 37.713912447795195 ], [ -108.999007111404438, 37.711893198928458 ], [ -109.007790727042149, 37.71055084649597 ], [ -109.016697407868733, 37.709898268272816 ], [ -109.025641620990029, 37.709941716862986 ], [ -109.034537479768701, 37.710680760709195 ], [ -109.043299561369381, 37.712108288753512 ], [ -109.051843719907183, 37.714210578684146 ], [ -109.060087887729722, 37.716967428119908 ], [ -109.067952857460881, 37.720352347505219 ], [ -109.075363037591416, 37.724332812919748 ], [ -109.082247174614821, 37.72887057645508 ], [ -109.088539034978297, 37.733922031276123 ], [ -109.09417804044584, 37.739438627976064 ], [ -109.099109850852741, 37.74536733835177 ], [ -109.103286888667611, 37.75165116227663 ], [ -109.106668800266647, 37.758229672935798 ], [ -109.109222849364571, 37.765039595314384 ], [ -109.110924238633302, 37.772015412500636 ], [ -109.111756356171711, 37.779089994083925 ], [ -109.111710944162311, 37.786195240695434 ], [ -109.11078818776015, 37.793262738561644 ], [ -109.108996722999478, 37.800224417817802 ], [ -109.106353563270233, 37.807013208265126 ], [ -109.10288394469984, 37.813563686249921 ], [ -109.09862109157271, 37.81981270640037 ], [ -109.093605903717332, 37.825700012073639 ], [ -109.08788656858485, 37.831168818546409 ], [ -109.081518101520544, 37.83616636322121 ], [ -109.074561818484185, 37.840644417421565 ], [ -109.067084746194624, 37.844559754704861 ], [ -109.059158975350925, 37.847874571034033 ], [ -109.050860963205167, 37.850556852610374 ], [ -109.042270792323905, 37.852580687678788 ], [ -109.033471392865749, 37.853926519165931 ], [ -109.02454773611602, 37.854581335597594 ], [ -109.015586007348219, 37.854538798356089 ], [ -109.006672766320634, 37.85379930397589 ], [ -108.997894103862976, 37.852369980829167 ], [ -108.989334803056551, 37.850264620213387 ], [ -108.981077513464584, 37.847503542515547 ], [ -108.973201946725695, 37.844113399782366 ], [ -108.965784101584703, 37.840126916665781 ], [ -108.95889552610717, 37.835582572332179 ], [ -108.952602624409124, 37.830524226513617 ], [ -108.946966014739985, 37.825000693434198 ], [ -108.942039945190956, 37.819065267857852 ], [ -108.937871772672153, 37.81277520797169 ], [ -108.934501510117045, 37.806191180233867 ], [ -108.931961446144427, 37.799376671676171 ], [ -108.930275840643347, 37.792397375453348 ], [ -108.929460698956589, 37.785320555672463 ], [ -108.929523626533239, 37.778214397714336 ], [ -108.93046376510938, 37.771147350374953 ], [ -108.932271810667757, 37.764187466205961 ], [ -108.934930112631122, 37.757401746422815 ], [ -108.938412852966394, 37.750855496676493 ], [ -108.942686303127402, 37.74461169985134 ], [ -108.947709156046045, 37.738730411862029 ], [ -108.953432929704121, 37.733268186176645 ], [ -108.959802438182237, 37.728277532497323 ] ] ], [ [ [ -108.457286698883792, 37.97410644426688 ], [ -108.463711416635817, 37.969140137626333 ], [ -108.47071925691975, 37.964695889566777 ], [ -108.47824277084699, 37.960816400896377 ], [ -108.486209591450489, 37.957538937296185 ], [ -108.494543127202903, 37.954894974093008 ], [ -108.503163294517606, 37.952909896509126 ], [ -108.511987282374278, 37.951602758147878 ], [ -108.520930341958049, 37.95098609992943 ], [ -108.529906594007059, 37.951065831128375 ], [ -108.538829846428257, 37.951841173590523 ], [ -108.547614414666128, 37.953304669623151 ], [ -108.556175937291485, 37.955442253467673 ], [ -108.564432179320391, 37.95823338567903 ], [ -108.57230381587317, 37.961651249158045 ], [ -108.579715188942757, 37.965663005015386 ], [ -108.586595030257996, 37.970230105893314 ], [ -108.592877143501553, 37.97530866383822 ], [ -108.598501039471813, 37.980849869308578 ], [ -108.603412518164404, 37.986800457421232 ], [ -108.60756419218886, 37.993103217091438 ], [ -108.61091594642842, 37.999697538309341 ], [ -108.613435329394719, 38.006519992424032 ], [ -108.615097872319865, 38.013504939978631 ], [ -108.615887332665622, 38.020585160359325 ], [ -108.615795859405878, 38.02769249729171 ], [ -108.614824078153262, 38.034758514041954 ], [ -108.612981094945823, 38.041715152059979 ], [ -108.610284418280187, 38.048495386740868 ], [ -108.606759799766934, 38.055033873978637 ], [ -108.602440994583645, 38.061267581246632 ], [ -108.597369443703798, 38.067136397059315 ], [ -108.591593880676427, 38.072583712854225 ], [ -108.585169866512629, 38.077556971575504 ], [ -108.578159256990901, 38.082008177544814 ], [ -108.570629607415825, 38.085894362564957 ], [ -108.562653520540593, 38.089178003616979 ], [ -108.554307943988306, 38.091827387976835 ], [ -108.545673424066678, 38.093816922088891 ], [ -108.536833323360284, 38.09512738108662 ], [ -108.527873009894961, 38.095746096438667 ], [ -108.518879025993783, 38.095667079815343 ], [ -108.509938245179512, 38.094891081910049 ], [ -108.501137025618291, 38.093425585604258 ], [ -108.492560368643652, 38.091284733526862 ], [ -108.484291090845971, 38.088489190720495 ], [ -108.476409018062313, 38.085065943782411 ], [ -108.468990209356633, 38.0810480384865 ], [ -108.462106218744196, 38.076474258511055 ], [ -108.455823401993314, 38.071388748484168 ], [ -108.450202275336409, 38.065840585112106 ], [ -108.445296932350345, 38.059883300665796 ], [ -108.441154524630534, 38.053574363565417 ], [ -108.437814811192922, 38.04697462121478 ], [ -108.435309780804559, 38.040147710594503 ], [ -108.433663350673427, 38.033159442421216 ], [ -108.432891144135269, 38.026077164917233 ], [ -108.433000349166306, 38.018969113410428 ], [ -108.433989658736451, 38.011903752095307 ], [ -108.435849293208548, 38.004949114334366 ], [ -108.438561104190569, 37.998172147864707 ], [ -108.442098758470479, 37.991638071197983 ], [ -108.446427999913638, 37.985409747366475 ], [ -108.451506986485313, 37.979547080974534 ], [ -108.457286698883792, 37.97410644426688 ] ] ], [ [ [ -108.545846922014704, 38.485706985980144 ], [ -108.552896743912072, 38.481255963634609 ], [ -108.560466813843291, 38.477369080966923 ], [ -108.568484318165545, 38.474083672992059 ], [ -108.576872180137968, 38.471431289769349 ], [ -108.585549796984139, 38.469437396000401 ], [ -108.594433809364304, 38.468121128810814 ], [ -108.603438896105658, 38.467495115934305 ], [ -108.612478586843707, 38.46756535595636 ], [ -108.62146608509201, 38.468331161700661 ], [ -108.630315094181, 38.469785167259531 ], [ -108.638940638489629, 38.471913398584832 ], [ -108.647259872434248, 38.474695406972359 ], [ -108.655192869780223, 38.478104464194679 ], [ -108.662663385999124, 38.482107817470855 ], [ -108.669599586611199, 38.486667001909389 ], [ -108.675934734726624, 38.49173820752754 ], [ -108.681607831328336, 38.497272697442149 ], [ -108.686564202226364, 38.503217273345413 ], [ -108.690756026053592, 38.509514783930982 ], [ -108.694142798166553, 38.516104671522669 ], [ -108.696691725859694, 38.522923551786185 ], [ -108.698378050894931, 38.529905821075118 ], [ -108.699185295986894, 38.536984285681541 ], [ -108.699105432564536, 38.544090807030194 ], [ -108.698138967847726, 38.55115695667849 ], [ -108.696294950026868, 38.558114674862821 ], [ -108.693590891108812, 38.564896926268624 ], [ -108.690052607787024, 38.571438346698834 ], [ -108.685713981500015, 38.577675874373114 ], [ -108.680616639650808, 38.583549359709849 ], [ -108.674809560764103, 38.589002147624853 ], [ -108.668348607145973, 38.593981626622607 ], [ -108.661295989374551, 38.598439739258346 ], [ -108.653719667679425, 38.60233344890824 ], [ -108.645692695951681, 38.605625158199288 ], [ -108.637292514757277, 38.608283074914809 ], [ -108.628600200293292, 38.610281521702802 ], [ -108.619699676722405, 38.611601186466338 ], [ -108.610676899736461, 38.6122293109038 ], [ -108.601619019530546, 38.612159815282993 ], [ -108.592613531606915, 38.611393358173231 ], [ -108.583747423972781, 38.609937330514263 ], [ -108.575106329340201, 38.607805784063338 ], [ -108.566773690885, 38.60501929492434 ], [ -108.558829949969805, 38.601604763518921 ], [ -108.551351763990681, 38.597595152999062 ], [ -108.54441126216868, 38.593029168719717 ], [ -108.538075346682348, 38.587950881978308 ], [ -108.532405046033574, 38.582409301781681 ], [ -108.527454926960928, 38.576457898912693 ], [ -108.52327257057388, 38.570154087033259 ], [ -108.519898117685543, 38.563558665973474 ], [ -108.517363887580416, 38.556735232714281 ], [ -108.515694073678176, 38.549749565869853 ], [ -108.514904518753937, 38.542668989713199 ], [ -108.515002571559876, 38.53556172396469 ], [ -108.515987025873116, 38.528496225673656 ], [ -108.517848142177627, 38.521540529572945 ], [ -108.520567751384959, 38.514761593270457 ], [ -108.524119439214672, 38.508224653566984 ], [ -108.528468809100715, 38.501992600052468 ], [ -108.53357382076787, 38.496125371940948 ], [ -108.539385200941354, 38.490679383856012 ], [ -108.545846922014704, 38.485706985980144 ] ] ], [ [ [ -108.298702915590226, 38.50816519696864 ], [ -108.307394077765281, 38.506191421354814 ], [ -108.316289196466485, 38.504895871682145 ], [ -108.325302845102357, 38.504290977585107 ], [ -108.334348471895211, 38.504382535800794 ], [ -108.343339223695253, 38.505169655440248 ], [ -108.35218877244597, 38.506644766919912 ], [ -108.360812136719872, 38.508793694453267 ], [ -108.36912649078657, 38.511595791419644 ], [ -108.369393600993845, 38.511711350689417 ], [ -108.375823938960465, 38.509691640123364 ], [ -108.384512749613052, 38.507712217629859 ], [ -108.393406235348237, 38.506410853520741 ], [ -108.402418985014663, 38.505800033016641 ], [ -108.411464455353439, 38.505885609495458 ], [ -108.420455794735318, 38.506666749234739 ], [ -108.429306669610938, 38.508135939809534 ], [ -108.437932086093241, 38.510279062050003 ], [ -108.446249199133561, 38.513075524880556 ], [ -108.454178101854538, 38.516498461784138 ], [ -108.461642587761474, 38.520514987068815 ], [ -108.468570878771985, 38.525086509561483 ], [ -108.474896312277878, 38.530169100821546 ], [ -108.480557980784965, 38.535713914458306 ], [ -108.485501318063669, 38.541667652655988 ], [ -108.489678626185324, 38.54797307556106 ], [ -108.493049538313926, 38.554569548775625 ], [ -108.495581412669637, 38.561393623827684 ], [ -108.497249653674501, 38.568379646162228 ], [ -108.498037956931896, 38.575460384915743 ], [ -108.497938475372237, 38.582567678506848 ], [ -108.496951904617433, 38.589633089900417 ], [ -108.495087486366899, 38.596588565280854 ], [ -108.492362929385223, 38.603367089809609 ], [ -108.488804248466735, 38.60990333413968 ], [ -108.484445522559909, 38.616134285419328 ], [ -108.479328574043905, 38.621999856638432 ], [ -108.473502571954214, 38.627443468354009 ], [ -108.467023562742725, 38.632412597075437 ], [ -108.459953932921792, 38.636859284893177 ], [ -108.452361808670176, 38.640740605296116 ], [ -108.444320398163399, 38.644019080537802 ], [ -108.4359072830201, 38.646663046378031 ], [ -108.427203665822617, 38.648646960538471 ], [ -108.425146385001298, 38.64894826922945 ], [ -108.426371504635654, 38.650147296935678 ], [ -108.431319111919436, 38.656103077426188 ], [ -108.435499222481127, 38.662410250043841 ], [ -108.438871441220741, 38.669008163707232 ], [ -108.441403112339955, 38.675833356139215 ], [ -108.443069640677663, 38.682820161988161 ], [ -108.443854736744356, 38.689901342707699 ], [ -108.443750582785256, 38.697008732226671 ], [ -108.442757917922762, 38.704073892265214 ], [ -108.440886041181287, 38.711028771032353 ], [ -108.43815273197545, 38.717806358979146 ], [ -108.434584088439891, 38.724341335279753 ], [ -108.430214284787908, 38.730570698772176 ], [ -108.425085249697091, 38.736434377212191 ], [ -108.419246268526436, 38.741875808876848 ], [ -108.412753512959512, 38.746842490798628 ], [ -108.405669502433597, 38.751286488214717 ], [ -108.398062502445043, 38.755164900177611 ], [ -108.390005865506183, 38.758440276688603 ], [ -108.381577321160364, 38.761080983182147 ], [ -108.372858222028384, 38.763061508702414 ], [ -108.36393275335422, 38.764362714666142 ], [ -108.354887113933287, 38.76497202169633 ], [ -108.345808676634064, 38.764883532628623 ], [ -108.336785136961225, 38.764098090433279 ], [ -108.336194118677639, 38.76399997165727 ], [ -108.3344403181503, 38.765098144221525 ], [ -108.332816153921726, 38.765924742541131 ], [ -108.331074266502256, 38.772354300269498 ], [ -108.328328443793382, 38.779129824559817 ], [ -108.324746866208812, 38.785661966968405 ], [ -108.320363832740298, 38.791887753017129 ], [ -108.315221399955547, 38.797747144375094 ], [ -108.309368982965495, 38.803183620156517 ], [ -108.302862883790297, 38.808144724778849 ], [ -108.295765751496916, 38.812582576969142 ], [ -108.288145979212985, 38.816454334868034 ], [ -108.280077043805846, 38.819722612597907 ], [ -108.271636794647961, 38.82235584412841 ], [ -108.262906698455552, 38.824328590786394 ], [ -108.253971047682569, 38.825621789311292 ], [ -108.24491614036603, 38.82622293794779 ], [ -108.235829439646139, 38.826126218685118 ], [ -108.226798721420693, 38.825332554394294 ], [ -108.217911218732525, 38.823849600269675 ], [ -108.209252771530259, 38.821691669644927 ], [ -108.200906990385562, 38.818879594915764 ], [ -108.192954442593575, 38.815440524958049 ], [ -108.185772590704019, 38.811569758979658 ], [ -108.184819255470089, 38.811784487253675 ], [ -108.17588333118097, 38.813071697358346 ], [ -108.166828933462298, 38.81366674364353 ], [ -108.157743520543647, 38.813563867316923 ], [ -108.148714855756964, 38.812764050993898 ], [ -108.13983015205136, 38.811275009546513 ], [ -108.131175221959708, 38.809111115327937 ], [ -108.122833641597779, 38.806293258511801 ], [ -108.114885937119041, 38.802848643940415 ], [ -108.107408801796439, 38.798810526515737 ], [ -108.100474351557494, 38.794217887783937 ], [ -108.094149426368276, 38.789115056951324 ], [ -108.0884949443507, 38.783551280121117 ], [ -108.083565314934475, 38.777580242048948 ], [ -108.081287826247348, 38.774117830460767 ], [ -108.073504906849664, 38.777254426982388 ], [ -108.065060948603048, 38.779872830498626 ], [ -108.056329223076375, 38.781830145447394 ], [ -108.047394039135284, 38.783107458261092 ], [ -108.038341690620683, 38.783692421330777 ], [ -108.029259615897786, 38.783579373716258 ], [ -108.020235545754034, 38.782769396724554 ], [ -108.012482242219363, 38.781460387850096 ], [ -108.006796946024977, 38.78094932399167 ], [ -107.99791849235163, 38.779449187654073 ], [ -107.989271091101003, 38.777274426871394 ], [ -107.980938244719454, 38.774446037074746 ], [ -107.973000393915996, 38.77099132503087 ], [ -107.965534135618441, 38.766943643232764 ], [ -107.95861147949249, 38.762342065531051 ], [ -107.952299150407313, 38.757231007253658 ], [ -107.946657943719799, 38.751659793611744 ], [ -107.941742139665024, 38.745682180698559 ], [ -107.937598982493441, 38.739355833847895 ], [ -107.934268229294133, 38.73274176852884 ], [ -107.931781772697164, 38.725903759305382 ], [ -107.930163340869299, 38.718907722684868 ], [ -107.929428277412967, 38.711821079911552 ], [ -107.929583402961001, 38.704712105932877 ], [ -107.93062695943739, 38.697649270872404 ], [ -107.932548637137572, 38.690700580388281 ], [ -107.935329683977116, 38.683932921276607 ], [ -107.938943095476077, 38.677411418599355 ], [ -107.943353883290939, 38.671198810476952 ], [ -107.948519419387182, 38.665354846489166 ], [ -107.954389852265237, 38.659935715377173 ], [ -107.96090859101777, 38.654993507438313 ], [ -107.968012852409203, 38.650575716655872 ], [ -107.97563426563346, 38.646724787214474 ], [ -107.983699528924831, 38.64347770861955 ], [ -107.992131111770959, 38.640865663173038 ], [ -108.000847996109655, 38.63891372905988 ], [ -108.009766449580425, 38.63764064177721 ], [ -108.018800823650864, 38.637058616091551 ], [ -108.02786436924562, 38.637173230149514 ], [ -108.03687006237277, 38.63798337279141 ], [ -108.044608023864726, 38.63929140032775 ], [ -108.050282174057529, 38.639801078191333 ], [ -108.059143982480492, 38.641297921276049 ], [ -108.067776495257817, 38.643468131333982 ], [ -108.076096798357909, 38.646290858453874 ], [ -108.084024952754476, 38.649738985020448 ], [ -108.09148475700178, 38.653779384328622 ], [ -108.098404475297613, 38.658373236537884 ], [ -108.103911760062431, 38.662825120114412 ], [ -108.110752124597866, 38.658558209030112 ], [ -108.118366074942017, 38.654698251062811 ], [ -108.126425091062487, 38.651441550357504 ], [ -108.134851701458913, 38.648819381396002 ], [ -108.143564935002246, 38.646856919253295 ], [ -108.152481093770632, 38.645573000116457 ], [ -108.161514550871544, 38.644979942299379 ], [ -108.170578565879893, 38.645083429385465 ], [ -108.179586110387902, 38.645882456556826 ], [ -108.188450696088424, 38.64736934058633 ], [ -108.19708719779787, 38.649529793384247 ], [ -108.205412663868145, 38.652343058407567 ], [ -108.213347106539828, 38.655782108662947 ], [ -108.213891921077874, 38.656076306690117 ], [ -108.219193606472814, 38.652033833138248 ], [ -108.220852235834371, 38.650996470651272 ], [ -108.219169901483426, 38.649639844815837 ], [ -108.213517878116875, 38.644081956460397 ], [ -108.208588585734532, 38.638116112128799 ], [ -108.204429401553611, 38.631799864061875 ], [ -108.201080240066204, 38.625194131019022 ], [ -108.198573174108205, 38.618362608147947 ], [ -108.196932133006996, 38.611371150565859 ], [ -108.196172680440355, 38.604287136702617 ], [ -108.196301873822208, 38.597178817629761 ], [ -108.197318206210696, 38.590114658707826 ], [ -108.199211630916921, 38.583162679931284 ], [ -108.201963668189507, 38.576389801332802 ], [ -108.205547592567584, 38.569861199730916 ], [ -108.2099286987402, 38.563639682967022 ], [ -108.21506464302999, 38.557785087582971 ], [ -108.22090585693843, 38.552353705641018 ], [ -108.227396028554082, 38.547397746087867 ], [ -108.234472647037492, 38.542964835716397 ], [ -108.242067604859884, 38.539097564387923 ], [ -108.250107851991118, 38.535833078746322 ], [ -108.253526377100073, 38.534763756057274 ], [ -108.255280710159496, 38.532761322741081 ], [ -108.261116857230235, 38.527328132756871 ], [ -108.267601975399145, 38.522370142604068 ], [ -108.274673602086068, 38.51793499872047 ], [ -108.282263677372512, 38.514065312519392 ], [ -108.290299197748794, 38.510798253894635 ], [ -108.298702915590226, 38.50816519696864 ] ] ], [ [ [ -108.509067374853871, 38.979639456283984 ], [ -108.510906741195058, 38.979654563326299 ], [ -108.519958713987421, 38.980425152529115 ], [ -108.528870604885498, 38.981883853425735 ], [ -108.530404343661644, 38.982260501001605 ], [ -108.534690380080505, 38.981965680622437 ], [ -108.543795669192022, 38.98203815923226 ], [ -108.552848110443563, 38.982806160346634 ], [ -108.56176078821602, 38.984262297706763 ], [ -108.570448119716005, 38.986392577851625 ], [ -108.578826669583378, 38.989176533746523 ], [ -108.586815944681007, 38.992587420039044 ], [ -108.594339161745381, 38.996592468131318 ], [ -108.601323980792571, 39.001153198706568 ], [ -108.607703197449013, 39.006225788814859 ], [ -108.612557779764316, 39.01093045636005 ], [ -108.617936031251944, 39.010969635733865 ], [ -108.626992547654638, 39.011731655438595 ], [ -108.635909990608525, 39.013181865315417 ], [ -108.644602732068662, 39.015306328635845 ], [ -108.652987285312918, 39.018084634089185 ], [ -108.660983100198294, 39.021490090513034 ], [ -108.668513331329478, 39.025489981452495 ], [ -108.675505572030858, 39.030045877190176 ], [ -108.681892547286722, 39.035114001357002 ], [ -108.682382163876369, 39.035587525079642 ], [ -108.684708459204444, 39.036154897549395 ], [ -108.69309689178445, 39.038930110671181 ], [ -108.694994403923687, 39.039737228182915 ], [ -108.697898267918234, 39.040445061685809 ], [ -108.706287664175775, 39.043219272654888 ], [ -108.714288687963702, 39.046620793374103 ], [ -108.721824444366604, 39.0506169451969 ], [ -108.728822474137786, 39.055169334381965 ], [ -108.735215447121234, 39.060234218358914 ], [ -108.74094180816364, 39.06576292319432 ], [ -108.74594636939463, 39.071702308382299 ], [ -108.749587184255574, 39.077113104302121 ], [ -108.756783827870905, 39.077709561091083 ], [ -108.765711559643051, 39.079149274408145 ], [ -108.77441568625126, 39.081263433273499 ], [ -108.782812612793748, 39.084031725127524 ], [ -108.790821671532029, 39.087427554885764 ], [ -108.793241831312031, 39.088707877816063 ], [ -108.799812329537758, 39.089249820284444 ], [ -108.808742146976073, 39.09068611280297 ], [ -108.81744874853662, 39.092796913523948 ], [ -108.8258485158524, 39.095561942045151 ], [ -108.833860754246956, 39.098954634563135 ], [ -108.841408462219079, 39.102942397225263 ], [ -108.848419066839327, 39.107486916991483 ], [ -108.853981220277902, 39.111878329918625 ], [ -108.856173013869977, 39.112805574167545 ], [ -108.863723409004479, 39.11679174354876 ], [ -108.870736789330493, 39.121334768087287 ], [ -108.877145678488404, 39.1263909954708 ], [ -108.882888369537952, 39.131911835368221 ], [ -108.887909518642871, 39.13784422340607 ], [ -108.892160679491681, 39.144131128209857 ], [ -108.895600773257243, 39.150712096779991 ], [ -108.898196489443791, 39.157523833097912 ], [ -108.899922613565195, 39.164500804528792 ], [ -108.900762278239199, 39.171575870302952 ], [ -108.900707134965955, 39.178680926126482 ], [ -108.8997574445808, 39.185747558791149 ], [ -108.897922085125671, 39.192707704530484 ], [ -108.895218476664212, 39.199494304803096 ], [ -108.891672423366913, 39.206041953178328 ], [ -108.887317874005831, 39.212287527055359 ], [ -108.886555099222193, 39.213163868653325 ], [ -108.889233428986188, 39.214294069920371 ], [ -108.896796882277343, 39.218277395156335 ], [ -108.903822890392277, 39.222817744744461 ], [ -108.910243855993741, 39.227871492461659 ], [ -108.915997956218021, 39.233390072228644 ], [ -108.92102973746141, 39.239320441838707 ], [ -108.925290650853611, 39.245605589770236 ], [ -108.92873952321105, 39.252185080355474 ], [ -108.931342958808983, 39.258995632204126 ], [ -108.933075667906508, 39.26597172444982 ], [ -108.933920718600419, 39.273046225104416 ], [ -108.933869709267071, 39.280151035571897 ], [ -108.932922859575015, 39.28721774519353 ], [ -108.931089018804528, 39.294178289572187 ], [ -108.928385590993841, 39.300965606357288 ], [ -108.924838377232476, 39.307514282166075 ], [ -108.920481336237387, 39.313761184371479 ], [ -108.915356265165471, 39.319646071603394 ], [ -108.909512403429943, 39.325112176988966 ], [ -108.903005963086684, 39.330106758396354 ], [ -108.895899590131634, 39.334581610246545 ], [ -108.888261761790716, 39.338493531813569 ], [ -108.880166125579464, 39.341804747346465 ], [ -108.871690786551227, 39.344483273807811 ], [ -108.862917549731407, 39.346503232534261 ], [ -108.85393112523964, 39.34784510167507 ], [ -108.84481830402855, 39.34849590685198 ], [ -108.835667112505021, 39.348449348100814 ], [ -108.826565954546695, 39.347705861794282 ], [ -108.817602749574618, 39.346272616901018 ], [ -108.808864075394382, 39.344163445599271 ], [ -108.800434324466593, 39.341398708927152 ], [ -108.792394882119197, 39.338005098808573 ], [ -108.784823334966546, 39.334015378435424 ], [ -108.777792717460457, 39.329468063606818 ], [ -108.771370804069875, 39.324407048216798 ], [ -108.765619454076443, 39.318881177637337 ], [ -108.760594015389245, 39.312943774256489 ], [ -108.756342793133939, 39.306652119898814 ], [ -108.752906588066963, 39.300066900269037 ], [ -108.750318309115968, 39.293251616919925 ], [ -108.748602663562139, 39.286271972545414 ], [ -108.74777592756972, 39.279195235638788 ], [ -108.747845798943203, 39.272089590733358 ], [ -108.748811333161555, 39.26502348055471 ], [ -108.75066296291341, 39.258064946464209 ], [ -108.753382600543716, 39.25128097355914 ], [ -108.75694382203082, 39.244736846720151 ], [ -108.761312130348998, 39.238495523761408 ], [ -108.762076782772752, 39.237619917900318 ], [ -108.759399342252934, 39.236486731975745 ], [ -108.75184091343894, 39.232494186465154 ], [ -108.744822967710647, 39.227944219579015 ], [ -108.739257444605713, 39.223547765392581 ], [ -108.737063446699423, 39.222618422716522 ], [ -108.734639415176858, 39.221337126952243 ], [ -108.728056713174098, 39.220792083139038 ], [ -108.719111328659395, 39.219350335813402 ], [ -108.710391130484538, 39.2172328185015 ], [ -108.701980331174724, 39.214459972827484 ], [ -108.693960131591311, 39.211058568878023 ], [ -108.686407931202851, 39.207061444829115 ], [ -108.679396576508978, 39.202507187566198 ], [ -108.67299365509318, 39.197439757495566 ], [ -108.667260842270878, 39.191908061300332 ], [ -108.662253306716721, 39.185965476906176 ], [ -108.658612695994307, 39.180551974461409 ], [ -108.651405835368379, 39.179949909795845 ], [ -108.642466818138814, 39.178501934735806 ], [ -108.633753635867635, 39.176378307260535 ], [ -108.625350432617182, 39.173599528122551 ], [ -108.623449907310146, 39.172791421538129 ], [ -108.620541092372463, 39.17208196390105 ], [ -108.612138862297684, 39.16930217963673 ], [ -108.604127838454161, 39.165894111032344 ], [ -108.596585330825093, 39.161890660598893 ], [ -108.589584091460452, 39.157330476194481 ], [ -108.583207140188904, 39.1522699013642 ], [ -108.582996042975537, 39.152284502747229 ], [ -108.573868985754913, 39.1522161163468 ], [ -108.564794585250908, 39.151450787710736 ], [ -108.555860500105126, 39.149995897495749 ], [ -108.547153024215902, 39.147865487450645 ], [ -108.53875624587711, 39.145080124005233 ], [ -108.530751229063455, 39.141666698285519 ], [ -108.529488627045041, 39.140995165945412 ], [ -108.524118762957343, 39.140952500388082 ], [ -108.515046068674053, 39.140183197081598 ], [ -108.506114167769695, 39.138724370403096 ], [ -108.497409332774168, 39.136590100261003 ], [ -108.489015626138311, 39.13380099047572 ], [ -108.483593331204375, 39.13148552376115 ], [ -108.480026627099434, 39.134204528857715 ], [ -108.47291020894221, 39.138653945093075 ], [ -108.46526718583857, 39.142538257305908 ], [ -108.457171258493119, 39.145819957224255 ], [ -108.448700537066301, 39.148467348004587 ], [ -108.439936783469548, 39.150454853061248 ], [ -108.43096461684992, 39.151763265509992 ], [ -108.427735513424366, 39.151982317184185 ], [ -108.426184266085542, 39.153163151857648 ], [ -108.419062382798074, 39.157609497640642 ], [ -108.411414155175493, 39.161490483238332 ], [ -108.403313334661391, 39.164768632470953 ], [ -108.394838079150048, 39.167412282805692 ], [ -108.39405433288816, 39.167589625416845 ], [ -108.394006497406693, 39.170786853674912 ], [ -108.393005677822799, 39.177851636465348 ], [ -108.391119752096643, 39.184806028675538 ], [ -108.38836662930926, 39.191583024472202 ], [ -108.384772593434249, 39.198117307491316 ], [ -108.38037205909896, 39.204345881783475 ], [ -108.375207247815169, 39.210208681073745 ], [ -108.369327787497255, 39.215649150370325 ], [ -108.362790238884543, 39.220614794200728 ], [ -108.355657553254801, 39.225057686057156 ], [ -108.34799846655423, 39.228934933994843 ], [ -108.339886835759714, 39.23220909774227 ], [ -108.331400923926637, 39.234848553149362 ], [ -108.322622640947515, 39.236827800312412 ], [ -108.313636747546141, 39.238127712269296 ], [ -108.30453003045082, 39.23873572174795 ], [ -108.295390457021739, 39.238645944069972 ], [ -108.286306317845813, 39.237859234953035 ], [ -108.277365365954822, 39.23638318261068 ], [ -108.268653961365118, 39.234232034213392 ], [ -108.260256229580492, 39.231426557436691 ], [ -108.252253242543276, 39.227993838479392 ], [ -108.244722230266063, 39.223967018574619 ], [ -108.237735831030477, 39.219384971634284 ], [ -108.231361387606341, 39.214291926256664 ], [ -108.225660296430775, 39.208737035877853 ], [ -108.2230439327749, 39.205599833838406 ], [ -108.222581806060035, 39.207287853408218 ], [ -108.219811449224309, 39.214061554910437 ], [ -108.216200396802805, 39.220591310675196 ], [ -108.211783228324421, 39.22681416760539 ], [ -108.20660232678722, 39.232670113877894 ], [ -108.20070747657212, 39.238102660051418 ], [ -108.194155388300246, 39.243059386688728 ], [ -108.187009155038865, 39.247492453080255 ], [ -108.179337644997659, 39.251359062019404 ], [ -108.171214836548131, 39.254621875995966 ], [ -108.162719102034501, 39.257249380643252 ], [ -108.157323399318244, 39.25845724918112 ], [ -108.1535621188237, 39.260351501949195 ], [ -108.145436980729841, 39.263612601333591 ], [ -108.136939091101453, 39.266238301579129 ], [ -108.128150476930287, 39.26820323597282 ], [ -108.119155999926207, 39.269488416270931 ], [ -108.118477930496994, 39.269532562224988 ], [ -108.114915219703221, 39.275950683038552 ], [ -108.110485670699745, 39.282170143168038 ], [ -108.105292248506302, 39.28802203147044 ], [ -108.099384858777611, 39.293449897172501 ], [ -108.092820333791792, 39.298401365599815 ], [ -108.085661887450286, 39.302828646481558 ], [ -108.077978506769625, 39.306688998247687 ], [ -108.069844285710815, 39.309945143689973 ], [ -108.061337707828116, 39.312565632826647 ], [ -108.052540884790361, 39.314525149325448 ], [ -108.043538758325326, 39.315804757395597 ], [ -108.034418273554977, 39.316392086650694 ], [ -108.025267532017494, 39.316281453064441 ], [ -108.016174932908427, 39.315473914782856 ], [ -108.007228311212117, 39.313977262214109 ], [ -107.998514081433726, 39.311805942480404 ], [ -107.990116395581893, 39.308980918980396 ], [ -107.982116323892001, 39.305529467466052 ], [ -107.974591066523402, 39.301484910677743 ], [ -107.967613204114755, 39.296886294198309 ], [ -107.961249994644376, 39.291778006774457 ], [ -107.955562723525617, 39.286209348903839 ], [ -107.950606113277189, 39.280234053995862 ], [ -107.946427798454081, 39.273909766874347 ], [ -107.943067870816606, 39.267297484799819 ], [ -107.940558498962119, 39.260460966542155 ], [ -107.938923625856688, 39.25346611532806 ], [ -107.938178746893016, 39.246380341721505 ], [ -107.938330770276039, 39.23927191266467 ], [ -107.939377960708242, 39.232209293014492 ], [ -107.941309966523235, 39.225260485952859 ], [ -107.944107929605849, 39.218492378629598 ], [ -107.947744676648881, 39.211970099316972 ], [ -107.952184989536875, 39.205756392214013 ], [ -107.957385951923555, 39.199911015842922 ], [ -107.963297368385184, 39.194490170728145 ], [ -107.9698622518939, 39.18954596174742 ], [ -107.97701737476531, 39.185125900195189 ], [ -107.984693877697296, 39.181272450206116 ], [ -107.992817931033315, 39.178022623755986 ], [ -108.001311441957029, 39.175407627989898 ], [ -108.01009280095559, 39.173452568131509 ], [ -108.019077660577494, 39.172176208704045 ], [ -108.019754896205214, 39.172132676063839 ], [ -108.023321836642552, 39.165717238626108 ], [ -108.027752647726928, 39.159500977658148 ], [ -108.032943959505786, 39.153652561107521 ], [ -108.03884566900021, 39.148228219099195 ], [ -108.045400882009744, 39.143280090436193 ], [ -108.052546463191248, 39.138855724326852 ], [ -108.060213644238743, 39.13499762643702 ], [ -108.06832868430466, 39.131742853488063 ], [ -108.07681357637631, 39.129122660154771 ], [ -108.082201152605322, 39.127918845132761 ], [ -108.085957673886412, 39.126027069867916 ], [ -108.094070404510106, 39.122770586273909 ], [ -108.102553160613596, 39.120148594339732 ], [ -108.111324434990408, 39.118186266387355 ], [ -108.120299976109578, 39.116902436553993 ], [ -108.129393591064641, 39.116309421855256 ], [ -108.138517966238396, 39.116412905357116 ], [ -108.147585498137744, 39.117211882513871 ], [ -108.156509126778033, 39.118698671148529 ], [ -108.165203163981047, 39.120858984967533 ], [ -108.173584108994291, 39.123672069919287 ], [ -108.18157144394128, 39.127110902129047 ], [ -108.189088401773859, 39.131142445576799 ], [ -108.196062699615936, 39.135727967133413 ], [ -108.202427230665151, 39.140823406038876 ], [ -108.208120708152052, 39.146379794398364 ], [ -108.210734051188538, 39.149517478127869 ], [ -108.211196181222746, 39.147829495460961 ], [ -108.213965214633419, 39.141056008058285 ], [ -108.217572911458845, 39.134526407503046 ], [ -108.221984332089065, 39.128303509801626 ], [ -108.227156836656263, 39.122447163082185 ], [ -108.233040501593905, 39.117013674368863 ], [ -108.239578604576906, 39.112055270874855 ], [ -108.246708173018263, 39.107619600865945 ], [ -108.254360590758935, 39.103749278754869 ], [ -108.262462257102783, 39.100481478656462 ], [ -108.270935291920694, 39.097847580168057 ], [ -108.271718644056122, 39.097671085259996 ], [ -108.271772208285853, 39.09447363942013 ], [ -108.27278464602972, 39.08740934783993 ], [ -108.274680444960424, 39.080456390692632 ], [ -108.277441096110138, 39.073681697088382 ], [ -108.281039785180994, 39.067150460630671 ], [ -108.285441659485016, 39.060925513518569 ], [ -108.290604171044876, 39.055066724029125 ], [ -108.296477492270071, 39.049630423081808 ], [ -108.303004999983003, 39.044668865287257 ], [ -108.310123822978923, 39.040229729534929 ], [ -108.317765447764714, 39.036355663783169 ], [ -108.325856376636509, 39.033083878285026 ], [ -108.33431883182827, 39.030445791017193 ], [ -108.343071499092062, 39.028466728583787 ], [ -108.352030303758141, 39.027165685343896 ], [ -108.355254122236971, 39.026948970486153 ], [ -108.356804006850496, 39.025769129905207 ], [ -108.363917406205047, 39.021326923212484 ], [ -108.371553869111366, 39.017449534702124 ], [ -108.379639946965852, 39.014174206571035 ], [ -108.388097908116535, 39.011532390797264 ], [ -108.391165744304402, 39.010837124919611 ], [ -108.394987401671358, 39.007290005094674 ], [ -108.401503923010665, 39.002323371480031 ], [ -108.408612075097949, 38.997878648076231 ], [ -108.416243446097766, 38.993998536693319 ], [ -108.424324635898301, 38.990720305730669 ], [ -108.432777959364302, 38.98807543504924 ], [ -108.441522189069687, 38.986089316286439 ], [ -108.45047333056435, 38.984781011368753 ], [ -108.459545422975893, 38.984163071432249 ], [ -108.460778140732828, 38.984173719304259 ], [ -108.465167465131913, 38.9827987872034 ], [ -108.473909966969359, 38.980810305258373 ], [ -108.482859666015784, 38.979499567039419 ], [ -108.49193061509456, 38.97887914695135 ], [ -108.501035716327081, 38.978954990023539 ], [ -108.509067374853871, 38.979639456283984 ] ] ], [ [ [ -108.514617377951566, 39.629721939605851 ], [ -108.521778767912238, 39.625268143088128 ], [ -108.529469311436785, 39.621378136726314 ], [ -108.537615040607378, 39.618089281839126 ], [ -108.546137652372835, 39.615433158337829 ], [ -108.55495525709226, 39.613435264164295 ], [ -108.563983159985099, 39.612114772858661 ], [ -108.573134668235809, 39.611484351473308 ], [ -108.582321916306313, 39.611550040489703 ], [ -108.591456701871039, 39.612311196822581 ], [ -108.60045132471393, 39.61376050041568 ], [ -108.609219420907493, 39.615884024349974 ], [ -108.617676784635833, 39.618661367803604 ], [ -108.625742170123431, 39.622065850626285 ], [ -108.633338066289653, 39.626064767725765 ], [ -108.640391436965899, 39.630619700912511 ], [ -108.646834419786487, 39.635686885317192 ], [ -108.65260497719602, 39.641217626987469 ], [ -108.657647493403971, 39.647158767789371 ], [ -108.661913311560511, 39.653453193290289 ], [ -108.665361205924782, 39.660040378886954 ], [ -108.667957784346299, 39.666856969069528 ], [ -108.669677816979103, 39.67383738438199 ], [ -108.670504487794034, 39.680914450357122 ], [ -108.670429566143142, 39.688020042471578 ], [ -108.669453496357519, 39.695085740987366 ], [ -108.667585404120217, 39.70204348942287 ], [ -108.664843019143674, 39.708826250331391 ], [ -108.661252514489036, 39.715368652060143 ], [ -108.656848263684523, 39.72160762021867 ], [ -108.651672517625769, 39.727482987703382 ], [ -108.645775004058976, 39.732938077305128 ], [ -108.639212453254046, 39.737920251167296 ], [ -108.632048054253943, 39.74238142166331 ], [ -108.624350846832613, 39.746278518620613 ], [ -108.616195054993881, 39.749573908231817 ], [ -108.607659368489408, 39.752235759458522 ], [ -108.598826179414857, 39.754238354244087 ], [ -108.589780781450699, 39.755562338405042 ], [ -108.580610539741812, 39.756194910659467 ], [ -108.571404039747435, 39.756129947868494 ], [ -108.562250223638998, 39.755368065208891 ], [ -108.553237522970576, 39.753916610649767 ], [ -108.544452996394256, 39.751789593771569 ], [ -108.535981481138464, 39.749007549629397 ], [ -108.527904766814132, 39.745597339019852 ], [ -108.520300799860848, 39.741591887152261 ], [ -108.513242926599446, 39.737029863344794 ], [ -108.506799182422625, 39.731955304955953 ], [ -108.501031634139025, 39.726417189316237 ], [ -108.495995781895203, 39.720468957936617 ], [ -108.491740026444774, 39.714167997735693 ], [ -108.488305206822275, 39.707575084440109 ], [ -108.485724212723042, 39.700753793670543 ], [ -108.48402167509812, 39.693769885522478 ], [ -108.483213737656939, 39.686690668689714 ], [ -108.483307911139235, 39.679584350351213 ], [ -108.484303011382067, 39.672519378153268 ], [ -108.48618918137754, 39.66556378066602 ], [ -108.488947996698897, 39.658784512677435 ], [ -108.492552652878246, 39.652246811610695 ], [ -108.496968232552334, 39.646013571213999 ], [ -108.5021520494616, 39.640144738477645 ], [ -108.508054065697934, 39.634696739485236 ], [ -108.514617377951566, 39.629721939605851 ] ] ], [ [ [ -108.286581231523201, 39.990582701283287 ], [ -108.293794350553611, 39.986141069428072 ], [ -108.301537805226317, 39.982264194412174 ], [ -108.309737122196651, 39.978989310360518 ], [ -108.318313487115816, 39.976347862265619 ], [ -108.327184497915525, 39.974365206739094 ], [ -108.336264950992359, 39.973060370940203 ], [ -108.345467653002601, 39.97244587188495 ], [ -108.354704250782518, 39.972527597779681 ], [ -108.363886071773663, 39.973304752450922 ], [ -108.372924967256353, 39.974769863363534 ], [ -108.381734150677119, 39.976908853136429 ], [ -108.390229023398931, 39.979701173883811 ], [ -108.398327980302923, 39.983120003133948 ], [ -108.405953187831059, 39.987132499512917 ], [ -108.4130313272764, 39.991700115829651 ], [ -108.41949429640394, 39.996778966667954 ], [ -108.425279862818101, 40.002320247082842 ], [ -108.43033226288324, 40.008270698518629 ], [ -108.434602740448582, 40.014573117617672 ], [ -108.43805002012968, 40.021166903176315 ], [ -108.440640710449841, 40.027988636131568 ], [ -108.442349632748602, 40.034972687133006 ], [ -108.443160072412368, 40.04205184597209 ], [ -108.443063949676528, 40.049157966908936 ], [ -108.442061907979038, 40.056222623758607 ], [ -108.440163318611397, 40.063177768476059 ], [ -108.437386201205044, 40.069956386914392 ], [ -108.433757060405313, 40.076493145427705 ], [ -108.429310639909644, 40.082725022045828 ], [ -108.42408959587803, 40.088591916068317 ], [ -108.418144092547465, 40.094037230105279 ], [ -108.411531323693154, 40.099008418835773 ], [ -108.404314964363465, 40.103457499056098 ], [ -108.396564558066544, 40.107341515951262 ], [ -108.388354845290181, 40.110622960936844 ], [ -108.37976503988601, 40.113270136885923 ], [ -108.370878060432545, 40.115257467067124 ], [ -108.361779724201597, 40.116565744675363 ], [ -108.352557911780252, 40.1171823204267 ], [ -108.343301710739595, 40.117101226307923 ], [ -108.334100546985795, 40.116323234213588 ], [ -108.325043312575147, 40.114855848861126 ], [ -108.316217498819697, 40.112713235038093 ], [ -108.307708343453072, 40.109916079901943 ], [ -108.299598000468265, 40.106491391708765 ], [ -108.291964740981996, 40.102472236989847 ], [ -108.284882193129647, 40.097897418813645 ], [ -108.284012870051626, 40.097213397306042 ], [ -108.283460376944163, 40.097717781287969 ], [ -108.279361817496266, 40.100789536717151 ], [ -108.276672544429516, 40.107309526030782 ], [ -108.273025906599187, 40.113841903841795 ], [ -108.268562166124852, 40.120068252288782 ], [ -108.26332414711122, 40.125928523268044 ], [ -108.257362178673262, 40.131366182681049 ], [ -108.250733614755731, 40.136328758602311 ], [ -108.243502284264167, 40.140768350633543 ], [ -108.235737876702402, 40.144642095383006 ], [ -108.227515269216511, 40.147912583425445 ], [ -108.218913801592493, 40.150548223564975 ], [ -108.216453508716512, 40.151094522817829 ], [ -108.217472115560497, 40.152603195820994 ], [ -108.220906720204226, 40.159203883349953 ], [ -108.223482192783877, 40.166031003511499 ], [ -108.225173498259011, 40.173018874295643 ], [ -108.225964088960993, 40.180100247720354 ], [ -108.225846073891802, 40.187206955559823 ], [ -108.224820305351955, 40.19427056469172 ], [ -108.222896381656355, 40.201223035798066 ], [ -108.220092565492038, 40.207997379091921 ], [ -108.216435618287647, 40.214528300738912 ], [ -108.211960551792586, 40.220752833701049 ], [ -108.206710298896724, 40.22661094685089 ], [ -108.200735306547529, 40.232046126386848 ], [ -108.194093054434589, 40.237005923824277 ], [ -108.186847503897667, 40.241442465140906 ], [ -108.179068482265677, 40.245312916016971 ], [ -108.170831008539395, 40.248579898527076 ], [ -108.162214566980296, 40.25121185510843 ], [ -108.1562494362027, 40.252531506986287 ], [ -108.162369791817014, 40.254548131373561 ], [ -108.170492030936842, 40.257981961426054 ], [ -108.178136726786448, 40.262008650913707 ], [ -108.185230372210597, 40.266589517438064 ], [ -108.191704714008836, 40.2716805492608 ], [ -108.197497407818616, 40.277232825167218 ], [ -108.198684156246017, 40.278632136142576 ], [ -108.206261892682051, 40.276315540225056 ], [ -108.215175311503586, 40.274339901867805 ], [ -108.224298193754436, 40.273042256309033 ], [ -108.233542941851283, 40.27243505151722 ], [ -108.242820802098052, 40.272524105900771 ], [ -108.252042708800914, 40.273308553392781 ], [ -108.261120131125622, 40.274780852116109 ], [ -108.26996591495508, 40.276926856532853 ], [ -108.278495112046443, 40.279725952401073 ], [ -108.286625788889921, 40.283151253287002 ], [ -108.294279807830662, 40.287169856815432 ], [ -108.301383573234261, 40.291743158291709 ], [ -108.307868735753289, 40.296827218797262 ], [ -108.313672848086142, 40.302373184353456 ], [ -108.317105629201762, 40.306407325186406 ], [ -108.318779177444128, 40.300334956025829 ], [ -108.321576165432575, 40.293558549818627 ], [ -108.325226506808249, 40.287024609310798 ], [ -108.329694839153689, 40.280795989607491 ], [ -108.334937964656888, 40.274932590631892 ], [ -108.340905272418325, 40.269490783528148 ], [ -108.347539230283758, 40.264522871482811 ], [ -108.354775941301625, 40.260076590015387 ], [ -108.362545759359193, 40.256194651397934 ], [ -108.370773958061676, 40.252914337433644 ], [ -108.37938144648686, 40.250267144360187 ], [ -108.38828552507259, 40.248278483147502 ], [ -108.397400674580282, 40.246967437939979 ], [ -108.406639370821281, 40.246346584849341 ], [ -108.4159129176373, 40.246421872745955 ], [ -108.4251322904896, 40.247192567124699 ], [ -108.434208982934791, 40.248651257541852 ], [ -108.443055848247852, 40.250783928537722 ], [ -108.451587928494419, 40.253570093378116 ], [ -108.459723263455317, 40.256982989372922 ], [ -108.46738367196545, 40.260989832965095 ], [ -108.474495498447013, 40.265552132233189 ], [ -108.480990317692516, 40.270626053919358 ], [ -108.486805591286711, 40.276162841587009 ], [ -108.491885269446101, 40.282109281032056 ], [ -108.496180332500927, 40.288408208623032 ], [ -108.499649266744811, 40.294999057832712 ], [ -108.502258469930041, 40.301818438850546 ], [ -108.503982582290249, 40.308800745835327 ], [ -108.504804739622784, 40.315878786085086 ], [ -108.504716745657305, 40.322984425167853 ], [ -108.503719161671725, 40.330049241878186 ], [ -108.50182131208291, 40.337005186761047 ], [ -108.499041205536429, 40.343785237878372 ], [ -108.495405371834849, 40.350324047490005 ], [ -108.490948615873947, 40.356558573375423 ], [ -108.485713690589762, 40.362428688641685 ], [ -108.479750891748125, 40.367877764042483 ], [ -108.47311757822294, 40.372853217075352 ], [ -108.465877622198576, 40.37730702242493 ], [ -108.458100794486427, 40.381196178680064 ], [ -108.449862090854339, 40.384483126666673 ], [ -108.441241005920844, 40.387136115203973 ], [ -108.432320761754212, 40.389129510603972 ], [ -108.423187498829265, 40.390444046788673 ], [ -108.413929437426916, 40.391067013488879 ], [ -108.404636017902874, 40.390992380608779 ], [ -108.395397028498422, 40.390220857481467 ], [ -108.386301729515225, 40.388759886399569 ], [ -108.377437982721119, 40.386623570468501 ], [ -108.368891394798567, 40.383832536496712 ], [ -108.360744483488673, 40.380413734293874 ], [ -108.353075874827127, 40.376400174390767 ], [ -108.345959539515093, 40.371830606814044 ], [ -108.3394640760268, 40.366749144139256 ], [ -108.333652047529853, 40.361204832598972 ], [ -108.330215306453184, 40.357171366404785 ], [ -108.328541737765917, 40.363243866738117 ], [ -108.325743051893255, 40.370020460894942 ], [ -108.322088825015442, 40.37655451648719 ], [ -108.317614040224043, 40.382783036283911 ], [ -108.312361625439166, 40.388645950581854 ], [ -108.306382046461906, 40.394086698999061 ], [ -108.299732825553463, 40.399052778927583 ], [ -108.292477989995305, 40.403496255219089 ], [ -108.284687455838807, 40.407374226037511 ], [ -108.276436352760868, 40.410649240229283 ], [ -108.267804296594818, 40.413289662027793 ], [ -108.258874616692253, 40.415269979422852 ], [ -108.249733545783783, 40.41657105308073 ], [ -108.240469380436579, 40.417180303291872 ], [ -108.231171620545851, 40.417091833042939 ], [ -108.221930096543161, 40.416306485952809 ], [ -108.212834093149723, 40.414831838470228 ], [ -108.203971478546691, 40.41268212639573 ], [ -108.19542784777623, 40.409878106455821 ], [ -108.187285689026368, 40.406446854315206 ], [ -108.179623581193141, 40.402421501053936 ], [ -108.172515430758594, 40.397840910756265 ], [ -108.166029755579387, 40.392749302446688 ], [ -108.160229022652757, 40.387195820161814 ], [ -108.159040991564467, 40.385796178427356 ], [ -108.151449401499534, 40.388110165639624 ], [ -108.142519008610549, 40.390081490736492 ], [ -108.133378481033816, 40.39137330928142 ], [ -108.12411611026387, 40.391973131365901 ], [ -108.11482137881174, 40.391875151463978 ], [ -108.105584087584546, 40.391080305460534 ], [ -108.096493479936967, 40.389596261934081 ], [ -108.087637371263341, 40.38743734776623 ], [ -108.079101292938887, 40.384624408815974 ], [ -108.070967659256951, 40.381184607053711 ], [ -108.063314965747693, 40.377151156191466 ], [ -108.056217026907945, 40.372562998464645 ], [ -108.049742260926649, 40.367464425809047 ], [ -108.043953028461857, 40.361904649229373 ], [ -108.038905031924131, 40.355937320664808 ], [ -108.034646781052459, 40.349620012119829 ], [ -108.031219129847614, 40.343013657237634 ], [ -108.028654889158332, 40.336181960847327 ], [ -108.026978518414339, 40.329190782310505 ], [ -108.026205899172908, 40.322107498725593 ], [ -108.026344192305828, 40.315000354218618 ], [ -108.02739177980952, 40.307937801655406 ], [ -108.02933829138324, 40.300987843153486 ], [ -108.032164715096911, 40.294217375752261 ], [ -108.035843590669785, 40.287691548518978 ], [ -108.040339283110299, 40.281473137227806 ], [ -108.045608333733455, 40.275621942552206 ], [ -108.051599884879451, 40.270194217459341 ], [ -108.058256174011191, 40.265242129194171 ], [ -108.065513092271729, 40.260813260891204 ], [ -108.073300802040464, 40.256950157461326 ], [ -108.081544407538289, 40.253689919969048 ], [ -108.090164672101849, 40.251063852251185 ], [ -108.096131179409383, 40.249747569051479 ], [ -108.09001301180534, 40.247727343954473 ], [ -108.081895748182546, 40.244287652099139 ], [ -108.074258425745811, 40.240254295568448 ], [ -108.067174710323258, 40.23566621517503 ], [ -108.060712882863001, 40.230567701580931 ], [ -108.054935179541758, 40.225007964698854 ], [ -108.049897192241716, 40.219040655588429 ], [ -108.045647335171381, 40.212723345614599 ], [ -108.042226382684959, 40.206116968044633 ], [ -108.039667082589546, 40.199285227613878 ], [ -108.037993848428172, 40.192293983885222 ], [ -108.037222533402897, 40.185210614459969 ], [ -108.037360287763363, 40.178103364268438 ], [ -108.038405500644643, 40.171040687275251 ], [ -108.040347826501772, 40.164090586977387 ], [ -108.043168295466828, 40.157319962053982 ], [ -108.046839506155536, 40.15079396344597 ], [ -108.05132589868073, 40.144575369003292 ], [ -108.056584104897524, 40.138723981640844 ], [ -108.062563372212907, 40.133296056693105 ], [ -108.06920605664763, 40.128343763855568 ], [ -108.076448180242608, 40.123914688753011 ], [ -108.084220047359281, 40.120051378782215 ], [ -108.09244691393701, 40.116790937446446 ], [ -108.101049703338987, 40.114164670933491 ], [ -108.103509765495403, 40.113620840483087 ], [ -108.102494257032802, 40.112111036695147 ], [ -108.099073570189802, 40.1055062600445 ], [ -108.096513068521517, 40.098675748199312 ], [ -108.094837178672549, 40.091685348966465 ], [ -108.094061780973874, 40.08460243198774 ], [ -108.094194066510511, 40.077495238100525 ], [ -108.095232478507739, 40.070432221071954 ], [ -108.097166738190211, 40.063481388085783 ], [ -108.099977954447411, 40.056709645340682 ], [ -108.103638815840682, 40.050182155039643 ], [ -108.10677618788975, 40.045821247273039 ], [ -108.104508755596953, 40.044620718938837 ], [ -108.097444283197945, 40.040033670788965 ], [ -108.090999764579465, 40.034936089781326 ], [ -108.085237269557481, 40.029377176104106 ], [ -108.080212244417709, 40.023410572199438 ], [ -108.075972979904549, 40.017093842031358 ], [ -108.072560150176272, 40.010487912777435 ], [ -108.070006427006575, 40.003656484472749 ], [ -108.068336172714993, 39.996665413429014 ], [ -108.067565214487288, 39.989582075486233 ], [ -108.067700701911207, 39.982474715323875 ], [ -108.068741048713889, 39.975411788166355 ], [ -108.070675958853613, 39.968461300261126 ], [ -108.073486536299029, 39.961690154488785 ], [ -108.077145477031934, 39.955163507384057 ], [ -108.081617341043028, 39.948944143706896 ], [ -108.086858901357289, 39.943091874506315 ], [ -108.08841417737419, 39.941675454445416 ], [ -108.087483257004891, 39.939872140014032 ], [ -108.084931148797935, 39.933040926235634 ], [ -108.083261567213739, 39.926049989965918 ], [ -108.082490333936462, 39.918966705733155 ], [ -108.082624602204959, 39.911859317741268 ], [ -108.083662798476396, 39.904796281578108 ], [ -108.085594648357528, 39.897845604686403 ], [ -108.088401286139387, 39.891074191956648 ], [ -108.092055446475683, 39.884547202721464 ], [ -108.096521735978158, 39.878327425290976 ], [ -108.101756981770819, 39.872474674972601 ], [ -108.107710653356094, 39.867045221267972 ], [ -108.114325353501243, 39.862091249637963 ], [ -108.121537373259741, 39.85766036287923 ], [ -108.129277305700569, 39.853795126763032 ], [ -108.137470712431806, 39.850532664157512 ], [ -108.146038836575187, 39.847904301387899 ], [ -108.154899355476502, 39.845935270094046 ], [ -108.163967166123484, 39.844644467322546 ], [ -108.173155195989281, 39.844044276046866 ], [ -108.182375231825176, 39.844140447749687 ], [ -108.191538758791353, 39.844932048128598 ], [ -108.20055780223943, 39.846411466406558 ], [ -108.209345764444194, 39.848564488145364 ], [ -108.217818248625107, 39.851370430878802 ], [ -108.225893862700161, 39.854802341306289 ], [ -108.233494995375239, 39.858827252222689 ], [ -108.24054855739098, 39.863406496809532 ], [ -108.246986681025959, 39.86849607738155 ], [ -108.25274737128936, 39.874047085174986 ], [ -108.25777510262688, 39.880006167283852 ], [ -108.262021355410383, 39.886316036403088 ], [ -108.265445086981984, 39.892916018624504 ], [ -108.268013132576982, 39.899742634160226 ], [ -108.269700532051857, 39.906730205539674 ], [ -108.27049077899467, 39.913811487544265 ], [ -108.27037598948705, 39.920918312914004 ], [ -108.26935698851932, 39.92798224768223 ], [ -108.267443312824938, 39.934935249873895 ], [ -108.264653129692874, 39.941710325239569 ], [ -108.261013072128534, 39.948242173694979 ], [ -108.256557991558608, 39.954467820194473 ], [ -108.251330630104022, 39.960327223886978 ], [ -108.249778469818878, 39.961745712431266 ], [ -108.250713907630853, 39.963547534147729 ], [ -108.253283631415542, 39.9703743593765 ], [ -108.254971771284488, 39.977362064500561 ], [ -108.25563384640256, 39.983296539584941 ], [ -108.255766409137976, 39.983340286789414 ], [ -108.263859734791055, 39.986768782387024 ], [ -108.271478085386093, 39.990790443447843 ], [ -108.278548206937117, 39.995366634832102 ], [ -108.27941611357987, 39.99605076168455 ], [ -108.279967867125364, 39.99554642139983 ], [ -108.286581231523201, 39.990582701283287 ] ] ], [ [ [ -108.956864673179552, 40.607816491496706 ], [ -108.964093298012131, 40.603332365039968 ], [ -108.971862846961798, 40.599409376789488 ], [ -108.980098591805557, 40.596085201332322 ], [ -108.988721365983508, 40.593391754274485 ], [ -108.997648321327148, 40.59135488861682 ], [ -109.006793718506472, 40.589994149070996 ], [ -109.016069743866666, 40.589322586557337 ], [ -109.025387345125822, 40.589346634567853 ], [ -109.034657078264559, 40.590066048507907 ], [ -109.04378995785892, 40.591473908551109 ], [ -109.052698303086643, 40.593556685961012 ], [ -109.061296571675513, 40.596294372252444 ], [ -109.06950217415978, 40.599660669990648 ], [ -109.077236260966643, 40.603623243461811 ], [ -109.084424475069284, 40.608144026898294 ], [ -109.090997663215006, 40.613179587410215 ], [ -109.096892539067127, 40.618681539266802 ], [ -109.102052291986126, 40.624597005689488 ], [ -109.10642713561748, 40.630869123868621 ], [ -109.10997479095208, 40.637437588501328 ], [ -109.112660899074044, 40.644239228772044 ], [ -109.114459359412677, 40.651208613365476 ], [ -109.115352589963535, 40.658278677814685 ], [ -109.11533170663661, 40.665381368251694 ], [ -109.114396619622624, 40.672448295443971 ], [ -109.112556045435966, 40.679411392872545 ], [ -109.109827434088785, 40.686203572537387 ], [ -109.106236811668992, 40.692759372165412 ], [ -109.101818539426503, 40.699015587547514 ], [ -109.096614991309863, 40.704911883842833 ], [ -109.090676152728165, 40.710391379864014 ], [ -109.084059144134002, 40.715401199592648 ], [ -109.076827673818741, 40.719892985469755 ], [ -109.069051425073482, 40.723823368361344 ], [ -109.060805383586384, 40.727154389507419 ], [ -109.052169111609103, 40.729853870224538 ], [ -109.043225976022626, 40.731895725640129 ], [ -109.034062337956541, 40.733260219287395 ], [ -109.024766712056461, 40.733934155976769 ], [ -109.015428903847209, 40.733911010977259 ], [ -109.006139133895601, 40.733190994181157 ], [ -108.996987157634479, 40.731781048582796 ], [ -108.988061389764582, 40.729694783066357 ], [ -108.979448042102945, 40.726952340164416 ], [ -108.971230283595986, 40.723580200107229 ], [ -108.963487430963767, 40.719610923127149 ], [ -108.956294178095035, 40.715082832605155 ], [ -108.94971987187435, 40.710039642239067 ], [ -108.943827841599656, 40.704530030970773 ], [ -108.938674788551154, 40.698607169925261 ], [ -108.934310241606838, 40.692328206082365 ], [ -108.930776084077436, 40.68575370781852 ], [ -108.92810615616537, 40.678947077816751 ], [ -108.926325936646862, 40.671973939143413 ], [ -108.925452306545623, 40.664901500531386 ], [ -108.925493396722558, 40.657797907085673 ], [ -108.92644852045467, 40.650731582740768 ], [ -108.928308191233157, 40.643770570849092 ], [ -108.931054225178812, 40.636981879265655 ], [ -108.934659926665546, 40.630430836219958 ], [ -108.939090354963611, 40.62418046312996 ], [ -108.944302668972284, 40.618290870322035 ], [ -108.950246546410312, 40.612818681373454 ], [ -108.956864673179552, 40.607816491496706 ] ] ], [ [ [ -108.860250229719071, 40.802398713955021 ], [ -108.866893242611454, 40.797400660684254 ], [ -108.874147939342365, 40.792921083737703 ], [ -108.881944496332693, 40.7890030134676 ], [ -108.890207927180199, 40.785684076621273 ], [ -108.898858801012139, 40.782996138038335 ], [ -108.907814001670189, 40.780964997527377 ], [ -108.91698752063796, 40.779610144699589 ], [ -108.926291276362079, 40.778944573995837 ], [ -108.935635952417854, 40.778974661585387 ], [ -108.944931846831622, 40.779700105245006 ], [ -108.954089724791288, 40.781113927748272 ], [ -108.963021666956664, 40.783202543714587 ], [ -108.97164190561962, 40.785945889286133 ], [ -108.979867641062185, 40.78931761342767 ], [ -108.987619830616723, 40.793285329078763 ], [ -108.994823943147864, 40.797810921838632 ], [ -109.001410671948122, 40.802850913332001 ], [ -109.007316599370441, 40.808356875896777 ], [ -109.00783256760046, 40.808947862609308 ], [ -109.009134132379558, 40.808651451444909 ], [ -109.018308710218662, 40.807288445164005 ], [ -109.027614640840369, 40.806614551870936 ], [ -109.036962587018323, 40.806636227281892 ], [ -109.046262815658508, 40.80735324959052 ], [ -109.055426050795404, 40.808758722105843 ], [ -109.064364322276219, 40.810839139347095 ], [ -109.072991802380599, 40.813574515971155 ], [ -109.081225622720737, 40.816938577333012 ], [ -109.088986663922256, 40.820899009916033 ], [ -109.096200310800555, 40.825417769318236 ], [ -109.102797166020324, 40.830451442949467 ], [ -109.108713715555183, 40.835951664086537 ], [ -109.113892939651805, 40.841865573451123 ], [ -109.118284863445965, 40.848136324026207 ], [ -109.121847041875512, 40.854703624411165 ], [ -109.124544974086646, 40.861504315640374 ], [ -109.126352443131665, 40.868472976057461 ], [ -109.127251777406343, 40.875542548550385 ], [ -109.127234030969603, 40.882644984216434 ], [ -109.126299080623212, 40.889711896341979 ], [ -109.124455638398175, 40.896675218453623 ], [ -109.121721178893992, 40.903467860126874 ], [ -109.118121781736775, 40.910024354227325 ], [ -109.113691890257471, 40.91628148931013 ], [ -109.108473988331781, 40.922178921014975 ], [ -109.106819367482316, 40.9237017079423 ], [ -109.10890371846051, 40.92667422644822 ], [ -109.11246986153445, 40.933241594068058 ], [ -109.115170718207352, 40.940042329911932 ], [ -109.116980042364887, 40.947011012016141 ], [ -109.117880143437844, 40.954080583124053 ], [ -109.117862066946614, 40.961182994349912 ], [ -109.116925691707195, 40.968249859158277 ], [ -109.115079742343127, 40.975213111415613 ], [ -109.112341716546851, 40.982005661199999 ], [ -109.108737727356086, 40.988562042044023 ], [ -109.104302261546479, 40.994819043336079 ], [ -109.099077856083241, 41.000716321717391 ], [ -109.093114695413078, 41.006196985485481 ], [ -109.086470133201686, 41.011208146251668 ], [ -109.079208142923449, 41.015701432393904 ], [ -109.07139870247596, 41.019633459202076 ], [ -109.063117118714587, 41.022966251020549 ], [ -109.054443298468001, 41.025667611154539 ], [ -109.045460973197791, 41.027711435814979 ], [ -109.036256884991971, 41.029077968927204 ], [ -109.026919942026908, 41.029753995216211 ], [ -109.017540351987037, 41.029732969598562 ], [ -109.008208742190035, 41.029015081552089 ], [ -108.999015275324496, 41.027607253791274 ], [ -108.990048769762893, 41.025523075241942 ], [ -108.98139583336399, 41.02278266897509 ], [ -108.973140019528245, 41.019412496418816 ], [ -108.970458518170531, 41.018045012056824 ], [ -108.968934596189399, 41.019441207146947 ], [ -108.962278769622145, 41.024445671605172 ], [ -108.955006304418617, 41.028931554640742 ], [ -108.947187280769697, 41.032855542918234 ], [ -108.938897099202507, 41.036179738418546 ], [ -108.930215750640428, 41.0388720275892 ], [ -108.92122704020268, 41.040906394474838 ], [ -108.912017772443775, 41.042263174661713 ], [ -108.902676906176154, 41.042929247457977 ], [ -108.893294687372816, 41.04289816434936 ], [ -108.883961768904342, 41.0421702124113 ], [ -108.874768326021282, 41.040752412016026 ], [ -108.865803176547658, 41.038658448838277 ], [ -108.85715291470116, 41.035908540829944 ], [ -108.848901067302393, 41.032529241493428 ], [ -108.841127280881338, 41.028553181427135 ], [ -108.833906547838197, 41.024018750739465 ], [ -108.827308479372917, 41.018969725520371 ], [ -108.821396632371034, 41.013454842116275 ], [ -108.816227896830071, 41.007527323469617 ], [ -108.811851949740543, 41.001244362251335 ], [ -108.808310780608011, 40.994666565930721 ], [ -108.805638293028622, 40.987857369285898 ], [ -108.803859985920369, 40.980882420159055 ], [ -108.802992717177048, 40.97380894449897 ], [ -108.803044551662026, 40.966705096909571 ], [ -108.80401469460493, 40.959639303034876 ], [ -108.805893510615547, 40.952679600159485 ], [ -108.808662627695441, 40.945892982388955 ], [ -108.812295124815975, 40.939344756697949 ], [ -108.816755800850203, 40.933097915998459 ], [ -108.822001521902038, 40.927212535186996 ], [ -108.827981643372738, 40.921745195882437 ], [ -108.834638502450034, 40.916748445267864 ], [ -108.841907976099876, 40.912270294104239 ], [ -108.847720414525625, 40.909356373970127 ], [ -108.84773867316369, 40.906625590286367 ], [ -108.84870362737783, 40.899559612643259 ], [ -108.850576469133699, 40.892599407459848 ], [ -108.851155406460677, 40.891177030217186 ], [ -108.8485477946396, 40.888182720379504 ], [ -108.8441776347955, 40.881900673965347 ], [ -108.840640624149273, 40.875323626358735 ], [ -108.837970627732545, 40.868515004936476 ], [ -108.836193122127312, 40.861540451905711 ], [ -108.835324959271148, 40.854467189404318 ], [ -108.835374214440307, 40.847363370085851 ], [ -108.836340119476858, 40.840297419519352 ], [ -108.83821308147833, 40.833337376782772 ], [ -108.840974786335892, 40.826550239615123 ], [ -108.844598385697111, 40.820001320415663 ], [ -108.849048765148723, 40.813753619243691 ], [ -108.854282890671712, 40.807867219778757 ], [ -108.860250229719071, 40.802398713955021 ] ] ], [ [ [ -107.766579441570642, 37.13750248526744 ], [ -107.774495667875357, 37.134275127018469 ], [ -107.782768266051349, 37.131683988979894 ], [ -107.791317737128793, 37.129753952496472 ], [ -107.800061946380396, 37.128503545994448 ], [ -107.808916906622215, 37.127944768787636 ], [ -107.817797578481859, 37.128082977149262 ], [ -107.826618680252849, 37.128916833685018 ], [ -107.835295499881497, 37.130438320459078 ], [ -107.843744701620295, 37.132632815736464 ], [ -107.851885119926848, 37.135479233620856 ], [ -107.859638533292383, 37.138950225286692 ], [ -107.866930410845484, 37.143012439936584 ], [ -107.873690624797391, 37.147626843062383 ], [ -107.879854122071933, 37.152749089054986 ], [ -107.88536154879651, 37.158329944699879 ], [ -107.890159821719621, 37.164315759615697 ], [ -107.894202641062478, 37.170648979245996 ], [ -107.897439303164774, 37.177244983658312 ], [ -107.897769084209145, 37.177223916929954 ], [ -107.906655255052115, 37.177355204074907 ], [ -107.915482663444962, 37.178182144669513 ], [ -107.92416653735313, 37.179696786934372 ], [ -107.932623473973024, 37.181884574664984 ], [ -107.940772234242971, 37.184724486253145 ], [ -107.948534517342765, 37.188189235311818 ], [ -107.955835708022008, 37.192245531039717 ], [ -107.962605589818253, 37.196854395909341 ], [ -107.968779017501873, 37.201971537728873 ], [ -107.974296542418188, 37.207547772620366 ], [ -107.979104984784939, 37.2135294949761 ], [ -107.983157947445861, 37.219859190008918 ], [ -107.984774489069764, 37.2231421322156 ], [ -107.993389199552908, 37.223262776720304 ], [ -108.002222503014906, 37.224082962093988 ], [ -108.010913007413919, 37.225590917625688 ], [ -108.019377246926453, 37.227772151127034 ], [ -108.027533913087822, 37.230605703803249 ], [ -108.035304629924454, 37.234064350284967 ], [ -108.042614701968503, 37.238114858413745 ], [ -108.049393828210086, 37.242718306370179 ], [ -108.055576775318727, 37.247830454200596 ], [ -108.061104003798448, 37.253402166289355 ], [ -108.065922241127964, 37.259379880844293 ], [ -108.069984996380043, 37.265706122015011 ], [ -108.073253011307472, 37.272320049854059 ], [ -108.075694643427227, 37.279158042960873 ], [ -108.077286177226156, 37.286154308323816 ], [ -108.078012060246223, 37.29324151259798 ], [ -108.077865061484474, 37.300351428830808 ], [ -108.076846350252907, 37.307415592475635 ], [ -108.074965494386078, 37.314365960417433 ], [ -108.072240377449702, 37.321135566678706 ], [ -108.068697035386606, 37.32765916847702 ], [ -108.064369413829652, 37.333873876369807 ], [ -108.059299048105387, 37.339719762349404 ], [ -108.053534668740127, 37.345140439939087 ], [ -108.047131736050531, 37.350083610589913 ], [ -108.04015190814701, 37.354501570986706 ], [ -108.032662447387509, 37.358351676236218 ], [ -108.024735570984788, 37.361596754330201 ], [ -108.01644775208122, 37.364205467745087 ], [ -108.0078789781534, 37.366152618554928 ], [ -107.999111974085395, 37.367419393989671 ], [ -107.990231397649012, 37.367993549961085 ], [ -107.988963102029999, 37.367975934307225 ], [ -107.983899381876014, 37.371176417932801 ], [ -107.976405196060881, 37.375023142855767 ], [ -107.968473926938529, 37.378264617328 ], [ -107.960182090523247, 37.380869538663653 ], [ -107.951609713512283, 37.382812745644749 ], [ -107.942839555960873, 37.384075463718702 ], [ -107.933956306405506, 37.384645488147093 ], [ -107.925045757491475, 37.384517303250377 ], [ -107.916193970385265, 37.38369213653332 ], [ -107.907486436383181, 37.382177947131005 ], [ -107.8990072441633, 37.379989348676112 ], [ -107.890838261066989, 37.377147467349872 ], [ -107.883058336640786, 37.373679736531308 ], [ -107.875742536420475, 37.36961963009685 ], [ -107.868961413601383, 37.365006337037237 ], [ -107.862780325817525, 37.359884380642718 ], [ -107.857258803752075, 37.354303186057095 ], [ -107.852449977733414, 37.348316600507857 ], [ -107.848400067838227, 37.341982370979267 ], [ -107.845147942340063, 37.335361584503872 ], [ -107.842724748613463, 37.328518076600297 ], [ -107.841153619842785, 37.321517813679378 ], [ -107.840449460099052, 37.314428255473892 ], [ -107.840618809549412, 37.307317703718425 ], [ -107.84107000072693, 37.30425649855998 ], [ -107.838393886495396, 37.302432895994521 ], [ -107.832220181954057, 37.297308994351049 ], [ -107.826705715429881, 37.291726036816577 ], [ -107.821903549168837, 37.285737887345697 ], [ -107.817859839136929, 37.279402307715102 ], [ -107.814625021943115, 37.272804117913964 ], [ -107.814294787261048, 37.272824970747436 ], [ -107.805397088667576, 37.272687203284484 ], [ -107.796559244881337, 37.271852462862675 ], [ -107.787866611346274, 37.270328801385617 ], [ -107.779403131532391, 37.26813092416176 ], [ -107.778750036318115, 37.267902573316967 ], [ -107.778485223024006, 37.268386330343745 ], [ -107.774136072623378, 37.274591309848553 ], [ -107.769046079201004, 37.280425553771146 ], [ -107.763264165190179, 37.28583278734866 ], [ -107.756845962679606, 37.290760841419321 ], [ -107.749853279650438, 37.295162158485859 ], [ -107.742353504878082, 37.298994254490516 ], [ -107.734418957220697, 37.302220131707998 ], [ -107.726126185625546, 37.304808638634398 ], [ -107.717555226728706, 37.306734773266029 ], [ -107.708788827398294, 37.307979926719973 ], [ -107.699911639966274, 37.308532064739047 ], [ -107.691009398204997, 37.308385845243464 ], [ -107.682168082325532, 37.307542670732779 ], [ -107.673473081402733, 37.306010674995711 ], [ -107.665008361664988, 37.303804644248267 ], [ -107.656855649022702, 37.30094587348006 ], [ -107.649093634051738, 37.297461959442245 ], [ -107.641797207396479, 37.293386532346183 ], [ -107.635036733217831, 37.28875892895622 ], [ -107.628877367887625, 37.283623810343066 ], [ -107.623378430630325, 37.278030728112604 ], [ -107.618592832242442, 37.272033643429509 ], [ -107.614566567387868, 37.265690403614478 ], [ -107.611338275283202, 37.259062181499409 ], [ -107.60893887285917, 37.252212883076531 ], [ -107.607391263723414, 37.245208529269675 ], [ -107.606710125465284, 37.238116617887307 ], [ -107.606901777044854, 37.231005471986592 ], [ -107.607964127204482, 37.223943580983281 ], [ -107.609886704042893, 37.216998940885809 ], [ -107.612650765104178, 37.210238400012024 ], [ -107.6162294865684, 37.203727016466281 ], [ -107.620588229390478, 37.197527433514786 ], [ -107.625684879527952, 37.191699278799476 ], [ -107.631470258730616, 37.1862985930793 ], [ -107.6378886017403, 37.181377293886023 ], [ -107.644878095172217, 37.176982679130766 ], [ -107.652371472821471, 37.173156975304728 ], [ -107.660296661664773, 37.169936934484404 ], [ -107.66857747240725, 37.167353483883076 ], [ -107.677134328061854, 37.165431431191386 ], [ -107.685885023741889, 37.164189228424362 ], [ -107.694745510601024, 37.163638796445056 ], [ -107.703630696664561, 37.16378541177059 ], [ -107.712455257166695, 37.16462765668993 ], [ -107.721134446936247, 37.166157433138501 ], [ -107.729584907361584, 37.16836004018726 ], [ -107.730236993437032, 37.168588706431954 ], [ -107.730501813036142, 37.168105051863606 ], [ -107.734849074586307, 37.161901680485578 ], [ -107.73993440435973, 37.156069019854776 ], [ -107.745708732260113, 37.15066315447325 ], [ -107.752116398452387, 37.145736051989097 ], [ -107.75909569126722, 37.141335066311349 ], [ -107.766579441570642, 37.13750248526744 ] ] ], [ [ [ -107.753671693253082, 37.481772780463118 ], [ -107.760680827995174, 37.477370673464655 ], [ -107.76819683586821, 37.473536838962652 ], [ -107.77614742632349, 37.470308106116534 ], [ -107.784456166581379, 37.467715484622467 ], [ -107.793043212511023, 37.465783869306513 ], [ -107.801826070925642, 37.464531803177785 ], [ -107.810720386204963, 37.463971301117844 ], [ -107.819640743967568, 37.464107735818381 ], [ -107.828501484383708, 37.464939787003601 ], [ -107.837217517648412, 37.466459454389792 ], [ -107.845705134120166, 37.468652134247733 ], [ -107.853882801677315, 37.471496758848417 ], [ -107.861671942947709, 37.474965997494174 ], [ -107.868997685229914, 37.479026517268736 ], [ -107.875789576144143, 37.483639301087948 ], [ -107.881982258328534, 37.488760020099569 ], [ -107.887516096830268, 37.494339456973059 ], [ -107.892337753229782, 37.500323976140088 ], [ -107.896400700980067, 37.506656036599431 ], [ -107.899665676938284, 37.5132747424909 ], [ -107.90210106461349, 37.520116426272637 ], [ -107.903683205247049, 37.527115259012056 ], [ -107.904396633481312, 37.534203882023931 ], [ -107.904234235049699, 37.541314053863559 ], [ -107.903197324635869, 37.548377306511391 ], [ -107.90129564279458, 37.555325604471001 ], [ -107.898547271595334, 37.562092000445922 ], [ -107.894978469436651, 37.568611281265312 ], [ -107.890623426274828, 37.574820597793824 ], [ -107.885523941308989, 37.580660072688659 ], [ -107.879729025954759, 37.586073380056206 ], [ -107.873294435712921, 37.591008291310089 ], [ -107.86628213528796, 37.595417181842635 ], [ -107.858759702023463, 37.599257493487372 ], [ -107.850799673389218, 37.602492148170995 ], [ -107.842478844867159, 37.605089908623235 ], [ -107.83387752513346, 37.607025682529418 ], [ -107.825078755910951, 37.608280767066923 ], [ -107.816167504266502, 37.60884303135748 ], [ -107.807229835440722, 37.608707034987368 ], [ -107.798352074522171, 37.607874081387571 ], [ -107.789619965408292, 37.60635220552161 ], [ -107.781117835529528, 37.604156095990277 ], [ -107.772927774751253, 37.601306952324215 ], [ -107.765128836710034, 37.597832278887573 ], [ -107.757796270589964, 37.593765617453798 ], [ -107.751000791003918, 37.58914622112853 ], [ -107.744807893220269, 37.584018672879374 ], [ -107.739277220472758, 37.578432452480662 ], [ -107.734461989518721, 37.57244145618732 ], [ -107.73040847997585, 37.56610347391193 ], [ -107.727155592280326, 37.559479629085544 ], [ -107.724734478378025, 37.552633786735065 ], [ -107.723168248496279, 37.545631935603346 ], [ -107.72247175655464, 37.538541550369807 ], [ -107.722651465971609, 37.53143094019979 ], [ -107.72370539681647, 37.524368589957675 ], [ -107.725623154452919, 37.517422500461429 ], [ -107.728386039030752, 37.510659534138433 ], [ -107.731967234412053, 37.504144772361158 ], [ -107.736332074375838, 37.497940890602038 ], [ -107.741438383235604, 37.492107557349939 ], [ -107.74723688733414, 37.486700862479523 ], [ -107.753671693253082, 37.481772780463118 ] ] ], [ [ [ -107.649033539078218, 37.673129175029402 ], [ -107.656066520470517, 37.668732488995097 ], [ -107.663606990267738, 37.66490448518757 ], [ -107.671582424213, 37.661681936238963 ], [ -107.679916152449096, 37.659095792084734 ], [ -107.688528092598091, 37.657170885140161 ], [ -107.697335514259109, 37.65592569395568 ], [ -107.706253827818685, 37.655372167521307 ], [ -107.715197390278547, 37.655515611826708 ], [ -107.724080320674773, 37.656354639707715 ], [ -107.732817317591142, 37.657881184426344 ], [ -107.741324471255865, 37.660080576845111 ], [ -107.749520062758066, 37.662931685471101 ], [ -107.757325343023993, 37.666407118067497 ], [ -107.764665284356582, 37.670473482961604 ], [ -107.771469297562334, 37.675091707627168 ], [ -107.777671907967559, 37.680217411585595 ], [ -107.78321338396043, 37.6858013301634 ], [ -107.788040312085812, 37.691789785162868 ], [ -107.79210611316347, 37.698125198057426 ], [ -107.795371494397642, 37.704746640912006 ], [ -107.797804832993222, 37.711590419861196 ], [ -107.79938248738884, 37.718590685652224 ], [ -107.800089032857116, 37.725680065484006 ], [ -107.799917418902155, 37.732790310148211 ], [ -107.798869046601411, 37.739852950306833 ], [ -107.796953764785201, 37.746799955626329 ], [ -107.794189784719165, 37.753564390433056 ], [ -107.790603513743051, 37.76008105955853 ], [ -107.786229309118895, 37.766287138110023 ], [ -107.781109154141021, 37.772122779029139 ], [ -107.77529225935433, 37.77753169249133 ], [ -107.768834592503211, 37.782461691449591 ], [ -107.761798341584537, 37.786865197935846 ], [ -107.754251316092507, 37.790699705100117 ], [ -107.746266292212553, 37.793928190388954 ], [ -107.737920308336101, 37.796519475735451 ], [ -107.729293917818552, 37.798448531149845 ], [ -107.720470406382191, 37.799696718657096 ], [ -107.711534981964775, 37.800251974119263 ], [ -107.702573945129473, 37.800108925100567 ], [ -107.693673848375113, 37.799268943574596 ], [ -107.684920652815592, 37.797740132927821 ], [ -107.676398890730511, 37.795537249377112 ], [ -107.668190842425815, 37.792681558578778 ], [ -107.660375735683033, 37.789200628861337 ], [ -107.653028975823432, 37.78512806314999 ], [ -107.646221414069387, 37.780503172265867 ], [ -107.640018661459166, 37.775370592867084 ], [ -107.634480455064903, 37.769779853846465 ], [ -107.629660082688773, 37.763784895506966 ], [ -107.625603871574185, 37.757443546293977 ], [ -107.622350745978366, 37.75081696227064 ], [ -107.619931857719237, 37.743969034873295 ], [ -107.61837029304165, 37.736965772776031 ], [ -107.617680858357431, 37.729874663925351 ], [ -107.61786994660882, 37.722764023974264 ], [ -107.618935485195465, 37.715702337451518 ], [ -107.620866965600385, 37.70875759804342 ], [ -107.623645554058385, 37.7019966543469 ], [ -107.627244281838998, 37.695484567370237 ], [ -107.631628312972097, 37.689283985918102 ], [ -107.636755286534296, 37.683454545799691 ], [ -107.642575729943047, 37.678052298547193 ], [ -107.649033539078218, 37.673129175029402 ] ] ], [ [ [ -107.989350020554625, 37.832785379181544 ], [ -107.995796372502809, 37.827843741330831 ], [ -108.002821513121162, 37.823426684139747 ], [ -108.010357831118625, 37.819576647582174 ], [ -108.018332839833079, 37.816330615192406 ], [ -108.026669871764369, 37.813719761497872 ], [ -108.035288811697399, 37.811769155092811 ], [ -108.044106861554724, 37.810497520087573 ], [ -108.053039329868483, 37.809917058122373 ], [ -108.062000438569825, 37.810033332571493 ], [ -108.070904139661124, 37.810845215988316 ], [ -108.079664934263519, 37.812344901258506 ], [ -108.088198686517373, 37.814517976342543 ], [ -108.096423424857818, 37.817343561904124 ], [ -108.104260123290402, 37.820794510542811 ], [ -108.111633455453358, 37.824837665781267 ], [ -108.11847251447125, 37.829434178405478 ], [ -108.124711491882024, 37.834539877223683 ], [ -108.130290309251095, 37.840105690801096 ], [ -108.135155196475381, 37.846078116247888 ], [ -108.139259211222125, 37.852399730689918 ], [ -108.142562694442745, 37.85900974064149 ], [ -108.145033657447868, 37.865844564128757 ], [ -108.146648096623125, 37.872838440086767 ], [ -108.147390232504051, 37.879924059274842 ], [ -108.147252670607529, 37.887033210727871 ], [ -108.146236482132679, 37.894097437587568 ], [ -108.144351203391111, 37.901048696041592 ], [ -108.141614753597082, 37.907820011039099 ], [ -108.138053271437897, 37.91434612245434 ], [ -108.133700871644464, 37.920564115432363 ], [ -108.12859932358316, 37.926414028776335 ], [ -108.12279765468594, 37.931839435422681 ], [ -108.116351682314047, 37.936787989298089 ], [ -108.10932347840405, 37.941211933159344 ], [ -108.101780771963391, 37.945068562381188 ], [ -108.0937962951553, 37.948320640076027 ], [ -108.085447079331715, 37.950936759397464 ], [ -108.076813707927883, 37.952891649394864 ], [ -108.067979533616366, 37.954166421340567 ], [ -108.059029867521943, 37.95474875304248 ], [ -108.050051148618792, 37.954633009272889 ], [ -108.041130101659249, 37.953820297084626 ], [ -108.032352892118368, 37.952318455441755 ], [ -108.023804286675883, 37.95014197925299 ], [ -108.015566827698095, 37.947311878558359 ], [ -108.007720030026391, 37.943855474273676 ], [ -108.000339608128883, 37.939806132534976 ], [ -107.993496741332279, 37.935202940300982 ], [ -107.987257384425263, 37.930090325457655 ], [ -107.981681630421662, 37.924517625218762 ], [ -107.976823131696946, 37.918538607124177 ], [ -107.972728585074208, 37.912210947398862 ], [ -107.969437285745599, 37.905595671844104 ], [ -107.966980754180398, 37.898756564786609 ], [ -107.965382439402561, 37.89175955190526 ], [ -107.964657501228231, 37.884672062989956 ], [ -107.964812673246541, 37.877562380857867 ], [ -107.96584620751581, 37.8704989827609 ], [ -107.967747901139489, 37.863549880663051 ], [ -107.97049920409178, 37.856781966748535 ], [ -107.974073406888593, 37.850260370442591 ], [ -107.978435905952026, 37.844047833088439 ], [ -107.983544543804683, 37.838204106227607 ], [ -107.989350020554625, 37.832785379181544 ] ] ], [ [ [ -107.743423399619601, 38.144528955354083 ], [ -107.752426390571273, 38.144667265290508 ], [ -107.761368983720686, 38.145501116579908 ], [ -107.770165309131897, 38.147022492541083 ], [ -107.778730891439821, 38.149216774352851 ], [ -107.786983454293065, 38.152062880593043 ], [ -107.794843704497509, 38.155533468335186 ], [ -107.80223608862201, 38.159595193938408 ], [ -107.809089515048143, 38.164209031114687 ], [ -107.815338034723837, 38.169330643325161 ], [ -107.820921474215822, 38.174910807049955 ], [ -107.825786015046532, 38.180895881995653 ], [ -107.829884713745827, 38.18722832385869 ], [ -107.833177957546624, 38.193847234852242 ], [ -107.835633851202061, 38.200688946834759 ], [ -107.83722853099944, 38.207687631553789 ], [ -107.837946402688175, 38.214775932240585 ], [ -107.837780300722784, 38.221885610565394 ], [ -107.836731566941538, 38.228948202791415 ], [ -107.834810047553148, 38.235895678849033 ], [ -107.833508083230384, 38.239068817059078 ], [ -107.837935299386487, 38.24348704633389 ], [ -107.842806118666417, 38.249471120163122 ], [ -107.846910486452089, 38.255802692966732 ], [ -107.850208735029995, 38.262420875582535 ], [ -107.852668920451521, 38.269262007121348 ], [ -107.85426713703508, 38.276260265131697 ], [ -107.854688092812395, 38.280401023105142 ], [ -107.8581041762166, 38.281903883494827 ], [ -107.86551309167605, 38.285960900531165 ], [ -107.87238267641446, 38.290570324869563 ], [ -107.878646826690982, 38.295687862854095 ], [ -107.884245219163475, 38.301264330662647 ], [ -107.889123891644942, 38.307246124114506 ], [ -107.893235764527645, 38.313575731066145 ], [ -107.896541097791115, 38.320192281606957 ], [ -107.8990078790589, 38.327032130897415 ], [ -107.90061213876713, 38.334029469166538 ], [ -107.901338189149783, 38.341116953107665 ], [ -107.901178784430158, 38.348226352685039 ], [ -107.90013520032835, 38.355289207191397 ], [ -107.898217231746642, 38.362237484279639 ], [ -107.895443108271877, 38.369004235635181 ], [ -107.891839327929048, 38.375524242957795 ], [ -107.88744041042635, 38.381734647986171 ], [ -107.882288571939952, 38.387575560424416 ], [ -107.876433324287873, 38.392990637818301 ], [ -107.869931002127743, 38.397927631677348 ], [ -107.862844222571837, 38.402338894447908 ], [ -107.855241282337033, 38.406181842308193 ], [ -107.847195498224337, 38.409419369175652 ], [ -107.838784497346168, 38.41202020778789 ], [ -107.830089464077687, 38.413959234234227 ], [ -107.821194351194805, 38.415217712871815 ], [ -107.81218506306773, 38.415783479152118 ], [ -107.80314861909838, 38.415651058503421 ], [ -107.794172305818151, 38.414821720056658 ], [ -107.785342826195702, 38.413303464658341 ], [ -107.776745454739782, 38.411110947277002 ], [ -107.768463206918923, 38.408265334571709 ], [ -107.760576031260328, 38.404794099045901 ], [ -107.753160032234803, 38.400730751846893 ], [ -107.746286731689295, 38.396114516887941 ], [ -107.740022376156659, 38.390989949553813 ], [ -107.734427296862165, 38.385406503800603 ], [ -107.729555328664901, 38.379418051966965 ], [ -107.725453293527451, 38.37308236207334 ], [ -107.722160553409552, 38.366460537793088 ], [ -107.72175918593436, 38.365340288614249 ], [ -107.714872192577076, 38.365767073755656 ], [ -107.705841713354403, 38.365626901357828 ], [ -107.6968722926228, 38.36478982412639 ], [ -107.688050566137306, 38.363263917938646 ], [ -107.679461732758611, 38.361063911878865 ], [ -107.671188724639421, 38.358211045076295 ], [ -107.6633114001677, 38.354732860147458 ], [ -107.655905767764608, 38.350662935310929 ], [ -107.649043248287398, 38.346040557857741 ], [ -107.642789983356238, 38.340910342245557 ], [ -107.637206196413118, 38.335321796632783 ], [ -107.632345612738703, 38.32932884217535 ], [ -107.628254944008944, 38.322989289867287 ], [ -107.627108966822817, 38.320675839100154 ], [ -107.628096214332743, 38.325056390533078 ], [ -107.628795635276148, 38.332146551174802 ], [ -107.628609496988773, 38.339256565554173 ], [ -107.627539332793702, 38.346317965485959 ], [ -107.625595194252696, 38.353262731116175 ], [ -107.622795564171383, 38.36002394653238 ], [ -107.619167187869124, 38.366536445487988 ], [ -107.614744823979407, 38.372737440974134 ], [ -107.609738082246878, 38.378378796758348 ], [ -107.615907340092051, 38.377015083749662 ], [ -107.624802281687892, 38.375772240015998 ], [ -107.633808924730573, 38.375221021190512 ], [ -107.642840784607984, 38.375366711050603 ], [ -107.65181113905733, 38.37620790132646 ], [ -107.660633853434831, 38.377736505464156 ], [ -107.669224200504217, 38.379937835952347 ], [ -107.677499667218413, 38.382790744487544 ], [ -107.685380741073672, 38.386267823676583 ], [ -107.692791668778668, 38.390335668407516 ], [ -107.699661180202469, 38.394955194468785 ], [ -107.705923170844272, 38.400082011464896 ], [ -107.711517336403134, 38.405666846569169 ], [ -107.716389753417971, 38.411656015174714 ], [ -107.720493400394545, 38.417991934058684 ], [ -107.723788614335064, 38.424613672264407 ], [ -107.726243478137476, 38.431457534537259 ], [ -107.727834134930092, 38.438457671824949 ], [ -107.728545026051407, 38.445546713075785 ], [ -107.728369050071493, 38.452656412342677 ], [ -107.727307640972811, 38.459718305028886 ], [ -107.725370764362921, 38.466664366995666 ], [ -107.722576831370247, 38.473427670196109 ], [ -107.718952530671103, 38.47994302850266 ], [ -107.714532579904002, 38.486147627461754 ], [ -107.709359398536932, 38.491981631835614 ], [ -107.703482705055691, 38.497388764981338 ], [ -107.696959042128299, 38.502316854366875 ], [ -107.689851234160358, 38.506718337833995 ], [ -107.682227782380423, 38.510550725584721 ], [ -107.674162203273013, 38.513777013289484 ], [ -107.665732316800089, 38.516366042186057 ], [ -107.657019491409542, 38.518292802556338 ], [ -107.648107853315707, 38.519538677525006 ], [ -107.63908346794166, 38.520091624717715 ], [ -107.630033501731887, 38.519946293936314 ], [ -107.621045372770112, 38.519104079651513 ], [ -107.612205898768991, 38.517573107769813 ], [ -107.603600451031014, 38.515368156794679 ], [ -107.595312122915175, 38.512510514164148 ], [ -107.587420921181504, 38.509027769201396 ], [ -107.580002988328118, 38.504953544752212 ], [ -107.573129863686347, 38.500327170198105 ], [ -107.566867790606494, 38.495193299118803 ], [ -107.561277076552827, 38.489601475425481 ], [ -107.556411512342606, 38.483605652291992 ], [ -107.552317856117426, 38.477263668669977 ], [ -107.549035386934378, 38.47063668857929 ], [ -107.546595532121785, 38.463788608715859 ], [ -107.545021571766256, 38.456785440210332 ], [ -107.544328422897991, 38.449694670601431 ], [ -107.544522505126579, 38.442584612255523 ], [ -107.545601688661336, 38.435523743568616 ], [ -107.547555324837433, 38.428580049328254 ], [ -107.550364358468968, 38.421820366591966 ], [ -107.554001520572271, 38.415309742356179 ], [ -107.558431599252089, 38.409110809148203 ], [ -107.563444443158019, 38.403471459847566 ], [ -107.557271819502901, 38.404832516056253 ], [ -107.548371894038297, 38.406070388316472 ], [ -107.539360412576386, 38.406615187757794 ], [ -107.530324416027156, 38.40646164327611 ], [ -107.521351186454112, 38.405611228998623 ], [ -107.512527396431338, 38.404072150262287 ], [ -107.503938264465987, 38.401859263992208 ], [ -107.495666725004071, 38.398993934270649 ], [ -107.48779262137451, 38.395503824540874 ], [ -107.480391929767393, 38.39142262852743 ], [ -107.47353602199442, 38.386789742568574 ], [ -107.467290974344778, 38.381649882641035 ], [ -107.461716929337214, 38.376052649904437 ], [ -107.456867516585319, 38.370052049097758 ], [ -107.452789338346776, 38.363705964578195 ], [ -107.44952152462858, 38.357075599197692 ], [ -107.44709536197719, 38.350224881562305 ], [ -107.445533999307401, 38.343219847510298 ], [ -107.444852233323729, 38.336128001874222 ], [ -107.445056375276394, 38.329017666759711 ], [ -107.446144199976317, 38.321957322677761 ], [ -107.448104977182695, 38.315014948907155 ], [ -107.45091958467853, 38.308257369443503 ], [ -107.454560701572504, 38.301749610807093 ], [ -107.458993079617144, 38.295554277840353 ], [ -107.464173889619417, 38.289730953427032 ], [ -107.470053139344955, 38.284335627811672 ], [ -107.476574158687583, 38.279420162895057 ], [ -107.48367414729374, 38.275031796530179 ], [ -107.491284779300571, 38.271212691449634 ], [ -107.499332859369687, 38.267999533021694 ], [ -107.507741023776944, 38.265423179564969 ], [ -107.516428479953746, 38.263508368452221 ], [ -107.525311777569229, 38.262273480709659 ], [ -107.534305603993644, 38.261730366271621 ], [ -107.543323596794664, 38.261884231487961 ], [ -107.552279165787425, 38.262733589905871 ], [ -107.561086317088311, 38.264270276765032 ], [ -107.569660471610177, 38.266479527059843 ], [ -107.577919270483363, 38.269340116437832 ], [ -107.585783359992519, 38.272824563625832 ], [ -107.593177148782587, 38.276899392508916 ], [ -107.600029530309797, 38.281525451435023 ], [ -107.601346260313619, 38.282607771725246 ], [ -107.599852455062759, 38.278411499412265 ], [ -107.598278429877169, 38.271408886420808 ], [ -107.59758289569011, 38.264318350822208 ], [ -107.5977722975219, 38.257208202927572 ], [ -107.598844553025927, 38.250146922329222 ], [ -107.600789082466775, 38.243202498238126 ], [ -107.603586920325085, 38.236441775302097 ], [ -107.607210907082077, 38.229929811179929 ], [ -107.611625958989165, 38.223729252005924 ], [ -107.616789412912667, 38.217899731680966 ], [ -107.622651442669962, 38.212497300674578 ], [ -107.623466065930472, 38.211880709686838 ], [ -107.6266184371013, 38.20621126037274 ], [ -107.631030480127748, 38.200010059438483 ], [ -107.636190767426982, 38.194179780460502 ], [ -107.642049503242021, 38.188776481334543 ], [ -107.648550213538499, 38.183852101256761 ], [ -107.655630291797962, 38.179453964255856 ], [ -107.66322160195655, 38.175624327278534 ], [ -107.671251132685484, 38.172399977033912 ], [ -107.675015576605375, 38.17123891713058 ], [ -107.679343397747871, 38.167243086281232 ], [ -107.685839643410986, 38.162316786563686 ], [ -107.692915335388975, 38.157916544577517 ], [ -107.700502379437211, 38.154084637570463 ], [ -107.708527804860353, 38.150857874097632 ], [ -107.716914463535062, 38.148267243153782 ], [ -107.725581767473557, 38.146337619032188 ], [ -107.734446458032082, 38.145087524627371 ], [ -107.743423399619601, 38.144528955354083 ] ] ], [ [ [ -107.534283979964925, 38.632720110027776 ], [ -107.540830593069117, 38.627800402223833 ], [ -107.547959550132433, 38.623407330285652 ], [ -107.555602246639722, 38.619583100956135 ], [ -107.563685179658464, 38.616364447660239 ], [ -107.572130651844091, 38.613782280406149 ], [ -107.580857514116232, 38.611861391438367 ], [ -107.58978194006761, 38.610620219351269 ], [ -107.59881822491819, 38.610070673826222 ], [ -107.607879601637535, 38.61021802259323 ], [ -107.616879066727265, 38.611060841642654 ], [ -107.625730208083425, 38.612591029131181 ], [ -107.634348027346732, 38.614793882840395 ], [ -107.642649749194234, 38.617648240463055 ], [ -107.650555610131477, 38.621126681414992 ], [ -107.657989619507447, 38.625195788303792 ], [ -107.664880285696498, 38.629816465634327 ], [ -107.671161300670306, 38.634944312799902 ], [ -107.676772176519492, 38.640530047899574 ], [ -107.681658827876404, 38.646519978444289 ], [ -107.685774094638106, 38.652856514566714 ], [ -107.689078199888868, 38.659478719940893 ], [ -107.691539138473019, 38.666322895247596 ], [ -107.693132992270122, 38.673323188696934 ], [ -107.693844168869774, 38.680412227842289 ], [ -107.693665561031295, 38.687521766693408 ], [ -107.692598625038016, 38.694583341964758 ], [ -107.690653376812463, 38.701528932179471 ], [ -107.687848305439658, 38.708291613292445 ], [ -107.684210204546361, 38.714806204500171 ], [ -107.679773922794439, 38.721009897969516 ], [ -107.674582035559226, 38.726842866345294 ], [ -107.668684440669836, 38.732248842085554 ], [ -107.662137881877968, 38.737175662923768 ], [ -107.655005404485337, 38.741575778066768 ], [ -107.647355748286955, 38.745406710104675 ], [ -107.639262683669102, 38.748631468030219 ], [ -107.634442420675327, 38.750106093849134 ], [ -107.64053700811175, 38.75278272542981 ], [ -107.647984571366422, 38.756851924663465 ], [ -107.654887776293677, 38.761472672854175 ], [ -107.66118019432129, 38.766600569196953 ], [ -107.666801227596181, 38.772186331795666 ], [ -107.671696692470718, 38.778176268350727 ], [ -107.67581934318919, 38.784512789349733 ], [ -107.679129330664622, 38.791134958967795 ], [ -107.681594591786975, 38.797979078514402 ], [ -107.683191165306269, 38.804979296939074 ], [ -107.683903430979981, 38.812068242630225 ], [ -107.68372426936368, 38.819177670515892 ], [ -107.682655140348714, 38.826239118302396 ], [ -107.68070607930882, 38.833184565571642 ], [ -107.677895610500499, 38.839947089400439 ], [ -107.674250578163253, 38.846461510169163 ], [ -107.669805896578438, 38.852665021291855 ], [ -107.664604221159607, 38.858497796726915 ], [ -107.658695543455408, 38.863903570316715 ], [ -107.652136713737278, 38.86883018125468 ], [ -107.644990895609482, 38.873230080287961 ], [ -107.637326957808639, 38.877060791631081 ], [ -107.629218809042101, 38.880285325987224 ], [ -107.620744682343044, 38.88287254054547 ], [ -107.619218601418268, 38.883207997030702 ], [ -107.612440665725074, 38.887377530294536 ], [ -107.604773378075862, 38.891206207160444 ], [ -107.59666205438873, 38.894428577247702 ], [ -107.588184958656257, 38.897013518654454 ], [ -107.579423918110507, 38.898936060407351 ], [ -107.570463527925469, 38.900177625911205 ], [ -107.561390327964673, 38.900726214232684 ], [ -107.552291959833894, 38.900576517378923 ], [ -107.543256312727792, 38.899729972375027 ], [ -107.534370666690009, 38.898194747601643 ], [ -107.52572084193973, 38.895985663517443 ], [ -107.51739036285062, 38.893124048554157 ], [ -107.509459645003943, 38.889637531626384 ], [ -107.502005213477261, 38.885559773336134 ], [ -107.495098960177785, 38.880930138567159 ], [ -107.488807447591768, 38.875793313748801 ], [ -107.483191265803356, 38.870198872616776 ], [ -107.478304449047528, 38.864200794804233 ], [ -107.474193957409312, 38.857856942053758 ], [ -107.470899228576428, 38.851228497246929 ], [ -107.468451803803092, 38.844379371797594 ], [ -107.46687503146012, 38.83737558724539 ], [ -107.466183850740947, 38.830284637116058 ], [ -107.466384657273409, 38.823174835281492 ], [ -107.467475251564366, 38.816114657156511 ], [ -107.469444870386951, 38.809172080109313 ], [ -107.472274300415805, 38.802413929441251 ], [ -107.475936072634497, 38.795905236207318 ], [ -107.480394735285728, 38.789708613007448 ], [ -107.485607202416602, 38.783883653678863 ], [ -107.491523174393279, 38.77848636256666 ], [ -107.49808562612651, 38.773568618746701 ], [ -107.505231358164167, 38.769177680223322 ], [ -107.512891605275087, 38.765355732731514 ], [ -107.520992696668571, 38.762139487339134 ], [ -107.529456761571538, 38.759559830578098 ], [ -107.530980720572188, 38.759225616620398 ], [ -107.537751933583579, 38.755060983281595 ], [ -107.545408857341627, 38.75123700332923 ], [ -107.553506800302742, 38.748018598261716 ], [ -107.558328778840149, 38.74654726144685 ], [ -107.552237569360329, 38.743866212360231 ], [ -107.544796500017952, 38.739790664989016 ], [ -107.537902207046841, 38.7351630781355 ], [ -107.531621137846017, 38.730028117936023 ], [ -107.526013782403879, 38.724435339641396 ], [ -107.521134090796423, 38.718438706406175 ], [ -107.51702895566396, 38.712096065677265 ], [ -107.513737764567693, 38.705468588375943 ], [ -107.511292026379749, 38.698620176417215 ], [ -107.509715075079839, 38.691616844401828 ], [ -107.509021853528438, 38.684526081545819 ], [ -107.509218778968332, 38.67741620008011 ], [ -107.510303691185868, 38.670355676456772 ], [ -107.512265883446744, 38.663412491738995 ], [ -107.515086215519531, 38.65665347753098 ], [ -107.518737307318958, 38.650143673720464 ], [ -107.523183810949803, 38.643945704164992 ], [ -107.528382758213652, 38.638119176254285 ], [ -107.534283979964925, 38.632720110027776 ] ] ], [ [ [ -107.728250884020767, 39.174283725072975 ], [ -107.734831246487133, 39.169352240494632 ], [ -107.741999993336336, 39.164946163769372 ], [ -107.749688136406007, 39.161107824710172 ], [ -107.757821736090278, 39.157874090374328 ], [ -107.766322609511221, 39.155276013763839 ], [ -107.775109077777927, 39.153338538187299 ], [ -107.784096745354475, 39.152080260000702 ], [ -107.793199304307251, 39.151513251901093 ], [ -107.802329356010574, 39.151642948383888 ], [ -107.811399242757219, 39.152468094402671 ], [ -107.820321881647658, 39.153980757687428 ], [ -107.829011593117571, 39.156166404594273 ], [ -107.837384916509166, 39.159004038775578 ], [ -107.845361405194765, 39.162466401384329 ], [ -107.852864393924946, 39.166520230959172 ], [ -107.859821731293181, 39.171126580586957 ], [ -107.86616647048794, 39.176241189407328 ], [ -107.871837511839104, 39.181814905017063 ], [ -107.876780191056909, 39.187794152852291 ], [ -107.880946807509616, 39.194121448179715 ], [ -107.884297087386329, 39.200735945917287 ], [ -107.886798577144546, 39.207574023134526 ], [ -107.88842696324393, 39.214569888756614 ], [ -107.889166314815299, 39.221656214717036 ], [ -107.889009246605056, 39.228764782576299 ], [ -107.887957000262318, 39.235827139450073 ], [ -107.886019442797092, 39.242775256972166 ], [ -107.883214981823784, 39.24954218695914 ], [ -107.879570398010245, 39.256062707444329 ], [ -107.875120595969022, 39.262273952812095 ], [ -107.869908275647461, 39.268116021887721 ], [ -107.863983527086717, 39.273532558025266 ], [ -107.857403352216934, 39.278471295483797 ], [ -107.850231118127894, 39.282884566690043 ], [ -107.842535946989955, 39.286729765350564 ], [ -107.834392048490201, 39.289969760796396 ], [ -107.825878001282405, 39.292573259413224 ], [ -107.817075990518816, 39.294515109526372 ], [ -107.808071009026847, 39.295776546667454 ], [ -107.798950030107832, 39.29634537674157 ], [ -107.789801160261121, 39.296216095235266 ], [ -107.780712780369711, 39.29538994124767 ], [ -107.771772684018998, 39.293874885785002 ], [ -107.763067221657167, 39.291685554422287 ], [ -107.75468045924184, 39.288843085100048 ], [ -107.746693359854746, 39.285374922478518 ], [ -107.739182996506528, 39.281314550911652 ], [ -107.732221804002577, 39.276701168718738 ], [ -107.725876877300337, 39.271579307018207 ], [ -107.720209323270723, 39.265998396937405 ], [ -107.71527367218296, 39.260012289519111 ], [ -107.711117354578221, 39.253678733105524 ], [ -107.707780248486614, 39.247058813387376 ], [ -107.705294301189525, 39.240216361657353 ], [ -107.70368322894133, 39.233217337098964 ], [ -107.702962297253208, 39.226129189173868 ], [ -107.703138183517709, 39.219020206338051 ], [ -107.704208922923527, 39.211958857423213 ], [ -107.706163937787267, 39.205013132060756 ], [ -107.70898414961998, 39.198249886505835 ], [ -107.712642172458999, 39.191734201135823 ], [ -107.717102585237456, 39.185528755757019 ], [ -107.722322280241286, 39.179693228655218 ], [ -107.728250884020767, 39.174283725072975 ] ] ], [ [ [ -108.042348246802163, 39.339842789576977 ], [ -108.049513229723331, 39.335417945514997 ], [ -108.057201346080703, 39.331559306907558 ], [ -108.065338654455644, 39.328303935027975 ], [ -108.073846934878844, 39.325683089737879 ], [ -108.082644436498782, 39.323721931915067 ], [ -108.091646657666246, 39.322439284164638 ], [ -108.100767151197758, 39.321847452003205 ], [ -108.109918347387378, 39.321952107145933 ], [ -108.119012387202162, 39.322752233952421 ], [ -108.127961958022027, 39.3242401395066 ], [ -108.136681124269714, 39.32640152722221 ], [ -108.14508614531924, 39.32921563328275 ], [ -108.153096273174967, 39.332655424648266 ], [ -108.160634522573062, 39.336687856796061 ], [ -108.167628406377162, 39.341274188810559 ], [ -108.174010629416557, 39.346370352907044 ], [ -108.17971973424946, 39.351927374965506 ], [ -108.184700692723936, 39.357891842171149 ], [ -108.18890543765562, 39.364206413410464 ], [ -108.192293329439465, 39.370810367660177 ], [ -108.194831552965695, 39.377640185234711 ], [ -108.196495440809429, 39.384630156430674 ], [ -108.197268719311566, 39.3917130118258 ], [ -108.197143674857415, 39.39882056826081 ], [ -108.196121238387803, 39.405884384356412 ], [ -108.194210986937165, 39.412836419297577 ], [ -108.191431061780079, 39.41960968855615 ], [ -108.187808003574418, 39.426138910221503 ], [ -108.183376505706718, 39.432361135669318 ], [ -108.17817908786752, 39.438216358420227 ], [ -108.172265692699668, 39.443648095224546 ], [ -108.165693209162797, 39.448603933654844 ], [ -108.158524927032389, 39.453036040792234 ], [ -108.150829927690936, 39.456901627956057 ], [ -108.142682417062687, 39.460163366842821 ], [ -108.138026972711074, 39.461598322932453 ], [ -108.137557676042078, 39.463299947774459 ], [ -108.134770478238778, 39.470072111247887 ], [ -108.131139693841945, 39.476599833263798 ], [ -108.126700090580044, 39.482820179272366 ], [ -108.121494266316432, 39.488673160553844 ], [ -108.11557224494058, 39.494102315145355 ], [ -108.108990998939262, 39.499055255240023 ], [ -108.101813903073833, 39.503484175645774 ], [ -108.094110124330015, 39.507346318255117 ], [ -108.085953954000388, 39.510604387894332 ], [ -108.077424088398899, 39.513226915388778 ], [ -108.068602865280269, 39.515188564196528 ], [ -108.059575463537243, 39.516470377517251 ], [ -108.050429074167539, 39.517059963375836 ], [ -108.041252050832952, 39.516951615799613 ], [ -108.03213304856996, 39.516146370850201 ], [ -108.023160159351534, 39.514651996928706 ], [ -108.014420053239434, 39.512482919436501 ], [ -108.005997133805536, 39.509660080538097 ], [ -107.997972716341465, 39.506210735428681 ], [ -107.990424237116869, 39.502168187148392 ], [ -107.983424501597426, 39.497571462603602 ], [ -107.977040979094483, 39.492464933042278 ], [ -107.971335150799248, 39.486897882781811 ], [ -107.966361917562182, 39.480924030496737 ], [ -107.962169073121885, 39.474601007834401 ], [ -107.958796847776611, 39.467989800536742 ], [ -107.956277526735747, 39.461154157598294 ], [ -107.954635146599244, 39.454159974286 ], [ -107.953885272598143, 39.447074655078083 ], [ -107.954034858402537, 39.439966462750554 ], [ -107.95508218947063, 39.432903859945917 ], [ -107.957016910087077, 39.425954849602206 ], [ -107.959820133425424, 39.419186320601796 ], [ -107.963464633179598, 39.412663404917822 ], [ -107.967915114547608, 39.406448852396963 ], [ -107.973128561624563, 39.400602429119871 ], [ -107.979054657576881, 39.395180345030042 ], [ -107.985636273329362, 39.390234716219531 ], [ -107.992810019906116, 39.385813066911922 ], [ -108.000506859027979, 39.38195787578988 ], [ -108.008652766084481, 39.378706170884385 ], [ -108.013305789545711, 39.377276494861526 ], [ -108.013777702082578, 39.375575256010052 ], [ -108.016573636324139, 39.368805594771572 ], [ -108.020210405656911, 39.362281153937055 ], [ -108.024652789783445, 39.356064698407629 ], [ -108.029857850658388, 39.35021601292938 ], [ -108.035775351917678, 39.344791329529251 ], [ -108.042348246802163, 39.339842789576977 ] ] ], [ [ [ -107.611328427369159, 39.491014478445905 ], [ -107.618537189272061, 39.486614856081587 ], [ -107.626266904209984, 39.482783441123658 ], [ -107.634443235128785, 39.479557033150584 ], [ -107.642987591157734, 39.476966614051904 ], [ -107.651817878662499, 39.475037053096095 ], [ -107.660849284453619, 39.473786870395678 ], [ -107.669995083889859, 39.473228060935632 ], [ -107.679167466424516, 39.473365980769607 ], [ -107.688278371010881, 39.4741992964152 ], [ -107.697240323710503, 39.475719997898722 ], [ -107.705967269834503, 39.477913475315738 ], [ -107.714375392994057, 39.480758658191824 ], [ -107.722383913540625, 39.484228216351497 ], [ -107.729915859039735, 39.488288820437909 ], [ -107.736898799643924, 39.492901459675608 ], [ -107.743265541509402, 39.498021813937306 ], [ -107.748954771738241, 39.50360067666908 ], [ -107.753911648721115, 39.509584424748709 ], [ -107.758088332204025, 39.515915530905673 ], [ -107.761444447905731, 39.522533113920616 ], [ -107.763947482067138, 39.529373521451987 ], [ -107.76557310191825, 39.53637094001143 ], [ -107.766305398699203, 39.543458026331045 ], [ -107.766137050565561, 39.550566554137667 ], [ -107.765069403438872, 39.557628070175866 ], [ -107.764880772141069, 39.558297705669801 ], [ -107.766710652190469, 39.558323672332953 ], [ -107.775833382068853, 39.559149681796683 ], [ -107.784807896695426, 39.560663154135042 ], [ -107.793548021834312, 39.562849548731123 ], [ -107.801969815656548, 39.565687863090993 ], [ -107.80999236833182, 39.569150833066615 ], [ -107.817538573699693, 39.573205192744538 ], [ -107.824535865876371, 39.577811991597613 ], [ -107.830916913931944, 39.58292696596763 ], [ -107.835467010023962, 39.587373959151229 ], [ -107.838197224863293, 39.588055403163537 ], [ -107.846623765161226, 39.590890291488265 ], [ -107.854651343718942, 39.5943499765472 ], [ -107.862202806559608, 39.598401224002089 ], [ -107.869205537735994, 39.603005113291204 ], [ -107.875592154468166, 39.608117408823524 ], [ -107.881301153841619, 39.613688982079445 ], [ -107.886277504926539, 39.619666280701523 ], [ -107.890473180626657, 39.625991840211483 ], [ -107.893847624068698, 39.632604833578945 ], [ -107.89636814489775, 39.639441653496611 ], [ -107.898010241447935, 39.646436521890088 ], [ -107.898757845408269, 39.653522120910928 ], [ -107.898603486297475, 39.660630239433075 ], [ -107.897548373792517, 39.667692428898256 ], [ -107.895602396720676, 39.674640662237017 ], [ -107.892784038315725, 39.681407989532701 ], [ -107.889120208149464, 39.687929184095573 ], [ -107.884645991972505, 39.69414137267686 ], [ -107.879404321523182, 39.699984643675862 ], [ -107.873445567183722, 39.705402627379698 ], [ -107.866827057166205, 39.710343042522872 ], [ -107.859612527688668, 39.714758203760297 ], [ -107.851871509344733, 39.718605485012944 ], [ -107.843678655564901, 39.721847734064248 ], [ -107.835113019708501, 39.724453634255198 ], [ -107.826257287899153, 39.72639800964334 ], [ -107.81719697521703, 39.727662070547055 ], [ -107.808019593279155, 39.7282335969903 ], [ -107.79881379756884, 39.728107058183504 ], [ -107.789668523110095, 39.727283666819694 ], [ -107.780672117221059, 39.725771367623047 ], [ -107.771911478117005, 39.723584760251278 ], [ -107.768957970861294, 39.722591124997948 ], [ -107.767033475697943, 39.724336198468272 ], [ -107.760405273985143, 39.729270851611226 ], [ -107.75318165714495, 39.733679681262053 ], [ -107.745432244454761, 39.737520122380538 ], [ -107.737231771337505, 39.740755088807106 ], [ -107.728659365619478, 39.743353334314861 ], [ -107.719797779606438, 39.745289757078787 ], [ -107.710732585600468, 39.746545644490958 ], [ -107.701551342896551, 39.747108855844282 ], [ -107.692342744626785, 39.746973941028571 ], [ -107.683195753054335, 39.746142194026667 ], [ -107.674198732054677, 39.744621640655851 ], [ -107.665438585558604, 39.742426960665334 ], [ -107.656999910664808, 39.739579344963651 ], [ -107.648964173965581, 39.736106289406493 ], [ -107.641408919365318, 39.73204132721456 ], [ -107.63440701531556, 39.727423702707227 ], [ -107.628025948946245, 39.722297989624153 ], [ -107.622327174047285, 39.716713657856552 ], [ -107.617365519257064, 39.71072459291593 ], [ -107.613188662152595, 39.704388572927748 ], [ -107.609836674219522, 39.697766708343799 ], [ -107.607341640920055, 39.690922849917392 ], [ -107.605727360282742, 39.683922970777097 ], [ -107.60500912261999, 39.676834528664642 ], [ -107.605131666534419, 39.672111684277745 ], [ -107.60320213244465, 39.67107148707067 ], [ -107.596209040263091, 39.666451228076831 ], [ -107.589836552900891, 39.661323090137856 ], [ -107.584146041133394, 39.655736566263236 ], [ -107.579192253800244, 39.649745562804121 ], [ -107.575022792672328, 39.643407876256866 ], [ -107.571677658153064, 39.636784632809963 ], [ -107.569188870025201, 39.629939696179754 ], [ -107.567580166660406, 39.622939049571485 ], [ -107.56686678529239, 39.615850157831929 ], [ -107.567055325124159, 39.608741316026887 ], [ -107.568143694206185, 39.601680990780395 ], [ -107.570121140195141, 39.59473716075312 ], [ -107.572968364289068, 39.587976662614736 ], [ -107.576657716844707, 39.581464548782591 ], [ -107.581153472421207, 39.575263463055464 ], [ -107.585125369028958, 39.570859860253393 ], [ -107.584033959162312, 39.56869722266709 ], [ -107.581546770919303, 39.561852438976096 ], [ -107.579938780086422, 39.554851878924147 ], [ -107.57922521795399, 39.547763006503885 ], [ -107.579412686409313, 39.540654116626733 ], [ -107.580499104752789, 39.533593676462367 ], [ -107.582473740312452, 39.526649665908472 ], [ -107.585317322155831, 39.519888923546411 ], [ -107.589002236408177, 39.513376504354561 ], [ -107.593492800925318, 39.507175055309446 ], [ -107.598745616344289, 39.501344214805108 ], [ -107.604709989851486, 39.49594004156863 ], [ -107.611328427369159, 39.491014478445905 ] ] ], [ [ [ -107.642114672106416, 39.893461367335938 ], [ -107.649361976783482, 39.889058777966433 ], [ -107.657133688068086, 39.88522410636407 ], [ -107.665355066359851, 39.881994182028322 ], [ -107.673947089838634, 39.879400019390403 ], [ -107.682827209557189, 39.877466522618164 ], [ -107.69191013689084, 39.876212248789237 ], [ -107.701108656048419, 39.875649231599184 ], [ -107.710334454156396, 39.875782867211264 ], [ -107.719498961296054, 39.876611863281205 ], [ -107.728514192800688, 39.878128251610335 ], [ -107.737293586105736, 39.880317464297185 ], [ -107.745752824490651, 39.883158472675973 ], [ -107.753810640155521, 39.886623987754803 ], [ -107.761389589238476, 39.890680720301305 ], [ -107.768416791601624, 39.89528969817362 ], [ -107.774824628492624, 39.900406637963613 ], [ -107.780551391526345, 39.905982367512621 ], [ -107.78554187682451, 39.911963295380779 ], [ -107.789747918601236, 39.918291922904025 ], [ -107.793128856985732, 39.924907394062664 ], [ -107.793756092936874, 39.926607631173901 ], [ -107.795079115433154, 39.927050915421916 ], [ -107.803144499721327, 39.930512711336974 ], [ -107.810731170820688, 39.934565919339185 ], [ -107.810846156660148, 39.934641207017819 ], [ -107.811830021181564, 39.932293714277172 ], [ -107.815512953588339, 39.925774489625383 ], [ -107.820007384333351, 39.91956443846717 ], [ -107.825269871689926, 39.913723281429128 ], [ -107.831249625344228, 39.908307175619314 ], [ -107.837888999686569, 39.903368177503047 ], [ -107.845124051117168, 39.898953745538641 ], [ -107.852885153921306, 39.89510628721137 ], [ -107.861097668784495, 39.891862754672822 ], [ -107.869682657588868, 39.889254292726228 ], [ -107.878557637762967, 39.88730594240203 ], [ -107.887637369144358, 39.886036402845356 ], [ -107.89683466606327, 39.885457853693694 ], [ -107.906061227161516, 39.885575839562136 ], [ -107.915228475328661, 39.886389217681824 ], [ -107.924248400062297, 39.887890169156172 ], [ -107.933034394545771, 39.890064273716966 ], [ -107.941502079780051, 39.892890647280602 ], [ -107.949570108210906, 39.896342141028967 ], [ -107.957160939453544, 39.900385600174616 ], [ -107.964201580938422, 39.904982180019452 ], [ -107.970624286579167, 39.910087716385625 ], [ -107.976367206900591, 39.915653146989534 ], [ -107.981374984456622, 39.921624979851074 ], [ -107.985599288816744, 39.92794580438246 ], [ -107.988999285901883, 39.9345548403899 ], [ -107.991542037005786, 39.94138851985047 ], [ -107.993202823443085, 39.948381095998393 ], [ -107.993965393416758, 39.955465273975626 ], [ -107.99382212839339, 39.96257285707167 ], [ -107.992774127007721, 39.969635402401799 ], [ -107.990831205285133, 39.976584879753496 ], [ -107.988011812765023, 39.983354327269296 ], [ -107.984342864921359, 39.989878497634443 ], [ -107.97985949310295, 39.996094488497008 ], [ -107.97460471404608, 40.0019423509723 ], [ -107.968629021835056, 40.00736567026717 ], [ -107.961989905995551, 40.012312112706724 ], [ -107.954751300187894, 40.01673393375146 ], [ -107.946982966714529, 40.020588441957308 ], [ -107.940468291266853, 40.023163261071744 ], [ -107.941214625816741, 40.030134791593447 ], [ -107.941066197809874, 40.037242434150542 ], [ -107.940012050056325, 40.044304661343169 ], [ -107.938062056858541, 40.051253445656194 ], [ -107.93523473510912, 40.058021831505798 ], [ -107.93155707609165, 40.064544581381718 ], [ -107.927064294712537, 40.070758806189446 ], [ -107.921799498222143, 40.076604573642982 ], [ -107.915813277307933, 40.082025488745174 ], [ -107.909163223252747, 40.086969240638389 ], [ -107.901913375634379, 40.091388110415025 ], [ -107.894133605791083, 40.095239434841417 ], [ -107.885898941978411, 40.098486021367478 ], [ -107.877288842789454, 40.101096510264298 ], [ -107.86838642598839, 40.103045680248002 ], [ -107.85927766041344, 40.104314694505099 ], [ -107.850050529026788, 40.104891284628316 ], [ -107.84526369464038, 40.104828589168193 ], [ -107.848008870773413, 40.106619599461993 ], [ -107.854443144645913, 40.111731068369693 ], [ -107.860194891603598, 40.117301832425916 ], [ -107.86520866739987, 40.123278348888164 ], [ -107.869436081584297, 40.129603162489808 ], [ -107.872836267502365, 40.136215454855723 ], [ -107.875376281730752, 40.143051626637416 ], [ -107.877031428881722, 40.150045906899749 ], [ -107.877785508363473, 40.157130984010365 ], [ -107.877630980381298, 40.164238652054877 ], [ -107.876569049200384, 40.171300466624402 ], [ -107.8746096624605, 40.178248403703741 ], [ -107.871771426129754, 40.185015515326697 ], [ -107.868081435501495, 40.191536575666014 ], [ -107.863575023467419, 40.197748711285435 ], [ -107.858295428132493, 40.203592009405334 ], [ -107.852293382664556, 40.209010098218855 ], [ -107.845626631082382, 40.21395069354196 ], [ -107.838359374471636, 40.218366106388132 ], [ -107.830561652868226, 40.222213706422615 ], [ -107.82230866875075, 40.225456336670497 ], [ -107.813680058731194, 40.228062675323031 ], [ -107.804759120612985, 40.230007541003239 ], [ -107.795632003491832, 40.231272138409636 ], [ -107.78638686899663, 40.231844241849828 ], [ -107.777113032101838, 40.231718314797661 ], [ -107.767900090179992, 40.230895564251831 ], [ -107.758837049102752, 40.229383929331533 ], [ -107.750011455235537, 40.227198004210919 ], [ -107.741508542107141, 40.224358896158606 ], [ -107.733410400369067, 40.220894020104801 ], [ -107.72579517939522, 40.216836831799398 ], [ -107.718736328513714, 40.2122265022414 ], [ -107.712301885414504, 40.207107536646845 ], [ -107.706553818747622, 40.201529341773053 ], [ -107.701547431323121, 40.195545745924107 ], [ -107.697330829656678, 40.189214476422386 ], [ -107.696260802128634, 40.187123511313182 ], [ -107.689577594379045, 40.184886889871585 ], [ -107.681486711422536, 40.181418115420826 ], [ -107.673878951616828, 40.177357237679921 ], [ -107.666827691700789, 40.172743463148763 ], [ -107.660400895600446, 40.167621330124945 ], [ -107.654660457762915, 40.162040275712947 ], [ -107.649661607092469, 40.1560541555436 ], [ -107.645452377224515, 40.149720720990523 ], [ -107.642073148151127, 40.143101059078326 ], [ -107.639556263444774, 40.136259000626815 ], [ -107.637925726526646, 40.129260502467645 ], [ -107.637196978601494, 40.122173009799454 ], [ -107.637376760043608, 40.115064804914709 ], [ -107.638463056178182, 40.108004348635511 ], [ -107.640445127567816, 40.101059620835258 ], [ -107.643303624094187, 40.094297466401912 ], [ -107.647010781329058, 40.087782952914075 ], [ -107.65153069692127, 40.081578746159451 ], [ -107.65681968399673, 40.075744509425519 ], [ -107.662826697879552, 40.070336332239357 ], [ -107.669493831800025, 40.065406193930102 ], [ -107.676756876662338, 40.061001467037208 ], [ -107.684545939405979, 40.057164465194518 ], [ -107.692786114009124, 40.053932039688128 ], [ -107.699854029491689, 40.05180090429598 ], [ -107.692132670648391, 40.04987838262069 ], [ -107.683654446842453, 40.047034138092798 ], [ -107.677115764994269, 40.044224164738836 ], [ -107.675891858087823, 40.04449008279451 ], [ -107.666786417135754, 40.045743811260593 ], [ -107.657564691705446, 40.046304845768859 ], [ -107.648315769001215, 40.046167757249329 ], [ -107.644490346391649, 40.045820609500858 ], [ -107.636795350051912, 40.046287319467488 ], [ -107.627546380781297, 40.046148569553445 ], [ -107.618359781886724, 40.045313016196602 ], [ -107.609324302630398, 40.043788722507145 ], [ -107.600527220882512, 40.041590405078267 ], [ -107.592053492494941, 40.038739290826925 ], [ -107.583984924054235, 40.035262910397257 ], [ -107.576399377333018, 40.031194830200882 ], [ -107.569370013399265, 40.026574325785759 ], [ -107.562964583895777, 40.021445999810801 ], [ -107.557244776472814, 40.01585934845285 ], [ -107.552265620754866, 40.009868280579028 ], [ -107.548074960556463, 40.003530594476459 ], [ -107.544712997340923, 39.99690741733685 ], [ -107.542211909151135, 39.990062613043946 ], [ -107.540595548442582, 39.983062164102108 ], [ -107.53987922142673, 39.975973533773804 ], [ -107.540069550697723, 39.968865014660437 ], [ -107.541164422076989, 39.96180507006337 ], [ -107.543153015777747, 39.954861674502908 ], [ -107.546015921174728, 39.948101659749099 ], [ -107.549725333669144, 39.941590072635229 ], [ -107.554245331374943, 39.935389550781167 ], [ -107.559532228623269, 39.929559722154622 ], [ -107.565535002595865, 39.924156634144595 ], [ -107.572195788756545, 39.919232217517447 ], [ -107.579450440158979, 39.914833790275637 ], [ -107.587229145170923, 39.911003606045163 ], [ -107.595457097671158, 39.907778451186132 ], [ -107.604055213348914, 39.905189294352674 ], [ -107.612940885366925, 39.903260991732871 ], [ -107.62202877233878, 39.902012050675083 ], [ -107.631231611320914, 39.901454453863828 ], [ -107.632049509331878, 39.901466809702832 ], [ -107.635461515726973, 39.898389580757247 ], [ -107.642114672106416, 39.893461367335938 ] ] ], [ [ [ -107.865871977896262, 40.315361139982436 ], [ -107.873147370112818, 40.310943763838267 ], [ -107.880952417226879, 40.307093071683063 ], [ -107.889212058704786, 40.303846045324249 ], [ -107.897846905588779, 40.301233861850612 ], [ -107.90677399907257, 40.299281596948887 ], [ -107.915907601800257, 40.298007986502782 ], [ -107.925160014558799, 40.297425248653397 ], [ -107.934442410841527, 40.297538967940497 ], [ -107.943665681626129, 40.298348042572222 ], [ -107.952741282635699, 40.299844695290936 ], [ -107.961582076337237, 40.302014547720987 ], [ -107.970103160975611, 40.30483675750267 ], [ -107.978222679044222, 40.308284216941722 ], [ -107.985862597755812, 40.312323811339425 ], [ -107.99294945429709, 40.316916734617962 ], [ -107.999415058929372, 40.322018859325965 ], [ -108.005197149333824, 40.327581157600889 ], [ -108.010239989992911, 40.333550169186957 ], [ -108.014494910848967, 40.339868512158731 ], [ -108.01792077998428, 40.346475431589624 ], [ -108.020484405624288, 40.353307381032657 ], [ -108.022160863371184, 40.360298631353224 ], [ -108.022933745231427, 40.367381901172344 ], [ -108.02279532769677, 40.374489002949147 ], [ -108.021746656877042, 40.381551498554224 ], [ -108.019797549452889, 40.388501358065305 ], [ -108.016966509015745, 40.395271615454341 ], [ -108.013280558180568, 40.401797014833711 ], [ -108.008774987689108, 40.408014640988561 ], [ -108.003493024555993, 40.413864528044279 ], [ -107.997485422140571, 40.419290240302111 ], [ -107.990809975841756, 40.424239419521257 ], [ -107.98353096890213, 40.428664293231243 ], [ -107.975718553561592, 40.43252213902155 ], [ -107.967448073506674, 40.435775700173473 ], [ -107.958799334213552, 40.438393548468369 ], [ -107.949855828366012, 40.440350390521992 ], [ -107.940703924040122, 40.441627314551788 ], [ -107.931432023773041, 40.44221197507639 ], [ -107.922129702970636, 40.442098713668088 ], [ -107.912886836348918, 40.441288614522705 ], [ -107.90379272124693, 40.439789494269952 ], [ -107.894935206687762, 40.43761582611252 ], [ -107.886399837001804, 40.434788599047877 ], [ -107.878269018661982, 40.431335113583195 ], [ -107.870621218716423, 40.427288715995466 ], [ -107.863530202845837, 40.422688473806339 ], [ -107.85706432062446, 40.417578795729519 ], [ -107.851285845033118, 40.412008999899228 ], [ -107.846250372668976, 40.406032834697506 ], [ -107.842006290426411, 40.399707956958096 ], [ -107.838594313699147, 40.393095372733647 ], [ -107.836047100384434, 40.38625884616436 ], [ -107.834388944165752, 40.379264282279827 ], [ -107.833635549723184, 40.372179089796234 ], [ -107.833793891679605, 40.36507153014081 ], [ -107.834862158246409, 40.358010059038961 ], [ -107.836829779694497, 40.351062667042456 ], [ -107.839677540952792, 40.344296225355293 ], [ -107.843377776836618, 40.337775843231199 ], [ -107.847894647637759, 40.331564243076336 ], [ -107.853184492074845, 40.325721159190955 ], [ -107.859196253910426, 40.32030276583292 ], [ -107.865871977896262, 40.315361139982436 ] ] ], [ [ [ -108.051529897601696, 40.419958566932998 ], [ -108.058803270697481, 40.415529596366738 ], [ -108.066608673330904, 40.411666363045484 ], [ -108.074871040248127, 40.408405968761251 ], [ -108.083510955394544, 40.405779718401725 ], [ -108.09244541078354, 40.403812822072403 ], [ -108.101588598282802, 40.402524155441164 ], [ -108.110852726983637, 40.401926080495606 ], [ -108.120148858624106, 40.402024328343195 ], [ -108.129387753402014, 40.402817945112787 ], [ -108.138480718438402, 40.404299301437248 ], [ -108.147340451135847, 40.406454165414324 ], [ -108.155881869719721, 40.409261838362049 ], [ -108.164022923351993, 40.412695352110305 ], [ -108.171685374368607, 40.41672172600537 ], [ -108.178795545410864, 40.421302281254412 ], [ -108.185285024498398, 40.426393009706622 ], [ -108.191091321427024, 40.431944993659613 ], [ -108.196158469266663, 40.437904872800956 ], [ -108.200437565182696, 40.444215353945964 ], [ -108.203887245307087, 40.450815758821321 ], [ -108.206474088941491, 40.457642604771884 ], [ -108.20817294798016, 40.46463021293858 ], [ -108.208967198095181, 40.471711338174515 ], [ -108.208848908923315, 40.478817814733908 ], [ -108.207818931231259, 40.485881211591838 ], [ -108.205886899806629, 40.492833491129666 ], [ -108.203071151620989, 40.499607664858431 ], [ -108.199398559630382, 40.50613843984862 ], [ -108.194904283411546, 40.512362849593252 ], [ -108.189631438667831, 40.518220863150553 ], [ -108.183630688471084, 40.523655966596102 ], [ -108.176959759921417, 40.528615711056588 ], [ -108.169682890698439, 40.533052221902253 ], [ -108.161870210733241, 40.536922664035977 ], [ -108.153597064939461, 40.540189658634077 ], [ -108.144943283595737, 40.542821647160984 ], [ -108.135992407558888, 40.54479319899513 ], [ -108.12683087599963, 40.546085259558694 ], [ -108.117547184782566, 40.546685336436013 ], [ -108.108231023951376, 40.546587621585857 ], [ -108.098972403024419, 40.545793048396582 ], [ -108.089860772950701, 40.544309282990547 ], [ -108.08098415361853, 40.542150649850775 ], [ -108.072428275748607, 40.539337992507498 ], [ -108.064275745841229, 40.535898470679903 ], [ -108.056605242585107, 40.531865295910372 ], [ -108.049490752778027, 40.527277408346627 ], [ -108.043000854362859, 40.522179097916876 ], [ -108.037198053652702, 40.516619573694648 ], [ -108.032138183214727, 40.510652485760154 ], [ -108.027869866213123, 40.504335404326845 ], [ -108.024434052286111, 40.497729261311946 ], [ -108.021863629261858, 40.490897759882529 ], [ -108.02018311421341, 40.483906757803574 ], [ -108.019408426523398, 40.476823630647061 ], [ -108.019546744787235, 40.469716621090747 ], [ -108.020596448537063, 40.462654180642332 ], [ -108.022547144929121, 40.455704310166752 ], [ -108.025379779711614, 40.448933905575153 ], [ -108.029066830988157, 40.442408114952634 ], [ -108.033572583519828, 40.436189713261385 ], [ -108.03885348057284, 40.430338500558477 ], [ -108.044858549625616, 40.424910729416467 ], [ -108.051529897601696, 40.419958566932998 ] ] ], [ [ [ -108.011523497929559, 40.704029817580832 ], [ -108.018223969885753, 40.699078706415008 ], [ -108.025528852362982, 40.694650854002063 ], [ -108.033367847484399, 40.690788793895621 ], [ -108.041665568374469, 40.687529615687126 ], [ -108.050342261054581, 40.684904611789534 ], [ -108.059314566468231, 40.68293897970829 ], [ -108.068496315528961, 40.681651582530286 ], [ -108.077799349829718, 40.681054769817685 ], [ -108.087134360457298, 40.681154260535237 ], [ -108.096411737221175, 40.681949089068304 ], [ -108.105542420529801, 40.683431614809876 ], [ -108.114438748132073, 40.685587595213192 ], [ -108.123015288985002, 40.688396321626193 ], [ -108.131189656610232, 40.691830816649109 ], [ -108.138883294464094, 40.695858091192989 ], [ -108.146022226064858, 40.700439458866619 ], [ -108.152537762899271, 40.705530904789761 ], [ -108.158367163465712, 40.711083505422437 ], [ -108.163454237204817, 40.717043895521606 ], [ -108.167749887516948, 40.723354777887785 ], [ -108.171212588570128, 40.729955471152614 ], [ -108.173808791159274, 40.736782490485766 ], [ -108.175513253485292, 40.743770155770584 ], [ -108.176309293378665, 40.750851221516321 ], [ -108.176188959191876, 40.757957522542291 ], [ -108.175153117324996, 40.765020629292131 ], [ -108.173211455122242, 40.771972506513542 ], [ -108.170382398679791, 40.778746168975012 ], [ -108.16669294592802, 40.785276327887836 ], [ -108.162178416187515, 40.791500021759148 ], [ -108.156882118239039, 40.797357225521822 ], [ -108.150854939782747, 40.802791431968878 ], [ -108.144154861983395, 40.807750199764513 ], [ -108.136846403593125, 40.812185662606119 ], [ -108.12899999990384, 40.816054994474996 ], [ -108.120691322494068, 40.819320826328777 ], [ -108.112000546393176, 40.821951610057233 ], [ -108.103011571875626, 40.823921926037599 ], [ -108.093811208614397, 40.8252127311819 ], [ -108.084488330353935, 40.825811544960551 ], [ -108.075133008604922, 40.825712571508326 ], [ -108.065835634108709, 40.824916756561606 ], [ -108.056686034963789, 40.823431778635339 ], [ -108.047772600350257, 40.821271974513465 ], [ -108.039181418726216, 40.818458199792921 ], [ -108.03099543920662, 40.815017625878681 ], [ -108.023293664571483, 40.810983475469634 ], [ -108.016150383990421, 40.806394699193703 ], [ -108.009634453100261, 40.801295596640308 ], [ -108.003808628540199, 40.795735385589388 ], [ -107.998728963440371, 40.789767723747531 ], [ -107.994444269686525, 40.78345018776205 ], [ -107.990995652054011, 40.776843714694735 ], [ -107.988416118529969, 40.770012011488845 ], [ -107.986730270332885, 40.76302093825813 ], [ -107.985954074305823, 40.755937871457611 ], [ -107.986094719512934, 40.748831053166803 ], [ -107.987150559018801, 40.741768932820186 ], [ -107.989111136986466, 40.734819507763753 ], [ -107.99195730040158, 40.7280496689948 ], [ -107.995661393924593, 40.721524558361168 ], [ -108.000187535598258, 40.715306943354776 ], [ -108.005491970399575, 40.709456615436928 ], [ -108.011523497929559, 40.704029817580832 ] ] ], [ [ [ -107.337253778158583, 36.965574180494514 ], [ -107.344242512251782, 36.961197248694219 ], [ -107.351731443393206, 36.957390656478843 ], [ -107.359648542983038, 36.954190973242625 ], [ -107.367917700513544, 36.951628931728457 ], [ -107.376459451356112, 36.949729135180547 ], [ -107.385191735467274, 36.948509823094007 ], [ -107.394030679957751, 36.947982697715453 ], [ -107.402891398281255, 36.948152812884317 ], [ -107.411688798671122, 36.949018526227128 ], [ -107.420338394382981, 36.950571515132452 ], [ -107.428757108290725, 36.952796856346289 ], [ -107.436864064430736, 36.955673168442182 ], [ -107.444581359195496, 36.959172815840738 ], [ -107.451834805042267, 36.963262172484754 ], [ -107.45855463980439, 36.967901942723664 ], [ -107.464676194971986, 36.973047536428673 ], [ -107.470140516644335, 36.978649494851233 ], [ -107.474894933247143, 36.984653963259674 ], [ -107.478893564551868, 36.991003205941439 ], [ -107.482097767031945, 36.997636158751284 ], [ -107.484476511136478, 37.004489014016862 ], [ -107.486006686656225, 37.011495832291473 ], [ -107.486673332994329, 37.018589175168813 ], [ -107.486469791831212, 37.025700753152151 ], [ -107.485397780386322, 37.032762082401767 ], [ -107.48346738422066, 37.039705144073132 ], [ -107.480696969290861, 37.046463039905774 ], [ -107.477113013746731, 37.052970637730574 ], [ -107.472749860756636, 37.059165200633167 ], [ -107.467649394436393, 37.064986993641952 ], [ -107.461860641741751, 37.070379862002987 ], [ -107.455439303951849, 37.075291775357414 ], [ -107.448447222111014, 37.079675332450662 ], [ -107.440951781500942, 37.083488221372164 ], [ -107.43302526087372, 37.08669363074781 ], [ -107.424744132780873, 37.08926060778122 ], [ -107.416188321873165, 37.091164359557638 ], [ -107.40744042851631, 37.092386494583593 ], [ -107.3985849254573, 37.092915202127621 ], [ -107.389707335582912, 37.092745367548069 ], [ -107.380893399028281, 37.091878622435544 ], [ -107.372228238017172, 37.090323329052367 ], [ -107.363795527844303, 37.088094499213263 ], [ -107.355676682343358, 37.085213648411774 ], [ -107.347950062023116, 37.081708586648467 ], [ -107.340690212800396, 37.077613148052777 ], [ -107.333967142916848, 37.072966862002083 ], [ -107.327845645202288, 37.067814569024655 ], [ -107.322384671345233, 37.062205985318279 ], [ -107.317636764261536, 37.05619522022009 ], [ -107.313647554019653, 37.049840251419923 ], [ -107.310455322098534, 37.043202363113366 ], [ -107.308090638027437, 37.03634555263983 ], [ -107.30657607169816, 37.029335911441287 ], [ -107.30592598385833, 37.022240986406544 ], [ -107.306146396497667, 37.015129127833291 ], [ -107.307234944039621, 37.008068830344207 ], [ -107.309180905454085, 37.001128073134353 ], [ -107.311965316623557, 36.994373665905975 ], [ -107.315561161532003, 36.987870606764261 ], [ -107.319933640109269, 36.981681458205834 ], [ -107.325040509860656, 36.975865747133241 ], [ -107.330832497747025, 36.970479394575932 ], [ -107.337253778158583, 36.965574180494514 ] ] ], [ [ [ -106.93577023699892, 37.157429056070093 ], [ -106.942800289193769, 37.153074706702 ], [ -106.950328936900462, 37.149292419115042 ], [ -106.958283773486642, 37.146118528977098 ], [ -106.966588329487863, 37.143583521418904 ], [ -106.975162803680789, 37.141711740540892 ], [ -106.983924824866136, 37.140521157612049 ], [ -106.992790237282136, 37.140023200093211 ], [ -107.001673902383516, 37.140222643052127 ], [ -107.010490509594234, 37.141117563960961 ], [ -107.019155388574248, 37.142699361281551 ], [ -107.027585315530757, 37.144952836656934 ], [ -107.035699306154982, 37.147856339941264 ], [ -107.04341938787249, 37.151381975721947 ], [ -107.050671344262398, 37.155495869419141 ], [ -107.05738542472416, 37.160158490496386 ], [ -107.063497012752634, 37.165325029782991 ], [ -107.068947246519826, 37.170945827402853 ], [ -107.073683585854724, 37.176966847325041 ], [ -107.077660320160589, 37.183330194106837 ], [ -107.080839012308132, 37.189974666992491 ], [ -107.083188874093437, 37.196836346164126 ], [ -107.084687069445948, 37.203849205620273 ], [ -107.085318942213519, 37.210945746884391 ], [ -107.08507816603192, 37.218057647524979 ], [ -107.083966814503128, 37.225116418301802 ], [ -107.081995350651638, 37.23205406264421 ], [ -107.079182535398246, 37.238803732116331 ], [ -107.075555255575779, 37.245300371534874 ], [ -107.071148272806312, 37.251481347477245 ], [ -107.066003895354228, 37.25728705405183 ], [ -107.060171575855989, 37.26266148999791 ], [ -107.053707438597073, 37.267552801440431 ], [ -107.046673740748062, 37.271913784939173 ], [ -107.039138272677349, 37.275702345846796 ], [ -107.031173703117219, 37.27888190741421 ], [ -107.022856875563477, 37.281421766559646 ], [ -107.014268062828663, 37.28329739273758 ], [ -107.00549018713609, 37.284490666905128 ], [ -106.996608013530619, 37.284990058177804 ], [ -106.987707324684763, 37.284790736389084 ], [ -106.978874085391766, 37.283894619410368 ], [ -106.970193605157164, 37.282310354744666 ], [ -106.96174970732406, 37.280053235568602 ], [ -106.953623913095541, 37.277145052058458 ], [ -106.945894648651603, 37.273613879486604 ], [ -106.938636483298282, 37.269493805209763 ], [ -106.931919406239814, 37.264824597281525 ], [ -106.925808149134753, 37.259651318001985 ], [ -106.920361561089621, 37.254023886261301 ], [ -106.915632042168497, 37.247996593035431 ], [ -106.911665040860612, 37.241627574845637 ], [ -106.908498620260247, 37.234978250395486 ], [ -106.906163096982908, 37.228112725944456 ], [ -106.904680756080296, 37.221097175264788 ], [ -106.904065644430204, 37.213999200254335 ], [ -106.904323444280593, 37.206887178442308 ], [ -106.905451427823763, 37.199829603725512 ], [ -106.907438492880075, 37.192894426711248 ], [ -106.910265278986046, 37.186148401018329 ], [ -106.913904362418165, 37.179656441802862 ], [ -106.918320527947941, 37.173481002631164 ], [ -106.923471114420792, 37.167681476621041 ], [ -106.929306430587729, 37.162313627518394 ], [ -106.93577023699892, 37.157429056070093 ] ] ], [ [ [ -107.197582798649094, 37.177245502359121 ], [ -107.204029829973805, 37.172346804763578 ], [ -107.211045035127938, 37.167976985467725 ], [ -107.218560904348138, 37.164178032750655 ], [ -107.22650515178681, 37.16098644209341 ], [ -107.234801407964298, 37.158432868161889 ], [ -107.243369949955195, 37.156541832716769 ], [ -107.252128462479519, 37.15533149114524 ], [ -107.260992822823724, 37.154813459761449 ], [ -107.26987790232964, 37.15499270545768 ], [ -107.27869837706136, 37.155867498711871 ], [ -107.287369540190525, 37.157429430371636 ], [ -107.295808108630283, 37.159663492048779 ], [ -107.303933016496188, 37.162548219371253 ], [ -107.311666188079514, 37.166055896761875 ], [ -107.318933283183213, 37.1701528218438 ], [ -107.325664407893413, 37.174799627021329 ], [ -107.331794784140072, 37.1799516552515 ], [ -107.337265371735825, 37.185559386515195 ], [ -107.342023436974912, 37.19156891101678 ], [ -107.346023062318949, 37.197922444696445 ], [ -107.349225592195154, 37.204558882230423 ], [ -107.351600010480638, 37.211414382327497 ], [ -107.353123245841672, 37.218422979807642 ], [ -107.353780401736657, 37.225517218674447 ], [ -107.353564908571116, 37.232628800171078 ], [ -107.352478596207746, 37.239689239640974 ], [ -107.350531685779075, 37.246630525903853 ], [ -107.347742700519078, 37.253385776805445 ], [ -107.344138296114537, 37.259889884607773 ], [ -107.339753011871437, 37.266080144957236 ], [ -107.334628944786076, 37.271896863299503 ], [ -107.32881534939807, 37.27728393280433 ], [ -107.322368167070991, 37.282189378118169 ], [ -107.315349489090394, 37.286565859576001 ], [ -107.307826958674497, 37.29037113287503 ], [ -107.299873117654002, 37.293568459636809 ], [ -107.291564704183102, 37.296126964758997 ], [ -107.282981908385437, 37.29802193697671 ], [ -107.274207593308617, 37.299235069613594 ], [ -107.265326488952681, 37.299754639095575 ], [ -107.256424367442804, 37.299575619421638 ], [ -107.247587207633885, 37.298699731428023 ], [ -107.238900357556346, 37.297135426337825 ], [ -107.23044770314057, 37.294897803749819 ], [ -107.222310851588603, 37.292008464881079 ], [ -107.214568337598038, 37.288495302529206 ], [ -107.207294860387606, 37.284392229856216 ], [ -107.200560559128704, 37.279738850707169 ], [ -107.194430333960284, 37.274580074759541 ], [ -107.188963219259534, 37.268965681343367 ], [ -107.18421181526692, 37.262949836276526 ], [ -107.180221783530001, 37.25659056651368 ], [ -107.177031410943115, 37.249949197811809 ], [ -107.1746712464316, 37.243089760962881 ], [ -107.173163813566532, 37.2360783724329 ], [ -107.172523401611642, 37.228982595475856 ], [ -107.172755936705258, 37.221870787956099 ], [ -107.173858934077273, 37.214811443216149 ], [ -107.175821531403528, 37.207872530367005 ], [ -107.178624602614263, 37.201120840354918 ], [ -107.182240950708959, 37.194621344076076 ], [ -107.186635577392082, 37.188436568667129 ], [ -107.191766026640721, 37.182625997900409 ], [ -107.197582798649094, 37.177245502359121 ] ] ], [ [ [ -106.708668719095286, 37.412606080161254 ], [ -106.715735608949132, 37.408264454233802 ], [ -106.723301173080316, 37.404495817839134 ], [ -106.731292652629207, 37.401336374916625 ], [ -106.739633228839452, 37.398816471509228 ], [ -106.748242757357261, 37.396960306608207 ], [ -106.757038533175191, 37.395785701735704 ], [ -106.765936079115605, 37.395303931385435 ], [ -106.774849950565496, 37.395519615876104 ], [ -106.783694549047127, 37.396430677595397 ], [ -106.792384937142657, 37.398028361027968 ], [ -106.800837647282449, 37.400297316373567 ], [ -106.80897147695697, 37.40321574597624 ], [ -106.816708263021994, 37.406755612206929 ], [ -106.823973627933938, 37.410882904874057 ], [ -106.830697690977559, 37.415557965684982 ], [ -106.836815737831174, 37.420735866749702 ], [ -106.842268842154112, 37.426366839611461 ], [ -106.847004433275714, 37.432396750810611 ], [ -106.850976804515227, 37.438767619544286 ], [ -106.854147557162861, 37.445418172576687 ], [ -106.856485975705354, 37.452284431189355 ], [ -106.857969330478369, 37.459300324639962 ], [ -106.858583104572546, 37.466398324325972 ], [ -106.858321142503641, 37.473510092629482 ], [ -106.857530873037902, 37.478422012397424 ], [ -106.860632313118586, 37.480180550083958 ], [ -106.867364962304819, 37.484853243374594 ], [ -106.87349131114199, 37.490028966603376 ], [ -106.878952353660267, 37.495657972541075 ], [ -106.883695442889447, 37.501686146957034 ], [ -106.887674799907671, 37.508055526082813 ], [ -106.890851958519235, 37.514704851346501 ], [ -106.893196141137835, 37.521570156169602 ], [ -106.894684562051239, 37.528585379296807 ], [ -106.895302654887487, 37.535682998856721 ], [ -106.895044221787003, 37.542794681131163 ], [ -106.893911502504935, 37.54985193784475 ], [ -106.891915162417519, 37.556786785677197 ], [ -106.889074199179618, 37.563532401652061 ], [ -106.88541576857051, 37.570023768065852 ], [ -106.880974930864156, 37.576198300695026 ], [ -106.875794319858784, 37.581996454153305 ], [ -106.869923737492115, 37.587362298468697 ], [ -106.863419677741618, 37.592244061207445 ], [ -106.856344784254716, 37.596594629789422 ], [ -106.848767246863005, 37.600372009013348 ], [ -106.840760142796398, 37.60353972923776 ], [ -106.832400729019852, 37.606067201140988 ], [ -106.823769692656541, 37.607930013505417 ], [ -106.814950366930319, 37.609110171033457 ], [ -106.806027920449665, 37.609596269798693 ], [ -106.79708852795801, 37.609383608558062 ], [ -106.788218530887761, 37.60847423479531 ], [ -106.779503596173598, 37.606876925022036 ], [ -106.771027881802993, 37.604607099525836 ], [ -106.762873217506652, 37.601686672414914 ], [ -106.755118308822503, 37.598143838460679 ], [ -106.750993666499525, 37.595803529765917 ], [ -106.749874521685385, 37.602688485291537 ], [ -106.747863499590451, 37.609621213963493 ], [ -106.74500756968655, 37.6163636858304 ], [ -106.741334032196249, 37.622850912697963 ], [ -106.73687809347966, 37.629020349518647 ], [ -106.731682533634284, 37.634812499398329 ], [ -106.730512747371947, 37.635877769323365 ], [ -106.734453580475147, 37.640893830208995 ], [ -106.738428315009571, 37.647268235585621 ], [ -106.741598775803126, 37.65392161890729 ], [ -106.742167935828675, 37.65559558237635 ], [ -106.746117106014822, 37.656653546352587 ], [ -106.754277257608678, 37.659574971640659 ], [ -106.762038634483218, 37.663117665682812 ], [ -106.769326623452301, 37.667247591996436 ], [ -106.776071126498721, 37.671925067887152 ], [ -106.782207232409633, 37.677105143150762 ], [ -106.787675840261244, 37.682738029282426 ], [ -106.792424228814113, 37.688769575199665 ], [ -106.796406566330802, 37.695141785040725 ], [ -106.799584355830063, 37.701793373193702 ], [ -106.801926811346164, 37.708660351345102 ], [ -106.80341116136232, 37.715676642016668 ], [ -106.804022876233546, 37.722774712786226 ], [ -106.80375581710031, 37.729886225169004 ], [ -106.802612304515748, 37.736942691968949 ], [ -106.800603105761667, 37.743876136802129 ], [ -106.797747340603365, 37.750619749444191 ], [ -106.794072306026393, 37.757108530665903 ], [ -106.789613221299021, 37.763279920293648 ], [ -106.784412895506264, 37.769074402367771 ], [ -106.778521320494633, 37.774436081468515 ], [ -106.771995192942171, 37.779313224538392 ], [ -106.764897370016527, 37.78365876284677 ], [ -106.7572962637948, 37.787430749117505 ], [ -106.749265180282904, 37.790592765268599 ], [ -106.740881609479686, 37.793114276690105 ], [ -106.732226473475009, 37.794970929510164 ], [ -106.723383340039803, 37.796144787861117 ], [ -106.714437609556157, 37.796624508753872 ], [ -106.705475683439317, 37.796405452792939 ], [ -106.696584122414478, 37.795489729607723 ], [ -106.687848803130095, 37.793886177533601 ], [ -106.679354081609674, 37.791610277738393 ], [ -106.671181971968693, 37.788684003651298 ], [ -106.663411348651252, 37.785135607202513 ], [ -106.656117180177077, 37.780999344016116 ], [ -106.649369802034826, 37.776315140309798 ], [ -106.643234235921369, 37.771128204834383 ], [ -106.637769562011897, 37.765488589728683 ], [ -106.633028350362693, 37.759450704665298 ], [ -106.629056156903914, 37.753072789114768 ], [ -106.625891088784996, 37.74641634795497 ], [ -106.625323752644988, 37.744741802445802 ], [ -106.621371424445357, 37.743679875215342 ], [ -106.613206797894378, 37.740749380818798 ], [ -106.605443905809949, 37.7371969530749 ], [ -106.598157641456496, 37.733056886451791 ], [ -106.591418263460383, 37.72836914374421 ], [ -106.58529071581799, 37.723178967662967 ], [ -106.579834000939272, 37.717536441367386 ], [ -106.575100611820233, 37.711496002319784 ], [ -106.571136028793774, 37.705115914291419 ], [ -106.567978285612824, 37.698457702749302 ], [ -106.565657608883043, 37.691585559196064 ], [ -106.564196134092938, 37.684565720319405 ], [ -106.563607700697659, 37.677465828031501 ], [ -106.56389772790925, 37.670354276638882 ], [ -106.565063172038435, 37.663299553482574 ], [ -106.567092565431381, 37.656369579422076 ], [ -106.569966136257307, 37.649631055510874 ], [ -106.57365600763562, 37.643148822123102 ], [ -106.578126473853146, 37.636985236643895 ], [ -106.583334350717806, 37.631199575633623 ], [ -106.584506221514019, 37.630135718064274 ], [ -106.580575884934973, 37.625114391575103 ], [ -106.576615696969768, 37.618734304679748 ], [ -106.573461401888636, 37.612076074620248 ], [ -106.571143193920179, 37.605203892898082 ], [ -106.569683185723122, 37.598183996441783 ], [ -106.569095203653632, 37.591084027648741 ], [ -106.569384663642097, 37.583972381553124 ], [ -106.570548528525549, 37.576917546459164 ], [ -106.572575346880825, 37.569987444413968 ], [ -106.575445372616628, 37.563248777867287 ], [ -106.579130763816764, 37.556766388778392 ], [ -106.583595858589348, 37.55060263628301 ], [ -106.588797524972676, 37.544816798830993 ], [ -106.594685581284324, 37.539464506448311 ], [ -106.601203282679421, 37.534597208470082 ], [ -106.608287869110654, 37.530261681737677 ], [ -106.615871169360361, 37.526499583855497 ], [ -106.623880255345156, 37.523347055668083 ], [ -106.632238140479245, 37.520834376646619 ], [ -106.640864515523901, 37.518985676373781 ], [ -106.649676515049748, 37.517818704788326 ], [ -106.658589507396044, 37.517344663303589 ], [ -106.667517900825757, 37.517568098347979 ], [ -106.67637595845089, 37.51848685829988 ], [ -106.685078614434929, 37.520092114204097 ], [ -106.693542283971851, 37.522368444070594 ], [ -106.701685659592385, 37.525293979970662 ], [ -106.709430486457535, 37.528840616567699 ], [ -106.713550110337962, 37.531182527053545 ], [ -106.714322380565463, 37.526442582630217 ], [ -106.711222263489518, 37.524680176020816 ], [ -106.704495321646959, 37.519998453146904 ], [ -106.698377767496467, 37.51481375384013 ], [ -106.692928508440048, 37.509176107809836 ], [ -106.688199967372981, 37.503139904961174 ], [ -106.684237580043543, 37.496763367880604 ], [ -106.681079361484123, 37.490107987634033 ], [ -106.678755545530393, 37.483237928445767 ], [ -106.677288300679407, 37.476219407110946 ], [ -106.676691524748605, 37.469120053219349 ], [ -106.676970719996575, 37.462008256429819 ], [ -106.678122949561228, 37.45495250713423 ], [ -106.680136875271728, 37.448020736885603 ], [ -106.682992876104166, 37.441279664939344 ], [ -106.686663245786107, 37.434794157169847 ], [ -106.691112467317652, 37.428626603478349 ], [ -106.696297561473685, 37.422836319606233 ], [ -106.702168505687439, 37.417478979011719 ], [ -106.708668719095286, 37.412606080161254 ] ] ], [ [ [ -107.162572515332073, 37.455500545374861 ], [ -107.169615810768732, 37.451132465411533 ], [ -107.177161447600099, 37.447335347040408 ], [ -107.185136855079548, 37.444145667276814 ], [ -107.193465365961615, 37.441594061724032 ], [ -107.202066949467095, 37.439705032692054 ], [ -107.21085897523254, 37.438496715935422 ], [ -107.219757001146348, 37.437980708154541 ], [ -107.22867557778558, 37.438161956840098 ], [ -107.237529062040025, 37.439038713463958 ], [ -107.246232432440721, 37.440602550435514 ], [ -107.254702098699525, 37.442838441655645 ], [ -107.262856698014915, 37.445724905914943 ], [ -107.270617870806419, 37.449234211804644 ], [ -107.277911008704834, 37.453332642240319 ], [ -107.284665967849051, 37.457980816146964 ], [ -107.290817740820373, 37.463134064321601 ], [ -107.296307080882514, 37.468742855982143 ], [ -107.301081072587564, 37.474753272033176 ], [ -107.305093643255404, 37.48110752063257 ], [ -107.308306010332927, 37.487744490235968 ], [ -107.310687060189053, 37.494600334927554 ], [ -107.31221365449889, 37.501609086523871 ], [ -107.312870861011433, 37.508703287662989 ], [ -107.312652106177183, 37.515814639868871 ], [ -107.311559247829479, 37.522874660412327 ], [ -107.309602566860079, 37.529815341679054 ], [ -107.306800677601785, 37.536569806702943 ], [ -107.303180357418185, 37.543072954530736 ], [ -107.29877629679865, 37.549262089154787 ], [ -107.29363077205484, 37.555077525882083 ], [ -107.287793243505575, 37.560463169201938 ], [ -107.281319882810124, 37.565367056468688 ], [ -107.274273033856261, 37.569741862030952 ], [ -107.266720612320029, 37.573545356808559 ], [ -107.258735449677559, 37.576740818743467 ], [ -107.250394588058242, 37.579297390025566 ], [ -107.241778532873468, 37.581190377513359 ], [ -107.232970470627095, 37.58240149332984 ], [ -107.224055459707017, 37.582919033207446 ], [ -107.215119602264622, 37.582737990777396 ], [ -107.206249205506083, 37.581860106641606 ], [ -107.197529940842387, 37.580293851720853 ], [ -107.189046009372291, 37.578054345035703 ], [ -107.180879322102783, 37.575163206737074 ], [ -107.17310870314742, 37.571648347855771 ], [ -107.165809123884259, 37.567543698875738 ], [ -107.159050975709135, 37.562888879848074 ], [ -107.152899388589276, 37.557728815344511 ], [ -107.147413602114327, 37.552113298094731 ], [ -107.142646395165912, 37.546096505654262 ], [ -107.138643579686757, 37.539736474905297 ], [ -107.135443563342136, 37.533094539595758 ], [ -107.133076985131581, 37.526234736469412 ], [ -107.131566427244707, 37.519223185828956 ], [ -107.130926205665105, 37.512127452601142 ], [ -107.131162241224928, 37.505015894138843 ], [ -107.132272012006723, 37.497957001097618 ], [ -107.134244587187325, 37.491018737763021 ], [ -107.137060741631274, 37.484267888182409 ], [ -107.140693149773341, 37.477769414370776 ], [ -107.145106656590471, 37.471585832717295 ], [ -107.150258622756979, 37.46577661451861 ], [ -107.156099340410478, 37.460397616311745 ], [ -107.162572515332073, 37.455500545374861 ] ] ], [ [ [ -107.12398413092788, 37.710153523121207 ], [ -107.131053124119759, 37.705787116077879 ], [ -107.138625974687344, 37.701991763643704 ], [ -107.146629851437012, 37.698803925105437 ], [ -107.154987815078783, 37.696254217741057 ], [ -107.163619553729546, 37.694367125137575 ], [ -107.172442149472573, 37.693160764126134 ], [ -107.181370868853563, 37.692646712475899 ], [ -107.190319970006257, 37.69282989892455 ], [ -107.199203518972567, 37.693708556546405 ], [ -107.207936207712947, 37.695274239875864 ], [ -107.216434166292316, 37.697511905616949 ], [ -107.224615761775766, 37.700400056184804 ], [ -107.232402376474965, 37.703910944747008 ], [ -107.239719158352131, 37.70801083986472 ], [ -107.246495736611436, 37.712660347281876 ], [ -107.252666895789233, 37.717814785879476 ], [ -107.258173201990772, 37.723424614303759 ], [ -107.262961575315913, 37.729435904299429 ], [ -107.266985802962083, 37.735790856333061 ], [ -107.270206987994513, 37.74242835268354 ], [ -107.272593929323563, 37.749284542809519 ], [ -107.274123429027867, 37.756293455480346 ], [ -107.274780523805347, 37.763387631883745 ], [ -107.274558638017623, 37.77049877370014 ], [ -107.273459656512856, 37.777558399965102 ], [ -107.271493916161944, 37.784498506430197 ], [ -107.268680115817247, 37.791252221080306 ], [ -107.268214396836228, 37.792085365174685 ], [ -107.270779002482783, 37.796131101184876 ], [ -107.274003418898673, 37.802768335554788 ], [ -107.27639293561117, 37.809624309886665 ], [ -107.277924329281277, 37.816633055156544 ], [ -107.278582617678865, 37.823727114256585 ], [ -107.278361212935749, 37.830838190049413 ], [ -107.277261994514419, 37.837897802217114 ], [ -107.275295300825107, 37.844837946615463 ], [ -107.272479839198226, 37.851591750791364 ], [ -107.268842514710911, 37.858094119329195 ], [ -107.26441817916799, 37.864282362761948 ], [ -107.261414959528778, 37.86766080290878 ], [ -107.263571739904762, 37.872097006020489 ], [ -107.265962867825678, 37.878953076924617 ], [ -107.267386702780257, 37.885466292467811 ], [ -107.271494861197013, 37.884211124501149 ], [ -107.280144868267314, 37.882314940198938 ], [ -107.288987359834891, 37.881099224860513 ], [ -107.297937412614814, 37.880575645499412 ], [ -107.306909081402637, 37.880749221861322 ], [ -107.315816217272001, 37.881618278944565 ], [ -107.324573287564647, 37.883174463262094 ], [ -107.333096190142854, 37.885402822683581 ], [ -107.341303054421772, 37.888281949111224 ], [ -107.34911502180627, 37.891784182664388 ], [ -107.356456998321306, 37.895875875481742 ], [ -107.363258372448399, 37.900517712697173 ], [ -107.369453691460436, 37.905665087614203 ], [ -107.374983289884682, 37.911268527596427 ], [ -107.379793864116095, 37.917274166712509 ], [ -107.383838987651103, 37.923624260728786 ], [ -107.387079561911122, 37.930257739633639 ], [ -107.389484198176802, 37.937110792509777 ], [ -107.391029526752263, 37.944117479248028 ], [ -107.391700430122015, 37.951210363320264 ], [ -107.391490197548165, 37.958321159606491 ], [ -107.390400599275225, 37.965381391101111 ], [ -107.388441879260995, 37.972323048211408 ], [ -107.385632666128018, 37.979079244307435 ], [ -107.381999802821653, 37.985584861189736 ], [ -107.377578096264884, 37.991777178210107 ], [ -107.372409989102152, 37.997596478910864 ], [ -107.366545156422447, 38.002986629241086 ], [ -107.360040031129643, 38.007895621661774 ], [ -107.352957262381707, 38.012276079764526 ], [ -107.345365112236038, 38.016085718398642 ], [ -107.337336796308819, 38.019287754725141 ], [ -107.328949774870352, 38.021851266089968 ], [ -107.320285001348722, 38.023751491128408 ], [ -107.31142613569186, 38.024970071071422 ], [ -107.302458730435163, 38.025495228819402 ], [ -107.293469397633331, 38.025321883969625 ], [ -107.284544965035494, 38.024451702626962 ], [ -107.275771630007569, 38.02289308148368 ], [ -107.267234119735022, 38.020661066316919 ], [ -107.259014866169721, 38.017777205714026 ], [ -107.251193204019913, 38.014269341488685 ], [ -107.243844599823078, 38.010171337887023 ], [ -107.237039919792366, 38.005522752295974 ], [ -107.23084474369459, 38.000368450748802 ], [ -107.225318731505823, 37.994758172068359 ], [ -107.220515049009947, 37.988746044992766 ], [ -107.216479857861927, 37.982390063083329 ], [ -107.213251874942728, 37.97575152261885 ], [ -107.210862005093801, 37.96889442902814 ], [ -107.209441148957453, 37.962380508886859 ], [ -107.205327537683445, 37.963633661690828 ], [ -107.196665897926977, 37.965524673392778 ], [ -107.187811484837582, 37.966733790000085 ], [ -107.17884980782415, 37.967249326280701 ], [ -107.169867423257571, 37.967066295218054 ], [ -107.160951091201824, 37.966186456894377 ], [ -107.152186930018274, 37.964618301638673 ], [ -107.143659577367387, 37.962376967597955 ], [ -107.13545136606345, 37.959484093551715 ], [ -107.127641523070068, 37.955967608442315 ], [ -107.120305399664829, 37.951861459729486 ], [ -107.113513740451353, 37.947205283290089 ], [ -107.10733199846284, 37.942044018165859 ], [ -107.10181970308976, 37.936427470007452 ], [ -107.097029886982483, 37.930409827565548 ], [ -107.093008577436422, 37.924049137035077 ], [ -107.089794357072194, 37.917406739461278 ], [ -107.087417997884828, 37.910546676763431 ], [ -107.085902171965586, 37.903535072220365 ], [ -107.085261241405931, 37.896439491488771 ], [ -107.085501129086381, 37.889328290390502 ], [ -107.086619271242355, 37.882269955806414 ], [ -107.088604651893576, 37.875332446053115 ], [ -107.091437918431353, 37.868582537095158 ], [ -107.095091576887512, 37.862085180860738 ], [ -107.099530264665546, 37.855902881784843 ], [ -107.102540626645393, 37.852528360157478 ], [ -107.100393992794366, 37.848088883324706 ], [ -107.098019189913742, 37.841228922450121 ], [ -107.096504094316685, 37.834217364995112 ], [ -107.09586306191089, 37.827121776137297 ], [ -107.096102017430766, 37.820010511801328 ], [ -107.097218406951797, 37.812952059550774 ], [ -107.099201232192101, 37.806014378955474 ], [ -107.10203116589787, 37.79926424778693 ], [ -107.10249882577088, 37.79843170434102 ], [ -107.099943144241209, 37.794382028000101 ], [ -107.096734487070663, 37.787739535020023 ], [ -107.094362216635687, 37.780879367238818 ], [ -107.092848967065322, 37.773867648744989 ], [ -107.092209077181522, 37.766771946176092 ], [ -107.092448461452477, 37.759660616500909 ], [ -107.093564562577683, 37.752602147903289 ], [ -107.095546385792844, 37.74566450014369 ], [ -107.098374614193176, 37.738914450751551 ], [ -107.102021803603165, 37.732416953316715 ], [ -107.106452654779702, 37.726234514004709 ], [ -107.111624360027335, 37.720426592220207 ], [ -107.117487020636119, 37.71504903108854 ], [ -107.12398413092788, 37.710153523121207 ] ] ], [ [ [ -106.850903071391684, 37.765278569532335 ], [ -106.857993930085101, 37.760928012108643 ], [ -106.865586989882871, 37.757149715303015 ], [ -106.873609227697656, 37.753979974623547 ], [ -106.881983529994557, 37.751449233813126 ], [ -106.890629429873968, 37.749581794809437 ], [ -106.89946387503484, 37.748395586390707 ], [ -106.908402019488832, 37.74790199363381 ], [ -106.917358031709426, 37.748105749747381 ], [ -106.926245911773194, 37.74900489126545 ], [ -106.934980309982834, 37.750590777004135 ], [ -106.943477339452258, 37.752848170596593 ], [ -106.951655375183918, 37.755755385836963 ], [ -106.959435832277393, 37.759284493485659 ], [ -106.966743916074222, 37.763401587621381 ], [ -106.973509337270187, 37.768067109073243 ], [ -106.979666985307261, 37.773236222935473 ], [ -106.985157553697348, 37.778859246659749 ], [ -106.989928111324531, 37.7848821247429 ], [ -106.99393261422162, 37.791246945582017 ], [ -106.997132352819378, 37.797892495662076 ], [ -106.999496330219074, 37.804754845874484 ], [ -107.00100156763952, 37.811767964443227 ], [ -107.001633333835485, 37.818864350662196 ], [ -107.001385295969257, 37.825975683426201 ], [ -107.000259590139038, 37.833033478370524 ], [ -106.998266810519624, 37.839969747324581 ], [ -106.995425916846287, 37.846717653734267 ], [ -106.991764060765576, 37.853212157717479 ], [ -106.987316332378967, 37.859390644489118 ], [ -106.982125429107327, 37.865193530025941 ], [ -106.976241249799628, 37.870564838036806 ], [ -106.969720417785553, 37.875452742561443 ], [ -106.962625737322128, 37.879810070836143 ], [ -106.955025588597124, 37.883594761438587 ], [ -106.946993267118415, 37.886770273149651 ], [ -106.938606273928997, 37.889305940447663 ], [ -106.929945563632756, 37.891177272071431 ], [ -106.921094757688806, 37.892366189650311 ], [ -106.912139330824601, 37.892861203995025 ], [ -106.903165778724315, 37.892657527265705 ], [ -106.894260775363634, 37.891757119877731 ], [ -106.885510328482624, 37.890168671662181 ], [ -106.876998941711733, 37.8879075174615 ], [ -106.868808791792972, 37.884995488000889 ], [ -106.861018929167855, 37.881460697529022 ], [ -106.853704509942077, 37.877337270356158 ], [ -106.84693606688343, 37.872665009029106 ], [ -106.840778826674111, 37.867489007463718 ], [ -106.835292080125072, 37.861859212898779 ], [ -106.830528611477035, 37.855829941036511 ], [ -106.826534192268696, 37.849459349188152 ], [ -106.823347144557374, 37.842808872644085 ], [ -106.820997977538568, 37.835942629832815 ], [ -106.819509100840804, 37.828926802119568 ], [ -106.81889461697935, 37.821828994320427 ], [ -106.819160194645875, 37.814717582170708 ], [ -106.820303023701939, 37.807661053085944 ], [ -106.822311851940839, 37.800727346591046 ], [ -106.825167102890831, 37.793983200767236 ], [ -106.828841073164639, 37.787493510980703 ], [ -106.833298207118872, 37.781320707010991 ], [ -106.838495445879872, 37.775524154495692 ], [ -106.84438264712594, 37.770159586352335 ], [ -106.850903071391684, 37.765278569532335 ] ] ], [ [ [ -106.967799991949704, 38.056590785782596 ], [ -106.974336475344387, 38.051702682525587 ], [ -106.981446552090844, 38.047344327766105 ], [ -106.989061803431994, 38.043557596660847 ], [ -106.997108992952107, 38.04037886472706 ], [ -107.005510767932464, 38.03783866106702 ], [ -107.014186398694449, 38.035961377553171 ], [ -107.023052549024797, 38.034765036653525 ], [ -107.032024070531477, 38.034261120030223 ], [ -107.041014813592952, 38.034454459480564 ], [ -107.049938447435096, 38.03534319121318 ], [ -107.058709281802138, 38.036918773869417 ], [ -107.067243082677393, 38.039166070113211 ], [ -107.075457874559874, 38.042063491028827 ], [ -107.083274721909561, 38.045583201987505 ], [ -107.090618482541501, 38.049691388077299 ], [ -107.0974185259725, 38.054348576639377 ], [ -107.103609410006385, 38.059510013921766 ], [ -107.109131509182546, 38.065126092355875 ], [ -107.113931589106912, 38.071142824481726 ], [ -107.117963321134141, 38.077502359103697 ], [ -107.121187732371453, 38.084143534849638 ], [ -107.123573586528181, 38.091002465939958 ], [ -107.125097691735903, 38.098013154650246 ], [ -107.125745132110367, 38.105108124677592 ], [ -107.125509420513254, 38.112219069397867 ], [ -107.124392570694752, 38.119277508833264 ], [ -107.122405087752142, 38.126215449038675 ], [ -107.119565876617074, 38.13296603756266 ], [ -107.115902069080377, 38.139464208648349 ], [ -107.111448770667565, 38.145647311909137 ], [ -107.106248729485216, 38.151455718347115 ], [ -107.100351929955835, 38.156833397776211 ], [ -107.093815115140728, 38.161728461967733 ], [ -107.086701242103899, 38.166093668150772 ], [ -107.07907887548761, 38.169886877871619 ], [ -107.071021525140523, 38.173071466642511 ], [ -107.062606934254831, 38.17561668028489 ], [ -107.05391632501744, 38.177497934394118 ], [ -107.045033609258141, 38.178697053913254 ], [ -107.036044571972567, 38.179202450398371 ], [ -107.027036035908267, 38.179009235181525 ], [ -107.018095015619039, 38.178119267279875 ], [ -107.009307869516277, 38.176541135558011 ], [ -107.000759458470512, 38.174290075312122 ], [ -106.992532319444948, 38.171387820107739 ], [ -106.984705862473007, 38.167862390354031 ], [ -106.97735559903002, 38.163747820734201 ], [ -106.970552409495028, 38.15908382922354 ], [ -106.964361856962839, 38.153915431007931 ], [ -106.958843554150036, 38.148292501160654 ], [ -106.954050589554384, 38.142269290437071 ], [ -106.950029018380093, 38.135903899000681 ], [ -106.946817423042617, 38.129257713296383 ], [ -106.944446547325072, 38.122394811632368 ], [ -106.94293900748491, 38.115381344318685 ], [ -106.942309082812102, 38.108284894437503 ], [ -106.942562587330769, 38.101173825482469 ], [ -106.943696823523354, 38.094116622205711 ], [ -106.945700618148123, 38.087181231048056 ], [ -106.948554439427681, 38.080434406503485 ], [ -106.952230594113018, 38.073941069682562 ], [ -106.956693502184294, 38.067763685195125 ], [ -106.961900046239109, 38.061961662271102 ], [ -106.967799991949704, 38.056590785782596 ] ] ], [ [ [ -106.762531877857143, 38.119127780863209 ], [ -106.771307507811386, 38.120724709941399 ], [ -106.779843217138946, 38.122992837150733 ], [ -106.788057011132224, 38.12591037446272 ], [ -106.795869962476232, 38.12944929484695 ], [ -106.803206964616166, 38.133575599502954 ], [ -106.809997449832863, 38.138249642124663 ], [ -106.816176065312192, 38.14342650719437 ], [ -106.821683300834664, 38.149056438795697 ], [ -106.826466062107784, 38.155085315958701 ], [ -106.830478184215437, 38.161455170104695 ], [ -106.833680880162035, 38.168104739751961 ], [ -106.836043120045332, 38.174970057276347 ], [ -106.837541936994299, 38.181985062200724 ], [ -106.838162656657587, 38.189082235213313 ], [ -106.837899047716633, 38.196193246894261 ], [ -106.83675339162356, 38.203249614963518 ], [ -106.834736470519303, 38.210183363752812 ], [ -106.831867473068144, 38.216927679555063 ], [ -106.828173818741888, 38.223417555514345 ], [ -106.823690901893983, 38.229590419792721 ], [ -106.818461757771445, 38.235386740883712 ], [ -106.812536653411755, 38.24075060413967 ], [ -106.80597260715426, 38.245630253837611 ], [ -106.798832841249592, 38.249978595424899 ], [ -106.791186172768192, 38.253753652960498 ], [ -106.785701393733746, 38.255902440864553 ], [ -106.784626646148254, 38.256556672137869 ], [ -106.776978529341051, 38.260330834331945 ], [ -106.768897332401494, 38.263495209180469 ], [ -106.760461031318542, 38.266019237937506 ], [ -106.75175106027524, 38.267878541278286 ], [ -106.74285152014231, 38.269055156856965 ], [ -106.733848360080856, 38.269537714473131 ], [ -106.724828540464628, 38.269321547074142 ], [ -106.715879185546527, 38.268408736465986 ], [ -106.707086734413323, 38.26680809326237 ], [ -106.698536098794776, 38.264535071265698 ], [ -106.690309836216258, 38.26161161713415 ], [ -106.682487346812053, 38.258065956842898 ], [ -106.675144101848787, 38.253932321080228 ], [ -106.668350911652226, 38.249250612332908 ], [ -106.662173240189247, 38.244066016993294 ], [ -106.656670573037971, 38.238428566365258 ], [ -106.65189584489103, 38.232392650944945 ], [ -106.64789493208643, 38.226016492805293 ], [ -106.644706214959868, 38.219361581312583 ], [ -106.642360214067679, 38.212492077746788 ], [ -106.640879303554584, 38.205474194682353 ], [ -106.640277504141281, 38.198375556209498 ], [ -106.640560357397234, 38.191264545237182 ], [ -106.641724882149106, 38.184209644217233 ], [ -106.643759613068241, 38.177278775663545 ], [ -106.646644720686311, 38.170538648814507 ], [ -106.650352211316303, 38.164054118697386 ], [ -106.654846204612667, 38.157887563708158 ], [ -106.660083285795437, 38.152098287615992 ], [ -106.666012928894546, 38.146741951645758 ], [ -106.672577986745765, 38.141870041984198 ], [ -106.679715242893536, 38.137529377702243 ], [ -106.687356020030109, 38.133761663688915 ], [ -106.692834842029754, 38.131617578005624 ], [ -106.693908649827449, 38.130964198140411 ], [ -106.701547990077145, 38.12719558971623 ], [ -106.709617447754482, 38.124036071445474 ], [ -106.718039458631154, 38.121515988125317 ], [ -106.726733100870632, 38.119659538869229 ], [ -106.735614867199843, 38.118484546749947 ], [ -106.744599460821107, 38.11800228927045 ], [ -106.753600607714745, 38.118217391215929 ], [ -106.762531877857143, 38.119127780863209 ] ] ], [ [ [ -106.745235449188186, 38.393641431164127 ], [ -106.751816681129242, 38.388764878839524 ], [ -106.758972676594738, 38.384419101045559 ], [ -106.766634577787258, 38.38064585094547 ], [ -106.774728702857828, 38.377481373673312 ], [ -106.783177251404453, 38.374956060835373 ], [ -106.791899047961039, 38.373094161027389 ], [ -106.800810316537138, 38.371913549034694 ], [ -106.809825479025108, 38.371425555835003 ], [ -106.818857970104304, 38.371634860960022 ], [ -106.827821061146494, 38.372539448196569 ], [ -106.836628685557699, 38.374130625024648 ], [ -106.845196257983645, 38.376393105604315 ], [ -106.853441479856357, 38.379305156539552 ], [ -106.861285123867361, 38.382838804069088 ], [ -106.868651790122144, 38.38696010076896 ], [ -106.875470626954382, 38.391629449299415 ], [ -106.881676009663224, 38.396801980199101 ], [ -106.887208170776731, 38.402427980222036 ], [ -106.892013775840738, 38.40845336723622 ], [ -106.896046439184971, 38.414820207257137 ], [ -106.899267174621457, 38.421467268782479 ], [ -106.901644776587403, 38.42833060922775 ], [ -106.90315612784832, 38.435344187940302 ], [ -106.903179090835437, 38.435602748910632 ], [ -106.906086657391981, 38.437226663476658 ], [ -106.912912678640083, 38.441893609455931 ], [ -106.91912510475187, 38.447063933035196 ], [ -106.924664100778017, 38.452687942417519 ], [ -106.92947626665952, 38.458711574869277 ], [ -106.93351515361681, 38.46507691355815 ], [ -106.936741715453138, 38.471722741712895 ], [ -106.939124690277865, 38.478585128906602 ], [ -106.939890932245888, 38.48212939310126 ], [ -106.946555396916068, 38.486679470088731 ], [ -106.95277413327274, 38.491847806039061 ], [ -106.954706354105625, 38.493807023826619 ], [ -106.957336838188439, 38.4940689087599 ], [ -106.966161790503321, 38.495649848512144 ], [ -106.974747546850054, 38.497902319651928 ], [ -106.981596590029199, 38.500307776696545 ], [ -106.987740835421349, 38.497895321520197 ], [ -106.996195171058389, 38.495354515390019 ], [ -107.003707646049506, 38.493738503065089 ], [ -107.004170538721752, 38.490854661679734 ], [ -107.006177805968932, 38.483918538275041 ], [ -107.009039920642806, 38.477170399144811 ], [ -107.012729105157163, 38.470675177476593 ], [ -107.017209650111795, 38.464495355197712 ], [ -107.022438265075436, 38.458690363961345 ], [ -107.028364500830122, 38.453316015993494 ], [ -107.034931238810643, 38.448423970158395 ], [ -107.042075242892579, 38.444061238248331 ], [ -107.049727768153716, 38.440269736107766 ], [ -107.057815220758485, 38.437085883767388 ], [ -107.066259862696029, 38.434540258294952 ], [ -107.074980554739199, 38.432657302569851 ], [ -107.083893530688101, 38.43145509266342 ], [ -107.092913195714928, 38.430945165960537 ], [ -107.101952941439791, 38.431132411594277 ], [ -107.110925970239109, 38.432015024190889 ], [ -107.119746121218625, 38.433584521338773 ], [ -107.128328690273591, 38.435825824610184 ], [ -107.136591236706735, 38.438717403380025 ], [ -107.144454368983006, 38.442231480109285 ], [ -107.151842502365412, 38.446334295193552 ], [ -107.157468334563418, 38.450159541215065 ], [ -107.161737763315472, 38.448868665829778 ], [ -107.170457344806536, 38.446978625081314 ], [ -107.179370142292143, 38.445769144569923 ], [ -107.188390562494263, 38.44525183117068 ], [ -107.197431989783411, 38.445431644607744 ], [ -107.206407610555843, 38.44630685054026 ], [ -107.215231239352519, 38.447869037368179 ], [ -107.223818139140491, 38.450103196591698 ], [ -107.232085828226545, 38.452987865974933 ], [ -107.239954866379648, 38.456495334186457 ], [ -107.247349612904046, 38.460591905022888 ], [ -107.254198949629298, 38.465238218771432 ], [ -107.260436962064119, 38.470389627734463 ], [ -107.26600357229988, 38.475996622434096 ], [ -107.270845117643475, 38.482005304534951 ], [ -107.274914869409216, 38.48835790207864 ], [ -107.278173486801123, 38.494993322214349 ], [ -107.280589401371728, 38.501847736242112 ], [ -107.282139128144635, 38.508855191462466 ], [ -107.282807500136798, 38.51594824405052 ], [ -107.28258782370456, 38.523058606948879 ], [ -107.28148195286353, 38.530117806604217 ], [ -107.279500281489021, 38.537057842259941 ], [ -107.276661653085483, 38.543811841462883 ], [ -107.272993188613, 38.550314705449573 ], [ -107.268530033668569, 38.556503738145786 ], [ -107.2633150271311, 38.56231925264354 ], [ -107.257398294182963, 38.567705149212792 ], [ -107.250836767407932, 38.572609459158571 ], [ -107.243693640425207, 38.576984849147358 ], [ -107.236037759243089, 38.580789080997334 ], [ -107.227942957192496, 38.583985422351155 ], [ -107.219487339921585, 38.586543004124479 ], [ -107.210752527488467, 38.588437121143777 ], [ -107.201822861071037, 38.589649472947094 ], [ -107.192784582214543, 38.590168342316225 ], [ -107.183724992851083, 38.589988709731507 ], [ -107.174731604547475, 38.589112302583764 ], [ -107.165891285563347, 38.587547578635721 ], [ -107.157289414329398, 38.585309643888273 ], [ -107.149009047884647, 38.582420105669897 ], [ -107.141130113643683, 38.578906862420077 ], [ -107.133728632601247, 38.574803832274853 ], [ -107.128093979492348, 38.570977764839256 ], [ -107.123816770935449, 38.572267613116431 ], [ -107.116299242699739, 38.573891472306912 ], [ -107.115840469561149, 38.576775607081856 ], [ -107.11384165199857, 38.583713283281938 ], [ -107.110985681732373, 38.590463713069362 ], [ -107.107299847218158, 38.596961831183044 ], [ -107.102819462148531, 38.603144986479599 ], [ -107.097587532448159, 38.608953548007534 ], [ -107.09165434764428, 38.614331482505108 ], [ -107.085077000329292, 38.619226897636338 ], [ -107.077918838193611, 38.623592545594477 ], [ -107.075197760974518, 38.624938549782087 ], [ -107.07855367455204, 38.627714186043136 ], [ -107.084119269096661, 38.633329754367246 ], [ -107.088957192410319, 38.639345947479129 ], [ -107.093020748163326, 38.645704921167933 ], [ -107.096270652536788, 38.652345521025225 ], [ -107.098675418235501, 38.659203868086855 ], [ -107.100211664935046, 38.666213971181122 ], [ -107.100864352900288, 38.673308360195968 ], [ -107.100626937205163, 38.680418734255149 ], [ -107.099501440709929, 38.687476618624153 ], [ -107.097498444712741, 38.694414024055419 ], [ -107.094636996975467, 38.701164102228645 ], [ -107.090944437626504, 38.70766179095066 ], [ -107.086456144254754, 38.713844442848597 ], [ -107.08121519832325, 38.719652431421856 ], [ -107.07527197583623, 38.725029728512197 ], [ -107.068683665983116, 38.729924447506697 ], [ -107.061513722243916, 38.734289346902059 ], [ -107.053831251166343, 38.738082289231393 ], [ -107.045710344702456, 38.741266650779167 ], [ -107.037229362614298, 38.743811677986848 ], [ -107.028470172014664, 38.745692786972377 ], [ -107.019517351590196, 38.746891803147946 ], [ -107.010457368455889, 38.747397138517009 ], [ -107.001377735902238, 38.747203904854054 ], [ -106.992366160517349, 38.746313961615151 ], [ -106.983509687289725, 38.74473589808602 ], [ -106.974893851323515, 38.742484949936753 ], [ -106.966601844724565, 38.73958285101596 ], [ -106.95871370704478, 38.73605762186974 ], [ -106.951305547405511, 38.731943297107293 ], [ -106.944448806064628, 38.727279594347841 ], [ -106.93820956274827, 38.722111528065284 ], [ -106.932647898547941, 38.716488972192032 ], [ -106.931362347431246, 38.714886262058066 ], [ -106.931106726778467, 38.716465055630209 ], [ -106.929086632113652, 38.723399989684324 ], [ -106.92620811692737, 38.730146356363143 ], [ -106.922498686416958, 38.736639128370399 ], [ -106.91799388165424, 38.742815704947979 ], [ -106.912736944386367, 38.748616517507365 ], [ -106.906778406110618, 38.753985606565152 ], [ -106.900175605163568, 38.758871164301389 ], [ -106.892992136326853, 38.763226037375134 ], [ -106.885297238176051, 38.76700818500467 ], [ -106.877165124077308, 38.770181087746664 ], [ -106.86867426335678, 38.772714102885615 ], [ -106.859906619722977, 38.774582762866984 ], [ -106.850946854503292, 38.775769013770017 ], [ -106.841881502654743, 38.776261391412575 ], [ -106.832798129820645, 38.776055133304673 ], [ -106.823784478923287, 38.775152225311814 ], [ -106.814927614904775, 38.773561382547733 ], [ -106.806313076251513, 38.771297964679995 ], [ -106.798024041862476, 38.768383826494272 ], [ -106.790140521648382, 38.764847105215836 ], [ -106.782738578980229, 38.760721946723365 ], [ -106.775889592746395, 38.756048173401275 ], [ -106.769659566333445, 38.750870896958951 ], [ -106.764108490322485, 38.745240080088628 ], [ -106.759289765099155, 38.739210051334659 ], [ -106.755249688920827, 38.732838978000053 ], [ -106.752027016275974, 38.726188302316459 ], [ -106.74965259062148, 38.719322146447901 ], [ -106.748149054799867, 38.712306692183887 ], [ -106.747530641634881, 38.705209541401395 ], [ -106.747803046384874, 38.698099063536837 ], [ -106.74880248709357, 38.692022118711407 ], [ -106.748221861403209, 38.69162523344945 ], [ -106.741999547304943, 38.686446250235655 ], [ -106.73645576817627, 38.680813893662837 ], [ -106.731643854055292, 38.674782506836571 ], [ -106.727610037704935, 38.668410269858711 ], [ -106.725154192139485, 38.663332600637801 ], [ -106.723715378966148, 38.66295273828208 ], [ -106.715442157176469, 38.660032322521623 ], [ -106.707574598638686, 38.656489599754401 ], [ -106.700188611542302, 38.652358773558362 ], [ -106.693355419833054, 38.647679720685858 ], [ -106.687140873735245, 38.642497603367531 ], [ -106.681604813963489, 38.636862430496272 ], [ -106.67680049580612, 38.630828572067742 ], [ -106.672774078607887, 38.624454231706999 ], [ -106.66956418547332, 38.617800882510373 ], [ -106.667201537262642, 38.610932671774869 ], [ -106.66570866417112, 38.60391580047304 ], [ -106.665099697379105, 38.596817883553413 ], [ -106.665380242444016, 38.589707297308721 ], [ -106.666547335286424, 38.582652520151036 ], [ -106.668589480810411, 38.575721473168421 ], [ -106.671486773398868, 38.568980866810129 ], [ -106.675211097749454, 38.562495559959153 ], [ -106.679726407768854, 38.556327937504378 ], [ -106.684989080531608, 38.550537312320593 ], [ -106.690948341637267, 38.54517935730847 ], [ -106.697546757673493, 38.540305572838847 ], [ -106.7047207909131, 38.535962794592507 ], [ -106.712401410847164, 38.532192746389377 ], [ -106.720514756681595, 38.529031642166444 ], [ -106.728982844508252, 38.526509840793182 ], [ -106.737724312499751, 38.524651556913817 ], [ -106.739139228485328, 38.524465144766303 ], [ -106.744895919953905, 38.520976435574575 ], [ -106.752572778218081, 38.51720382853204 ], [ -106.760474690034059, 38.514121134045197 ], [ -106.758957035376326, 38.509719639875421 ], [ -106.75745775043508, 38.502703983245588 ], [ -106.757435276329517, 38.50244538440856 ], [ -106.754528222101811, 38.500817777821787 ], [ -106.747706345768947, 38.496141529135883 ], [ -106.741501461596883, 38.490961956712361 ], [ -106.735973317894349, 38.485329044398874 ], [ -106.731175094724392, 38.479297139962291 ], [ -106.727152894072177, 38.472924427846955 ], [ -106.723945300048854, 38.466272365215119 ], [ -106.721583013200416, 38.459405086839638 ], [ -106.720088562212169, 38.452388784704333 ], [ -106.719476095497356, 38.445291068391356 ], [ -106.719751254344601, 38.438180312496527 ], [ -106.720911128482385, 38.431124997411665 ], [ -106.722944294106668, 38.424193049848789 ], [ -106.725830933622049, 38.417451189454013 ], [ -106.729543035571069, 38.410964287771385 ], [ -106.734044672480948, 38.4047947456706 ], [ -106.739292353645382, 38.399001895149205 ], [ -106.745235449188186, 38.393641431164127 ] ], [ [ -106.904462361461029, 38.645025042761745 ], [ -106.903476633695192, 38.651103017931071 ], [ -106.904057749014555, 38.651499121353616 ], [ -106.910288263491879, 38.656669290079897 ], [ -106.915843392527975, 38.662293128295502 ], [ -106.917127613748292, 38.6638960558452 ], [ -106.917383404312432, 38.66231727633815 ], [ -106.919403166578761, 38.655382491171117 ], [ -106.922279626022544, 38.648636271140838 ], [ -106.925984865625466, 38.642143530175545 ], [ -106.929543340337858, 38.637257180568128 ], [ -106.925147587202531, 38.63681956527266 ], [ -106.916305978481162, 38.635235992973669 ], [ -106.907705318626398, 38.632979658718355 ], [ -106.904168272549299, 38.631737317049634 ], [ -106.904719235289122, 38.637914525299522 ], [ -106.904462361461029, 38.645025042761745 ] ] ], [ [ [ -107.278344575350459, 38.909594498223754 ], [ -107.284933933363874, 38.904688022033582 ], [ -107.292106169038092, 38.900309416857112 ], [ -107.299792264416368, 38.896500749461929 ], [ -107.307918302479536, 38.893298603089853 ], [ -107.316406174991215, 38.890733728816272 ], [ -107.325174328969155, 38.888830752732169 ], [ -107.334138544814365, 38.887607941642848 ], [ -107.343212738881235, 38.887077029431808 ], [ -107.352309783083228, 38.887243105675864 ], [ -107.361342333998564, 38.888104567523115 ], [ -107.370223663869837, 38.889653135263174 ], [ -107.378868485880233, 38.891873931434773 ], [ -107.387193766136249, 38.894745622731982 ], [ -107.395119514893011, 38.898240623394258 ], [ -107.40256954972385, 38.902325358198489 ], [ -107.40947222355787, 38.906960582621593 ], [ -107.415761110790797, 38.912101757209996 ], [ -107.421375645012347, 38.917699472686429 ], [ -107.426261702287221, 38.923699921845056 ], [ -107.430372124376518, 38.930045413840816 ], [ -107.43366717678947, 38.936674926068797 ], [ -107.436114937109693, 38.943524688461395 ], [ -107.437691609643579, 38.950528794706678 ], [ -107.438381763088373, 38.957619834614391 ], [ -107.438178488607605, 38.964729541631748 ], [ -107.437083476431297, 38.971789449339255 ], [ -107.435107009857205, 38.978731550642806 ], [ -107.432267876315834, 38.985488953322644 ], [ -107.428593195966215, 38.991996525604833 ], [ -107.424118169103465, 38.998191525487258 ], [ -107.41888574447654, 39.004014207681223 ], [ -107.412946211424853, 39.009408402220267 ], [ -107.406356719534429, 39.014322059040047 ], [ -107.399180730282666, 39.018707753144298 ], [ -107.391487405869739, 39.022523145341339 ], [ -107.383350941119218, 39.025731393957919 ], [ -107.374849844957524, 39.028301513411442 ], [ -107.3660661785446, 39.030208676040196 ], [ -107.357084757615766, 39.03143445415099 ], [ -107.347992327002018, 39.031966999838353 ], [ -107.338876715614802, 39.031801160751392 ], [ -107.329825980407421, 39.030938530628248 ], [ -107.320927547953872, 39.029387434076078 ], [ -107.312267362316987, 39.027162845738069 ], [ -107.303929047807486, 39.024286244652266 ], [ -107.295993095069036, 39.02078540526113 ], [ -107.28853607865949, 39.016694127168122 ], [ -107.281629913944258, 39.012051906352255 ], [ -107.275341160675509, 39.006903551135061 ], [ -107.269730380110403, 39.001298746741298 ], [ -107.264851551928842, 38.995291572799317 ], [ -107.2607515565564, 38.988939978582785 ], [ -107.257469727789257, 38.982305221200185 ], [ -107.255037479866772, 38.975451272286016 ], [ -107.253478012351891, 38.968444199036597 ], [ -107.252806095371881, 38.961351525661492 ], [ -107.253027936950687, 38.954241581486201 ], [ -107.254141133340127, 38.947182842044143 ], [ -107.256134702437848, 38.940243269534207 ], [ -107.258989199576234, 38.933489658997061 ], [ -107.262676914183544, 38.926986996478128 ], [ -107.267162145065214, 38.920797835301492 ], [ -107.272401551335406, 38.914981696378959 ], [ -107.278344575350459, 38.909594498223754 ] ] ], [ [ [ -107.122987993103521, 39.01504485998958 ], [ -107.130181495797217, 39.010675693856271 ], [ -107.137888430371618, 39.00687717960848 ], [ -107.146034681241971, 39.003685802728569 ], [ -107.154541947723615, 39.001132210795575 ], [ -107.163328492272186, 38.999240921655478 ], [ -107.172309920305679, 38.998030090146585 ], [ -107.181399984378572, 38.997511335519341 ], [ -107.190511405289982, 38.997689631127102 ], [ -107.199556702579031, 38.998563257390543 ], [ -107.208449026790134, 39.000123818455535 ], [ -107.217102985880828, 39.002356322380813 ], [ -107.225435458192621, 39.005239324107613 ], [ -107.233366384512848, 39.008745129887643 ], [ -107.240819531920607, 39.012840061279277 ], [ -107.247723222334557, 39.0174847762719 ], [ -107.254011018961776, 39.022634644567063 ], [ -107.259622364186015, 39.028240173538734 ], [ -107.264503162829101, 39.034247480916733 ], [ -107.268606305170053, 39.040598809791703 ], [ -107.271892124610844, 39.047233081131218 ], [ -107.274328785433511, 39.054086478628612 ], [ -107.275892596698881, 39.061093060381857 ], [ -107.276568248987914, 39.068185391624759 ], [ -107.276348971379591, 39.075295192507326 ], [ -107.275236606789946, 39.082353994752808 ], [ -107.273241604558322, 39.089293800904102 ], [ -107.270382929955161, 39.096047739818758 ], [ -107.266687891091181, 39.102550712076805 ], [ -107.262191884524626, 39.108740019033938 ], [ -107.256938061681893, 39.114555969381826 ], [ -107.2509769190181, 39.119942457269758 ], [ -107.244365815639199, 39.124847506294685 ], [ -107.237168422874831, 39.129223773979433 ], [ -107.229454111022562, 39.133029011729164 ], [ -107.221297279168482, 39.136226475680026 ], [ -107.212776634616873, 39.138785284328883 ], [ -107.2039744290241, 39.140680719352837 ], [ -107.19497565881953, 39.141894466588298 ], [ -107.185867237902329, 39.14241479473408 ], [ -107.176737150921312, 39.142236669966891 ], [ -107.167673595668973, 39.141361805300846 ], [ -107.158764123248687, 39.139798644181774 ], [ -107.150094784702347, 39.137562278470668 ], [ -107.141749292713868, 39.134674301633872 ], [ -107.133808206834559, 39.131162598611837 ], [ -107.126348150409285, 39.127061074475215 ], [ -107.119441067025306, 39.122409324591089 ], [ -107.113153523860746, 39.117252249605343 ], [ -107.107546068786405, 39.111639619092998 ], [ -107.102672647479693, 39.105625588231888 ], [ -107.098580086151372, 39.099268172309955 ], [ -107.095307644775417, 39.092628684280044 ], [ -107.092886644958554, 39.085771140921914 ], [ -107.091340175798479, 39.078761643459337 ], [ -107.090682880270606, 39.07166773870663 ], [ -107.090920823860628, 39.064557766982333 ], [ -107.092051446334324, 39.057500203128676 ], [ -107.094063596716609, 39.050562997012655 ], [ -107.09693765074654, 39.043812919859874 ], [ -107.100645709292323, 39.037314922686321 ], [ -107.105151875456329, 39.031131512948072 ], [ -107.110412607382372, 39.025322155327949 ], [ -107.116377143099385, 39.019942702322794 ], [ -107.122987993103521, 39.01504485998958 ] ] ], [ [ [ -106.886104368245185, 39.257532544973095 ], [ -106.893337241460117, 39.253177189925324 ], [ -106.901083517517108, 39.249393505498126 ], [ -106.909268705543838, 39.246217834121538 ], [ -106.917814133767337, 39.243680672210978 ], [ -106.926637701178933, 39.241806379789516 ], [ -106.935654660701744, 39.24061294871774 ], [ -106.944778426604685, 39.240111831655589 ], [ -106.953921398719586, 39.240307833319903 ], [ -106.96299579589018, 39.241199065025981 ], [ -106.971914491012654, 39.242776962919997 ], [ -106.980591840017979, 39.24502636972521 ], [ -106.988944497195845, 39.24792567924171 ], [ -106.996892209367658, 39.251447042263251 ], [ -107.004358581584, 39.255556632009736 ], [ -107.011271807246601, 39.260214966623032 ], [ -107.017565355838329, 39.265377285744385 ], [ -107.023178611786079, 39.27099397768486 ], [ -107.028057458377617, 39.277011053222893 ], [ -107.032154801107694, 39.283370661617774 ], [ -107.035431025333864, 39.290011644019991 ], [ -107.037854383682401, 39.296870119091601 ], [ -107.039401309251943, 39.303880095326491 ], [ -107.040056651316348, 39.310974104286046 ], [ -107.040023483611137, 39.311945281085045 ], [ -107.041870459693172, 39.312125115460432 ], [ -107.050799735651822, 39.313696667300228 ], [ -107.059488211608894, 39.315939868419136 ], [ -107.067852435954762, 39.318833172170187 ], [ -107.075812045370213, 39.322348787072144 ], [ -107.083290531536505, 39.326452941690377 ], [ -107.090215972302929, 39.331106206600275 ], [ -107.096521720487161, 39.33626387045625 ], [ -107.102147043824203, 39.341876366682982 ], [ -107.107037709976623, 39.347889746827732 ], [ -107.111146510971111, 39.354246196167495 ], [ -107.114433721933196, 39.360884586756036 ], [ -107.116867489549918, 39.367741062728172 ], [ -107.118424146298366, 39.374749652355234 ], [ -107.119088447131872, 39.381842901070044 ], [ -107.118853726011821, 39.388952519455572 ], [ -107.117721970407246, 39.396010040021913 ], [ -107.115703812650011, 39.402947476482275 ], [ -107.11281843782514, 39.409697979185239 ], [ -107.109093408686547, 39.416196480366679 ], [ -107.1045644089088, 39.422380322953273 ], [ -107.099274906809399, 39.428189866779654 ], [ -107.093275742491358, 39.4335690662747 ], [ -107.086624642155343, 39.438466013925627 ], [ -107.079385664102247, 39.442833444143133 ], [ -107.071628581682873, 39.446629192521058 ], [ -107.063428209138351, 39.449816605910016 ], [ -107.054863676906564, 39.45236489919953 ], [ -107.046017663533888, 39.454249455224932 ], [ -107.036975591821658, 39.455452064776459 ], [ -107.027824797243611, 39.455961104284796 ], [ -107.018653676989544, 39.455771649380814 ], [ -107.009550828213634, 39.454885523172678 ], [ -107.000604184193847, 39.453311278741992 ], [ -106.991900157133486, 39.45106411602589 ], [ -106.983522796264012, 39.448165733914685 ], [ -106.975552969733499, 39.444644119049634 ], [ -106.968067578496417, 39.440533273441936 ], [ -106.961138810057591, 39.43587288364813 ], [ -106.954833439475095, 39.430707934819601 ], [ -106.949212184497711, 39.425088273489003 ], [ -106.944329121113526, 39.419068123459354 ], [ -106.94023116512237, 39.412705559615432 ], [ -106.936957624629642, 39.406061944879042 ], [ -106.936867599827679, 39.405806522070208 ], [ -106.933465141601715, 39.410432364375303 ], [ -106.928161963541953, 39.416234465838592 ], [ -106.922150255681217, 39.421605146266579 ], [ -106.915487866832009, 39.426492580079469 ], [ -106.908238965812004, 39.430849593396353 ], [ -106.900473423259754, 39.434634122408731 ], [ -106.892266136471534, 39.437809622474568 ], [ -106.883696303846648, 39.440345423837975 ], [ -106.874846656091549, 39.442217030401061 ], [ -106.86580265182063, 39.443406358537892 ], [ -106.856651645597438, 39.443901913536699 ], [ -106.847482036775588, 39.443698901882236 ], [ -106.838382407721781, 39.442799278234162 ], [ -106.829440660126167, 39.441211726618285 ], [ -106.820743158130895, 39.438951576010346 ], [ -106.812373886930672, 39.436040651157199 ], [ -106.804413635324536, 39.432507060132387 ], [ -106.79693921042545, 39.428384920761118 ], [ -106.790022692371224, 39.42371402866209 ], [ -106.783730736429177, 39.418539470235146 ], [ -106.778123929357463, 39.412911184468733 ], [ -106.773256206284415, 39.406883477942188 ], [ -106.769174333703873, 39.400514497850956 ], [ -106.765917463467318, 39.39386566828329 ], [ -106.763516761894664, 39.387001095321445 ], [ -106.761995117333328, 39.379986946824538 ], [ -106.761366928680957, 39.372890812974518 ], [ -106.761637976560621, 39.365781053827384 ], [ -106.762805378008096, 39.358726140209193 ], [ -106.764857624708696, 39.351793994331814 ], [ -106.767774704013092, 39.345051336475173 ], [ -106.771528301177398, 39.338563043994505 ], [ -106.77608208051771, 39.332391528764354 ], [ -106.781392042450506, 39.32659613896697 ], [ -106.787406952712175, 39.321232590876207 ], [ -106.79406883941887, 39.316352435980647 ], [ -106.801313553044849, 39.31200256843637 ], [ -106.809071383866183, 39.308224777443172 ], [ -106.817267730940799, 39.305055348703704 ], [ -106.825823816274792, 39.30252471865478 ], [ -106.834657437462866, 39.300657184662072 ], [ -106.843683751784909, 39.299470673843651 ], [ -106.852816084496098, 39.298976572642275 ], [ -106.855187296548081, 39.299029257202321 ], [ -106.856963806558241, 39.292995866705098 ], [ -106.85986972771984, 39.286251101937808 ], [ -106.863611769565253, 39.279760052517297 ], [ -106.868153707520435, 39.273585157391999 ], [ -106.873451655628557, 39.267785797758606 ], [ -106.879454494691316, 39.262417728510272 ], [ -106.886104368245185, 39.257532544973095 ] ] ], [ [ [ -107.162979599628414, 39.360371168478117 ], [ -107.170204832915573, 39.355998853549075 ], [ -107.177946453008687, 39.352196897140935 ], [ -107.186130011806569, 39.349001816636068 ], [ -107.194676851678622, 39.346444294121795 ], [ -107.203504857052522, 39.344548884272584 ], [ -107.212529237758545, 39.343333780759941 ], [ -107.221663336871927, 39.342810643330722 ], [ -107.230819455604887, 39.342984487132568 ], [ -107.239909687671101, 39.343853635291566 ], [ -107.248846755474887, 39.345409735165362 ], [ -107.257544840466352, 39.347637838111396 ], [ -107.265920400051783, 39.350516542026753 ], [ -107.273892963555497, 39.354018195340657 ], [ -107.281385899894786, 39.358109160574472 ], [ -107.288327149853842, 39.362750135034375 ], [ -107.29464991612393, 39.367896525671028 ], [ -107.300293304616972, 39.37349887463435 ], [ -107.305202910954776, 39.379503331572778 ], [ -107.309331346488335, 39.385852168281332 ], [ -107.312638698705996, 39.39248433089324 ], [ -107.315092921447146, 39.399336024441567 ], [ -107.316670150944489, 39.406341324293045 ], [ -107.317118980011287, 39.410989448515394 ], [ -107.319704416743434, 39.41164943041192 ], [ -107.328090101946913, 39.414523324008826 ], [ -107.336073015188333, 39.418020368841269 ], [ -107.343576426728617, 39.42210697182643 ], [ -107.350528177393414, 39.42674387237826 ], [ -107.356861369540553, 39.431886516857851 ], [ -107.362515009309334, 39.437485483741938 ], [ -107.367434594046259, 39.443486955562882 ], [ -107.371572639253415, 39.449833233228055 ], [ -107.374889139909811, 39.456463287917231 ], [ -107.377351961574504, 39.463313345387562 ], [ -107.378937157285492, 39.470317497191552 ], [ -107.379629206922161, 39.477408333036372 ], [ -107.379421176394317, 39.484517588287268 ], [ -107.378314794753791, 39.491576800446367 ], [ -107.376320448090439, 39.498517968323142 ], [ -107.373457089865369, 39.505274207556724 ], [ -107.369752068145829, 39.51178039615484 ], [ -107.36524087102633, 39.517973803780109 ], [ -107.359966792345944, 39.52379469864298 ], [ -107.353980520627843, 39.529186926051239 ], [ -107.347339654968636, 39.534098452917206 ], [ -107.340108152378818, 39.538481872836286 ], [ -107.33235571181325, 39.542294866718301 ], [ -107.324157100821296, 39.54550061437758 ], [ -107.315591431379985, 39.548068152960205 ], [ -107.306741392041673, 39.549972678608022 ], [ -107.297692444021081, 39.551195788317777 ], [ -107.288531989256839, 39.551725659549831 ], [ -107.279348518805762, 39.551557165763718 ], [ -107.270230750155193, 39.550691926702008 ], [ -107.261266762169328, 39.54913829290296 ], [ -107.252543136415383, 39.546911264586612 ], [ -107.244144113544891, 39.544032345723267 ], [ -107.236150773235295, 39.540529334747433 ], [ -107.228640245929796, 39.53643605401875 ], [ -107.221684964253768, 39.531792020746288 ], [ -107.21535196153927, 39.52664206267589 ], [ -107.209702224362076, 39.521035882387999 ], [ -107.204790105396555, 39.51502757455664 ], [ -107.20066280223179, 39.50867510097742 ], [ -107.197359907076333, 39.502039728574694 ], [ -107.194913031519633, 39.495185435946546 ], [ -107.193345509725944, 39.488178294293867 ], [ -107.192904157406289, 39.483529530605459 ], [ -107.190317092545726, 39.482866776084251 ], [ -107.181928270100286, 39.479983042069975 ], [ -107.173945350438814, 39.476475423623086 ], [ -107.166445362623051, 39.472377787460303 ], [ -107.159500636849316, 39.46772969263651 ], [ -107.153178103995046, 39.4625760058331 ], [ -107.147538649173185, 39.456966465287735 ], [ -107.142636525588429, 39.450955197719807 ], [ -107.138518834328423, 39.444600193061895 ], [ -107.135225075006659, 39.437962742210182 ], [ -107.132786771416676, 39.431106843354222 ], [ -107.131227175563993, 39.424098582733571 ], [ -107.130561052628423, 39.41700549589595 ], [ -107.130794548582486, 39.409895915694854 ], [ -107.131925141360327, 39.402838313365287 ], [ -107.133941675648458, 39.395900639053565 ], [ -107.136824480560094, 39.389149668152285 ], [ -107.140545568667818, 39.382650359705195 ], [ -107.145068914112628, 39.376465233002172 ], [ -107.150350806785781, 39.370653768282509 ], [ -107.156340278899606, 39.365271837210109 ], [ -107.162979599628414, 39.360371168478117 ] ] ], [ [ [ -106.695236938958047, 39.439749820175493 ], [ -106.703014655918281, 39.435978746541004 ], [ -106.711230821402722, 39.432816421380736 ], [ -106.719806468479291, 39.430293212707099 ], [ -106.728659208382666, 39.428433346553291 ], [ -106.737704016328152, 39.427254676478441 ], [ -106.746854041476439, 39.426768513837281 ], [ -106.756021433586113, 39.426979520365869 ], [ -106.765118178763444, 39.427885664060284 ], [ -106.774056936651007, 39.429478238744046 ], [ -106.78275187138874, 39.431741947135606 ], [ -106.791119468730102, 39.434655046645148 ], [ -106.799079331806695, 39.438189556553596 ], [ -106.806554948201736, 39.442311524662074 ], [ -106.813474421220008, 39.446981350950047 ], [ -106.819771158526166, 39.452154165250377 ], [ -106.825384511665504, 39.457780255444199 ], [ -106.830260360380294, 39.463805542200774 ], [ -106.834351636089394, 39.470172095843438 ], [ -106.837618779407094, 39.476818690514342 ], [ -106.840030127138078, 39.483681390444588 ], [ -106.841562224796007, 39.490694162813327 ], [ -106.842200061348692, 39.497789511404974 ], [ -106.841937223592964, 39.504899125051459 ], [ -106.840775968297919, 39.511954534676995 ], [ -106.838727211024121, 39.518887772652185 ], [ -106.835810431320581, 39.525632028110763 ], [ -106.832053494814147, 39.532122291891426 ], [ -106.827492393528729, 39.53829598483717 ], [ -106.822170906597918, 39.544093563316636 ], [ -106.816140184350644, 39.549459096027526 ], [ -106.813955139825353, 39.551055571413052 ], [ -106.812573143571711, 39.553440812551784 ], [ -106.808008961276457, 39.559613790727873 ], [ -106.802684255448057, 39.565410530760921 ], [ -106.796650207508321, 39.570775109309153 ], [ -106.789964882409237, 39.575655758893262 ], [ -106.782692671265451, 39.580005370442777 ], [ -106.774903670975149, 39.583781951065752 ], [ -106.766673006809725, 39.586949032474195 ], [ -106.758080104584053, 39.589476025975792 ], [ -106.749207919582489, 39.591338520465854 ], [ -106.740142129903774, 39.592518520416128 ], [ -106.73097030229431, 39.593004621455563 ], [ -106.721781038853734, 39.592792121763004 ], [ -106.712663113219065, 39.591883068137683 ], [ -106.703704604956457, 39.590286236273442 ], [ -106.694992040911984, 39.588017045427058 ], [ -106.686609552195705, 39.585097408334619 ], [ -106.678638055294925, 39.581555517884205 ], [ -106.67115446553909, 39.577425572688789 ], [ -106.664230950772009, 39.57274744431686 ], [ -106.657934232633664, 39.567566289518808 ], [ -106.65232494232167, 39.561932111331423 ], [ -106.647457037098036, 39.555899273443309 ], [ -106.643377283140225, 39.54952597265622 ], [ -106.640124809616665, 39.542873674677018 ], [ -106.637730738103841, 39.536006518817715 ], [ -106.636217890669045, 39.528990697465225 ], [ -106.635600579124755, 39.521893816404599 ], [ -106.635884477133317, 39.514784242239593 ], [ -106.637066576009175, 39.507730443250743 ], [ -106.639135224241443, 39.500800330064976 ], [ -106.642070249951956, 39.494060602482243 ], [ -106.645843164717078, 39.487576108714819 ], [ -106.650417446426871, 39.481409223147281 ], [ -106.655748898135016, 39.4756192485208 ], [ -106.661786079175343, 39.470261848187306 ], [ -106.663972245582656, 39.468668192856484 ], [ -106.66535781305322, 39.466284613078571 ], [ -106.669929015510405, 39.460117003903683 ], [ -106.675257254872079, 39.454326182935176 ], [ -106.68129112131318, 39.448967821788983 ], [ -106.687972461234438, 39.444093421438517 ], [ -106.695236938958047, 39.439749820175493 ] ] ], [ [ [ -107.436037835153542, 39.436919304423803 ], [ -107.443252808444669, 39.432530352487994 ], [ -107.450986924894622, 39.428710455407085 ], [ -107.459165806461669, 39.42549630243191 ], [ -107.467710838809722, 39.422918758178419 ], [ -107.476539922545484, 39.421002568796162 ], [ -107.48556825645376, 39.419766126585678 ], [ -107.494709145471148, 39.41922129522095 ], [ -107.503874825947719, 39.419373297171248 ], [ -107.512977300616029, 39.420220664343411 ], [ -107.521929175614204, 39.421755252384415 ], [ -107.530644491898514, 39.423962318499939 ], [ -107.539039543426341, 39.426820662062518 ], [ -107.547033674596875, 39.430302826706615 ], [ -107.554550049600508, 39.434375362042289 ], [ -107.561516386550437, 39.438999142569166 ], [ -107.567865649550583, 39.44412974084117 ], [ -107.573536692191482, 39.449717851425824 ], [ -107.578474846360166, 39.455709761723469 ], [ -107.582632450699833, 39.462047865264651 ], [ -107.585969313558834, 39.468671212694971 ], [ -107.588453105824158, 39.475516095286373 ], [ -107.590059679640149, 39.482516655488958 ], [ -107.590773309664357, 39.489605518759532 ], [ -107.590586854207061, 39.496714440676222 ], [ -107.589501834332694, 39.503774963175957 ], [ -107.587528429766266, 39.51071907363518 ], [ -107.584685391238182, 39.517479860456525 ], [ -107.58099986971115, 39.523992158827674 ], [ -107.576507163753718, 39.530193180382284 ], [ -107.57125038714895, 39.536023120620541 ], [ -107.565280059644039, 39.54142573813477 ], [ -107.558653624547674, 39.546348899936675 ], [ -107.551434897657074, 39.550745087491201 ], [ -107.543693452734942, 39.554571858431025 ], [ -107.535503949448596, 39.55779225934571 ], [ -107.526945410319044, 39.560375185513074 ], [ -107.518100453797842, 39.562295683958183 ], [ -107.509054491084527, 39.563535196784208 ], [ -107.499894894711474, 39.564081742314166 ], [ -107.490710147246602, 39.563930032203793 ], [ -107.481588978696237, 39.563081523331057 ], [ -107.47261950132237, 39.561544403924501 ], [ -107.463888350621644, 39.559333514058459 ], [ -107.455479841146271, 39.556470201306404 ], [ -107.447475145678183, 39.552982112998507 ], [ -107.439951506004888, 39.548902927169159 ], [ -107.432981483186566, 39.544272024894489 ], [ -107.426632254760264, 39.539134107305955 ], [ -107.42096496580163, 39.533538761113135 ], [ -107.416034140167014, 39.527539976975497 ], [ -107.411887157578235, 39.521195625519219 ], [ -107.408563801497237, 39.51456689620121 ], [ -107.406095881979297, 39.507717704570936 ], [ -107.40450693690147, 39.500714073770908 ], [ -107.403812014147491, 39.493623496344583 ], [ -107.404017536502039, 39.486514282587379 ], [ -107.405121250175682, 39.479454901777643 ], [ -107.407112257055914, 39.472513322665044 ], [ -107.409971129968795, 39.465756359569774 ], [ -107.413670109446898, 39.459249030361924 ], [ -107.41817337973994, 39.453053932447141 ], [ -107.423437421081218, 39.447230642684474 ], [ -107.429411434539986, 39.441835146908524 ], [ -107.436037835153542, 39.436919304423803 ] ] ], [ [ [ -106.869722550926326, 39.597285411211438 ], [ -106.876990868857575, 39.592930447869136 ], [ -106.884775059948595, 39.589147132752963 ], [ -106.893000270274996, 39.585971803636241 ], [ -106.901587445479464, 39.583434952683369 ], [ -106.91045408601174, 39.581560936149643 ], [ -106.919515034000142, 39.580367742676763 ], [ -106.928683284468065, 39.579866822307224 ], [ -106.937870813420972, 39.580062977779534 ], [ -106.946989415201998, 39.580954319091965 ], [ -106.955951541444946, 39.582532281741493 ], [ -106.964671133943497, 39.584781708460561 ], [ -106.973064443805796, 39.587680993692736 ], [ -106.981050829370872, 39.591202289471369 ], [ -106.988553525531486, 39.595311770801693 ], [ -106.995500377332959, 39.599969958096089 ], [ -107.001824531001603, 39.605132093682634 ], [ -107.007465075897613, 39.610748568901215 ], [ -107.012367631285329, 39.616765397823478 ], [ -107.016484872267426, 39.623124733188526 ], [ -107.019776989737863, 39.629765419737247 ], [ -107.022212079768252, 39.636623579760993 ], [ -107.023766458452371, 39.643633225357064 ], [ -107.02442489888972, 39.650726891607356 ], [ -107.024180787688152, 39.657836284673735 ], [ -107.023036199102151, 39.664892938632491 ], [ -107.021001885692598, 39.671828874758361 ], [ -107.018097185188964, 39.678577256913982 ], [ -107.014349844048724, 39.685073036707422 ], [ -107.00979575903375, 39.6912535821494 ], [ -107.004478638950076, 39.697059283672239 ], [ -106.998449589517506, 39.702434131565731 ], [ -106.991766625138425, 39.707326259140139 ], [ -106.98449411211044, 39.711688446239918 ], [ -106.976702148566929, 39.715478578104026 ], [ -106.968465887119834, 39.71866005499426 ], [ -106.959864806813201, 39.721202148489255 ], [ -106.950981941562972, 39.723080300864282 ], [ -106.94190307274998, 39.724276364538234 ], [ -106.932715894042076, 39.72477877916738 ], [ -106.923509156840439, 39.724582684589187 ], [ -106.914371804969363, 39.72368996846533 ], [ -106.905392107355226, 39.72210924813276 ], [ -106.896656797465667, 39.719855786836334 ], [ -106.88825022820474, 39.716951345180469 ], [ -106.880253550784275, 39.713423969291803 ], [ -106.872743925819378, 39.709307717821638 ], [ -106.865793774530829, 39.7046423305313 ], [ -106.859470077484715, 39.699472841784996 ], [ -106.853833727767892, 39.693849142820554 ], [ -106.84893894489295, 39.687825497170145 ], [ -106.844832755060438, 39.681460014056611 ], [ -106.84155454268533, 39.674814084992164 ], [ -106.839135677331328, 39.667951789150862 ], [ -106.837599219401838, 39.660939273371241 ], [ -106.83695970711679, 39.653844112869898 ], [ -106.83722302647503, 39.646734658907775 ], [ -106.838386365068629, 39.639679379748827 ], [ -106.840438249789131, 39.632746201286196 ], [ -106.843358667654869, 39.626001853682915 ], [ -106.847119268200586, 39.619511230286776 ], [ -106.851683645112502, 39.613336764931084 ], [ -106.857007694070404, 39.607537833530571 ], [ -106.863040043077731, 39.602170185624445 ], [ -106.869722550926326, 39.597285411211438 ] ] ], [ [ [ -107.354629016292549, 40.208883707704068 ], [ -107.361928248456977, 40.20449780532212 ], [ -107.36975211239843, 40.200681085568625 ], [ -107.378025370883776, 40.197470204656057 ], [ -107.386668507543689, 40.194895993621429 ], [ -107.395598486533572, 40.192983164897079 ], [ -107.404729544467898, 40.191750077314452 ], [ -107.413974007296716, 40.1912085616908 ], [ -107.423243124602124, 40.19136380858842 ], [ -107.432447913661534, 40.192214319263101 ], [ -107.44150000555311, 40.193751920238974 ], [ -107.450312485565718, 40.19596184136342 ], [ -107.458800720223692, 40.198822856615585 ], [ -107.466883163341393, 40.202307486365527 ], [ -107.474482133688156, 40.206382259217833 ], [ -107.481524557066933, 40.211008031023418 ], [ -107.487942665891566, 40.216140358112838 ], [ -107.493674649686852, 40.221729921298973 ], [ -107.498665250331683, 40.227722996717588 ], [ -107.502866296317933, 40.234061969128945 ], [ -107.506237170804241, 40.240685882892826 ], [ -107.508745208803887, 40.247531025460241 ], [ -107.510366019455503, 40.254531537899091 ], [ -107.511083729982602, 40.261620046692357 ], [ -107.510891148648412, 40.268728310820677 ], [ -107.509789844751936, 40.275787877966827 ], [ -107.507790144483465, 40.282730743563192 ], [ -107.504911042258158, 40.289490006344344 ], [ -107.501180027964978, 40.296000514069519 ], [ -107.496632831400916, 40.302199493143206 ], [ -107.491313085994136, 40.30802715598827 ], [ -107.485271914748992, 40.313427280214256 ], [ -107.47856744215801, 40.318347753873645 ], [ -107.47126423661274, 40.322741081407685 ], [ -107.463432688594025, 40.32656484525188 ], [ -107.455148330626074, 40.329782118492204 ], [ -107.44649110562321, 40.332361824436582 ], [ -107.437544590837391, 40.334279039484798 ], [ -107.428395185117822, 40.335515236240063 ], [ -107.41913126761365, 40.336058464400232 ], [ -107.409842336380237, 40.335903467590697 ], [ -107.40061813558377, 40.335051734944891 ], [ -107.391547780133337, 40.333511486899084 ], [ -107.382718886602078, 40.331297595332352 ], [ -107.374216719229906, 40.328431438848952 ], [ -107.366123359628588, 40.324940694654984 ], [ -107.358516908540793, 40.32085906912193 ], [ -107.351470727640219, 40.316225969744671 ], [ -107.345052728907234, 40.311086121787646 ], [ -107.339324718580812, 40.305489133460675 ], [ -107.334341802078825, 40.299489013971332 ], [ -107.330151855608406, 40.293143649257914 ], [ -107.326795069460829, 40.286514240611758 ], [ -107.324303567216134, 40.279664711745532 ], [ -107.322701104278195, 40.272661090152944 ], [ -107.322002848335245, 40.265570868832924 ], [ -107.32221524350048, 40.258462354615752 ], [ -107.323335959045991, 40.25140400942945 ], [ -107.325353922807722, 40.244463790883053 ], [ -107.328249438518455, 40.237708498518487 ], [ -107.331994385530038, 40.23120313199707 ], [ -107.336552498618715, 40.225010267342341 ], [ -107.341879724838066, 40.219189457159153 ], [ -107.347924653696253, 40.213796660495063 ], [ -107.354629016292549, 40.208883707704068 ] ] ], [ [ [ -106.863193315851433, 40.206679899639624 ], [ -106.872394976392528, 40.207575102583085 ], [ -106.881438236224852, 40.209156791377801 ], [ -106.890236263396773, 40.211409774293827 ], [ -106.898704560267205, 40.214312413301322 ], [ -106.906761768379852, 40.217836830194223 ], [ -106.914330444483298, 40.221949172184885 ], [ -106.92133780051013, 40.22660993452044 ], [ -106.927716400613178, 40.231774337142561 ], [ -106.933404808699109, 40.237392751906683 ], [ -106.938348180299641, 40.243411176399796 ], [ -106.94249879307678, 40.249771749950554 ], [ -106.945816510768523, 40.256413307017752 ], [ -106.948269175945342, 40.263271962774745 ], [ -106.949832927561403, 40.270281725384443 ], [ -106.950492439945577, 40.277375129183476 ], [ -106.950241080580952, 40.284483882769386 ], [ -106.949199584738992, 40.290818266818668 ], [ -106.949325380307158, 40.291381915329126 ], [ -106.949985133511731, 40.298475293997626 ], [ -106.94973373142345, 40.305584025073543 ], [ -106.948573309450353, 40.312639648438861 ], [ -106.946514763962298, 40.31957419425914 ], [ -106.943577658102555, 40.326320838326453 ], [ -106.939790043483555, 40.332814547157987 ], [ -106.935188199092664, 40.338992706579631 ], [ -106.929816289569516, 40.344795727655068 ], [ -106.923725945846257, 40.350167624013288 ], [ -106.916975771954043, 40.355056554881997 ], [ -106.909630782585154, 40.359415328448506 ], [ -106.901761776746881, 40.363201860541317 ], [ -106.893444653544535, 40.366379584052162 ], [ -106.886693211047742, 40.368352793800163 ], [ -106.889211154344849, 40.369718393956525 ], [ -106.896232532329705, 40.374380255320858 ], [ -106.902623638148171, 40.379545642275062 ], [ -106.908322914918813, 40.38516491775313 ], [ -106.913275412748391, 40.391184071565625 ], [ -106.917433320280736, 40.397545236465163 ], [ -106.9192765303915, 40.401229500970302 ], [ -106.924181253317201, 40.405189919585617 ], [ -106.929884529565072, 40.41080801694261 ], [ -106.93484088365112, 40.41682613344345 ], [ -106.939002467143595, 40.423186411972793 ], [ -106.942329036644338, 40.429827690349541 ], [ -106.944788347633377, 40.436686086859147 ], [ -106.946356472929125, 40.443695612482045 ], [ -106.947018042397715, 40.450788804038204 ], [ -106.946766401250471, 40.457897372242655 ], [ -106.945603685013182, 40.464952858496304 ], [ -106.943540810028296, 40.471887294122567 ], [ -106.940597379155918, 40.478633855705453 ], [ -106.936801503163451, 40.485127510190672 ], [ -106.932189539129709, 40.491305643479144 ], [ -106.926805748027164, 40.497108666372526 ], [ -106.920701874478311, 40.50248059192301 ], [ -106.913936652496105, 40.507369578493801 ], [ -106.906575241806877, 40.511728433150815 ], [ -106.898688600103654, 40.515515070377596 ], [ -106.890352797280272, 40.518692921532157 ], [ -106.881648278340776, 40.52123129094047 ], [ -106.872659082254302, 40.523105655044809 ], [ -106.86347202452616, 40.524297901587524 ], [ -106.854175851670561, 40.524796506409636 ], [ -106.844860376094786, 40.524596646068474 ], [ -106.835615600132542, 40.523700245126115 ], [ -106.826530838091728, 40.522115957620557 ], [ -106.817693845207287, 40.519859082898009 ], [ -106.809189962311976, 40.516951416649199 ], [ -106.801101284858817, 40.513421038648637 ], [ -106.793505864651053, 40.509302039332788 ], [ -106.786476952263101, 40.504634187968151 ], [ -106.780082287674887, 40.499462545742553 ], [ -106.7743834461007, 40.493837027658287 ], [ -106.769435245378418, 40.487811917607232 ], [ -106.765285220606927, 40.481445341461779 ], [ -106.763447978509561, 40.477758535995903 ], [ -106.758547008947545, 40.473791252308366 ], [ -106.752852176866796, 40.46816456484364 ], [ -106.747907836603488, 40.462138427388638 ], [ -106.74376148601948, 40.455770975567056 ], [ -106.740452888959297, 40.449123621851157 ], [ -106.738013698815394, 40.442260460655682 ], [ -106.736467161825743, 40.435247648135686 ], [ -106.735827902643649, 40.428152762773031 ], [ -106.736101793877424, 40.421044152996082 ], [ -106.737285910455014, 40.413990278173429 ], [ -106.739368568831821, 40.407059049355588 ], [ -106.74232945024049, 40.400317176109887 ], [ -106.746139806385472, 40.393829525703957 ], [ -106.750762745219959, 40.387658500744486 ], [ -106.756153593715254, 40.381863441173749 ], [ -106.762260333846498, 40.37650005626795 ], [ -106.769024107380815, 40.37161989197439 ], [ -106.776379784464325, 40.36726983856957 ], [ -106.784256590470164, 40.363491683224979 ], [ -106.78483546354596, 40.363271215874242 ], [ -106.778708931492247, 40.362197158810211 ], [ -106.769894528485096, 40.359936088493171 ], [ -106.761412965941133, 40.357024358267324 ], [ -106.75334612240664, 40.353490086774841 ], [ -106.745771837763158, 40.349367401562461 ], [ -106.738763157752771, 40.344696106907122 ], [ -106.732387626634505, 40.339521296589048 ], [ -106.726706634931446, 40.333892915492733 ], [ -106.721774828614613, 40.327865274418819 ], [ -106.71763958539357, 40.321496522941274 ], [ -106.714340563053938, 40.314848085545663 ], [ -106.71190932400846, 40.307984066626723 ], [ -106.710369039423043, 40.300970630207502 ], [ -106.70973427545141, 40.293875360465186 ], [ -106.710010863272075, 40.286766609307925 ], [ -106.711195853780069, 40.279712837343375 ], [ -106.713277556951851, 40.272781954613158 ], [ -106.716235665083147, 40.266040667438062 ], [ -106.720041458305488, 40.259553837629319 ], [ -106.724658090023809, 40.253383860172647 ], [ -106.730040949190425, 40.24759006528722 ], [ -106.736138095646808, 40.242228150503777 ], [ -106.742890764126741, 40.23734964809794 ], [ -106.750233931926431, 40.233001432861606 ], [ -106.758096944713174, 40.229225274797649 ], [ -106.766404194464428, 40.226057440889456 ], [ -106.775075843106677, 40.22352834962696 ], [ -106.784028585059119, 40.221662281472852 ], [ -106.793176441580854, 40.22047714792842 ], [ -106.800816372477215, 40.220070383183838 ], [ -106.801744943082625, 40.219519714887277 ], [ -106.809603432576537, 40.215740143698007 ], [ -106.817906519849714, 40.212568692874065 ], [ -106.826574406349351, 40.210035815599909 ], [ -106.83552382220509, 40.208165828610468 ], [ -106.844668820252323, 40.206976680914948 ], [ -106.85392159454878, 40.206479783224388 ], [ -106.863193315851433, 40.206679899639624 ] ] ], [ [ [ -107.53444258506606, 40.443180519169907 ], [ -107.54115474657165, 40.438256646401086 ], [ -107.548465283623941, 40.433858738351404 ], [ -107.556303848273998, 40.430029041766701 ], [ -107.56459506116083, 40.426804336592532 ], [ -107.57325923320677, 40.424215585661564 ], [ -107.58221312693324, 40.422287640046328 ], [ -107.59137075030057, 40.421039002780958 ], [ -107.600644175722834, 40.420481653111906 ], [ -107.609944376718019, 40.420620932878343 ], [ -107.619182074520609, 40.421455496050143 ], [ -107.628268586911673, 40.422977321872345 ], [ -107.637116671507513, 40.425171791482569 ], [ -107.645641355794396, 40.428017827286496 ], [ -107.653760746301103, 40.4314880938024 ], [ -107.661396809465344, 40.435549258120894 ], [ -107.668476116971902, 40.440162307576912 ], [ -107.674930548621333, 40.44528292170083 ], [ -107.680697946125875, 40.450861895008629 ], [ -107.685722711625388, 40.456845606713316 ], [ -107.689956345166976, 40.46317653299203 ], [ -107.693357915898872, 40.469793797033297 ], [ -107.695894462288251, 40.476633751718296 ], [ -107.697541317282216, 40.483630589462983 ], [ -107.698282354989445, 40.490716973468707 ], [ -107.698110156159771, 40.497824684399937 ], [ -107.697026090480477, 40.504885276332892 ], [ -107.695040314481162, 40.511830735700315 ], [ -107.692171684641153, 40.518594136897114 ], [ -107.68844758611435, 40.525110288212332 ], [ -107.683903678321542, 40.531316361814838 ], [ -107.678583559496886, 40.537152501644094 ], [ -107.672538353108067, 40.542562403243956 ], [ -107.665826219885176, 40.547493859825387 ], [ -107.658511799984169, 40.551899269151953 ], [ -107.650665590564628, 40.555736096207234 ], [ -107.642363264767823, 40.558967287024593 ], [ -107.633684938732401, 40.561561629530274 ], [ -107.624714393866938, 40.563494057769034 ], [ -107.615538262107378, 40.564745896440598 ], [ -107.606245182310872, 40.565305043269163 ], [ -107.596924936271293, 40.565166087351137 ], [ -107.587667573079599, 40.564330362271392 ], [ -107.578562530689709, 40.562805933436941 ], [ -107.569697763586646, 40.560607519743627 ], [ -107.561158885385552, 40.557756350356151 ], [ -107.553028335021608, 40.554279958038563 ], [ -107.54538457492184, 40.550211911112832 ], [ -107.538301329186297, 40.545591486739823 ], [ -107.531846869353075, 40.540463288803736 ], [ -107.526083354787374, 40.534876814230174 ], [ -107.521066234125087, 40.528885972074931 ], [ -107.516843713528417, 40.522548560178947 ], [ -107.513456296782891, 40.515925704590863 ], [ -107.510936401491819, 40.509081267307941 ], [ -107.50930805481795, 40.502081228176458 ], [ -107.508586671392408, 40.49499304702146 ], [ -107.508778915167596, 40.487885012241357 ], [ -107.509882646145854, 40.480825582205284 ], [ -107.511886952076253, 40.473882725830066 ], [ -107.514772264388512, 40.467123268690422 ], [ -107.518510556832652, 40.460612250930879 ], [ -107.523065624523426, 40.454412303104469 ], [ -107.5283934403557, 40.44858304586306 ], [ -107.53444258506606, 40.443180519169907 ] ] ], [ [ [ -107.381473398017633, 40.43742351763683 ], [ -107.390751639131537, 40.436882910140937 ], [ -107.400054510349875, 40.437039040902135 ], [ -107.409292707384466, 40.437890402842655 ], [ -107.418377542948392, 40.43942881464536 ], [ -107.42722179010336, 40.441639498870714 ], [ -107.435740512172387, 40.444501222815283 ], [ -107.443851871609908, 40.447986500810011 ], [ -107.451477910386402, 40.452061856091895 ], [ -107.458545294668099, 40.45668813983395 ], [ -107.464986016854382, 40.461820904388112 ], [ -107.470738048374315, 40.467410827289697 ], [ -107.475745937041765, 40.47340418209383 ], [ -107.479961343220538, 40.479743351667864 ], [ -107.483343509559333, 40.486367379154125 ], [ -107.485859659616892, 40.493212551447058 ], [ -107.487485321309379, 40.500213009703458 ], [ -107.488204571770538, 40.507301381125281 ], [ -107.488010200918126, 40.514409426027505 ], [ -107.486903791761364, 40.521468694029174 ], [ -107.484895716260127, 40.528411183088728 ], [ -107.482005046348419, 40.535169995045734 ], [ -107.478259380558129, 40.541679981333289 ], [ -107.473694587513705, 40.547878372588883 ], [ -107.468354468406631, 40.553705386016944 ], [ -107.462290341390997, 40.559104804544937 ], [ -107.459679714980808, 40.561013395409127 ], [ -107.459767617541161, 40.561252499504555 ], [ -107.461392582649893, 40.568253281680434 ], [ -107.462110177884966, 40.575341799071154 ], [ -107.461913208083885, 40.582449810474252 ], [ -107.460803280304546, 40.589508865666112 ], [ -107.458790799490558, 40.596450964442177 ], [ -107.45589487921184, 40.603209212149004 ], [ -107.452143167918138, 40.60971846537263 ], [ -107.447571591977805, 40.615915961510503 ], [ -107.442224017614947, 40.621741926080468 ], [ -107.436151834690051, 40.627140151808717 ], [ -107.42941346608761, 40.63205854378797 ], [ -107.422073807264198, 40.636449625307314 ], [ -107.414203601265783, 40.640270999322375 ], [ -107.405878755229054, 40.643485760956885 ], [ -107.397179605031539, 40.646062856899697 ], [ -107.388190135337624, 40.647977388080868 ], [ -107.378997162793567, 40.649210852570327 ], [ -107.369689490547557, 40.649751326238807 ], [ -107.360357042601422, 40.6495935793439 ], [ -107.351089986736596, 40.648739127850384 ], [ -107.341977854891397, 40.647196218952928 ], [ -107.333108669899275, 40.644979750936464 ], [ -107.324568087426968, 40.642111128173845 ], [ -107.316438561778895, 40.638618052717582 ], [ -107.308798543961444, 40.634534254581602 ], [ -107.301721720034521, 40.629899163425698 ], [ -107.295276297320498, 40.624757524940151 ], [ -107.289524345503565, 40.619158965776997 ], [ -107.284521199039361, 40.613157511378446 ], [ -107.280314926619553, 40.606811061511024 ], [ -107.276945872704133, 40.600180828717285 ], [ -107.274446275359978, 40.593330745245098 ], [ -107.274179052065364, 40.592165702083435 ], [ -107.267620714591189, 40.594101396396987 ], [ -107.258633976695478, 40.596005761104571 ], [ -107.249445228641818, 40.597228786060384 ], [ -107.240143232706131, 40.597758648458566 ], [ -107.230817857723835, 40.597590221535036 ], [ -107.221559202566382, 40.596725124865664 ], [ -107.212456717212888, 40.595171708862011 ], [ -107.203598330318542, 40.592944973610649 ], [ -107.195069592109292, 40.590066422866826 ], [ -107.186952841257693, 40.586563854669706 ], [ -107.179326404121483, 40.582471090685345 ], [ -107.172263834358091, 40.577827646999516 ], [ -107.165833200471141, 40.572678349667143 ], [ -107.160096428306076, 40.567072898872375 ], [ -107.155108704899675, 40.561065386057898 ], [ -107.150917949411493, 40.554713768837686 ], [ -107.147564356134595, 40.548079308910921 ], [ -107.145080013808069, 40.541225978541355 ], [ -107.143488604645725, 40.53421984145335 ], [ -107.142805185664486, 40.527128414222041 ], [ -107.142859553681689, 40.52545447686169 ], [ -107.142019131642328, 40.521753140330482 ], [ -107.141336051413873, 40.514661682962057 ], [ -107.141567089993586, 40.507553268904601 ], [ -107.142709733587537, 40.500496358011887 ], [ -107.144752695808791, 40.493558892812715 ], [ -107.147676037189726, 40.486807644956826 ], [ -107.151451367339675, 40.480307573722989 ], [ -107.156042127414779, 40.474121202705646 ], [ -107.161403949836611, 40.468308020594009 ], [ -107.167485091507203, 40.462923911701672 ], [ -107.174226936125777, 40.458020621598834 ], [ -107.181564560621766, 40.453645262846813 ], [ -107.189427360179451, 40.449839865439777 ], [ -107.197739725847327, 40.446640976124662 ], [ -107.206421768299293, 40.44407931030316 ], [ -107.215390080946975, 40.442179459721608 ], [ -107.224558535293923, 40.440959658631932 ], [ -107.233839101173245, 40.440431610562456 ], [ -107.243142684319778, 40.440600377277335 ], [ -107.25237997359811, 40.441464330931005 ], [ -107.261462290136592, 40.443015169843974 ], [ -107.270302430606208, 40.445237997744449 ], [ -107.27881549693052, 40.448111465738918 ], [ -107.286919704820164, 40.451607975700128 ], [ -107.294537163690819, 40.455693943197247 ], [ -107.301594620747821, 40.460330117543378 ], [ -107.308024162303639, 40.465471956006368 ], [ -107.313192238899404, 40.470512581424309 ], [ -107.318389788372301, 40.464855853873388 ], [ -107.324457698148862, 40.459463829220873 ], [ -107.331187354875027, 40.454551697709711 ], [ -107.338513951128078, 40.450166657031666 ], [ -107.34636698660529, 40.44635083022623 ], [ -107.354670944791494, 40.443140864112202 ], [ -107.363346015891096, 40.440567580240092 ], [ -107.372308859229165, 40.438655681579995 ], [ -107.381473398017633, 40.43742351763683 ] ] ], [ [ [ -106.826924753182965, 40.732325252391107 ], [ -106.834315267412791, 40.727970994245005 ], [ -106.842230301401997, 40.724188261249715 ], [ -106.850593748300085, 40.721013381785447 ], [ -106.859325232283169, 40.71847684038277 ], [ -106.868340876143563, 40.716602987622089 ], [ -106.877554100965256, 40.715409808586514 ], [ -106.886876450492849, 40.714908751986023 ], [ -106.896218432613622, 40.715104621511017 ], [ -106.905490370243371, 40.715995530400498 ], [ -106.914603253837555, 40.717572919631181 ], [ -106.923469587739774, 40.719821639551292 ], [ -106.932004222628322, 40.722720094202863 ], [ -106.940125166431443, 40.726240447001501 ], [ -106.944264132429183, 40.728469470164335 ], [ -106.953424456310501, 40.727277116099138 ], [ -106.962747647399311, 40.726769904589553 ], [ -106.972091268741607, 40.726959586442497 ], [ -106.981365627670669, 40.727844334042253 ], [ -106.990481691686725, 40.729415647277811 ], [ -106.999351935012356, 40.731658434625615 ], [ -107.007891171310064, 40.734551156926827 ], [ -107.016017364929652, 40.738066032532849 ], [ -107.023652413220745, 40.74216930192992 ], [ -107.030722892671804, 40.746821549404338 ], [ -107.037160761921484, 40.751978078781072 ], [ -107.042904015030686, 40.75758933976342 ], [ -107.047897278804172, 40.763601400923484 ], [ -107.052092348406745, 40.769956464948812 ], [ -107.055448656030975, 40.776593421340884 ], [ -107.057933667938471, 40.783448431393417 ], [ -107.059523205812624, 40.790455539953385 ], [ -107.060201689024538, 40.797547308191263 ], [ -107.05996229512111, 40.804655461380555 ], [ -107.058807036591915, 40.811711545515429 ], [ -107.056746752751636, 40.818647586480054 ], [ -107.053801016382991, 40.825396745426389 ], [ -107.04999795561352, 40.831893964022584 ], [ -107.045373992339336, 40.838076593299782 ], [ -107.039973499352655, 40.84388499995427 ], [ -107.033848379166059, 40.849263144152786 ], [ -107.027057568347544, 40.854159123142217 ], [ -107.019666471973196, 40.858525675276994 ], [ -107.011746333560509, 40.862320639448619 ], [ -107.003373546553249, 40.865507365326756 ], [ -106.994628914078461, 40.868055070297245 ], [ -106.985596864277952, 40.869939139504439 ], [ -106.976364629021333, 40.871141365968157 ], [ -106.967021394227601, 40.871650128342935 ], [ -106.957657430350594, 40.87146050451333 ], [ -106.948363211814979, 40.870574319865284 ], [ -106.939228534319227, 40.869000129735539 ], [ -106.930341638950139, 40.866753136206249 ], [ -106.921788351975721, 40.863855040079017 ], [ -106.913651249005383, 40.860333829517145 ], [ -106.909504891665577, 40.858103916118758 ], [ -106.900325726634222, 40.859293174260806 ], [ -106.890983335982568, 40.859795750400394 ], [ -106.881621025585446, 40.859599907854978 ], [ -106.872329253737092, 40.858707532348859 ], [ -106.863197792205057, 40.857127239267292 ], [ -106.854314850589276, 40.854874289856603 ], [ -106.845766216438349, 40.851970442613258 ], [ -106.837634419807358, 40.848443741357563 ], [ -106.829997930662799, 40.84432824212616 ], [ -106.822930397164512, 40.839663681632544 ], [ -106.816499932391835, 40.83449509062703 ], [ -106.81076845653547, 40.828872356034566 ], [ -106.805791100957435, 40.822849736249836 ], [ -106.801615679839571, 40.81648533442327 ], [ -106.798282234403459, 40.809840534971819 ], [ -106.795822653905248, 40.802979408892369 ], [ -106.794260376795265, 40.795968093739781 ], [ -106.793610174597546, 40.788874154354268 ], [ -106.793878020217178, 40.7817659305828 ], [ -106.795061041535149, 40.774711878335339 ], [ -106.797147560308645, 40.76777991035015 ], [ -106.800117215571248, 40.761036743013712 ], [ -106.803941169926034, 40.754547255490095 ], [ -106.808582396356641, 40.74837386726729 ], [ -106.813996042449318, 40.742575940022292 ], [ -106.820129868230509, 40.737209209449873 ], [ -106.826924753182965, 40.732325252391107 ] ] ], [ [ [ -107.421089379258902, 40.878682447768135 ], [ -107.430234998460605, 40.880218099467747 ], [ -107.439138785769217, 40.882426032600314 ], [ -107.447715236445035, 40.885285041906904 ], [ -107.455881961530508, 40.888767669068933 ], [ -107.463560473371146, 40.892840464270343 ], [ -107.470676935258581, 40.897464304913818 ], [ -107.477162868215544, 40.902594768551083 ], [ -107.482955808282725, 40.908182556580584 ], [ -107.487999908064992, 40.914173964789008 ], [ -107.492246476748733, 40.920511396365463 ], [ -107.495654453311047, 40.927133912608049 ], [ -107.498190808204711, 40.933977816171769 ], [ -107.499830869415831, 40.940977261380311 ], [ -107.500558569453773, 40.948064885845596 ], [ -107.500366610537824, 40.955172457409809 ], [ -107.499256545992054, 40.962231530250889 ], [ -107.497238776638341, 40.96917410387357 ], [ -107.494332461786087, 40.975933278648647 ], [ -107.4905653452454, 40.982443901564501 ], [ -107.48597349763098, 40.988643195916858 ], [ -107.480600977069457, 40.994471368788595 ], [ -107.474499411261164, 40.999872190357912 ], [ -107.467727504670947, 41.004793539323025 ], [ -107.460350475419474, 41.009187909039866 ], [ -107.452439427206627, 41.013012869336698 ], [ -107.444070662311219, 41.016231479391024 ], [ -107.435324942366492, 41.018812647527248 ], [ -107.426286704198475, 41.020731434312509 ], [ -107.417043238525054, 41.021969295888461 ], [ -107.407683839740187, 41.022514265072452 ], [ -107.398298935342609, 41.022361068385656 ], [ -107.388979203806215, 41.021511177811689 ], [ -107.379814689825906, 41.019972796749066 ], [ -107.370893925906472, 41.017760780288405 ], [ -107.362303069191199, 41.014896490610091 ], [ -107.36136148253577, 41.014494840111745 ], [ -107.359323584484443, 41.015705674667771 ], [ -107.351405594849325, 41.019523870266738 ], [ -107.343030749857931, 41.022735289507388 ], [ -107.334279870688803, 41.025308910292729 ], [ -107.325237444713608, 41.027219866294629 ], [ -107.315990803676101, 41.02844968956547 ], [ -107.306629273054313, 41.02898649088911 ], [ -107.297243301170354, 41.028825076036846 ], [ -107.287923576848868, 41.027966996739963 ], [ -107.278760144560522, 41.026420535851095 ], [ -107.269841526019064, 41.02420062683322 ], [ -107.261253857128338, 41.02132870838107 ], [ -107.253080049000857, 41.017832515636599 ], [ -107.245398981494162, 41.013745810099877 ], [ -107.238284737340578, 41.009108050953614 ], [ -107.231805884485027, 41.003964011104877 ], [ -107.226024813702779, 40.998363341795162 ], [ -107.220997137951088, 40.992360090135918 ], [ -107.21677115922715, 40.986012174381962 ], [ -107.213387407967446, 40.979380822159897 ], [ -107.210878259242932, 40.972529977215025 ], [ -107.209267629189512, 40.965525680527904 ], [ -107.208570754276309, 40.958435431877938 ], [ -107.208794055164461, 40.951327538093913 ], [ -107.209935086057456, 40.944270454331246 ], [ -107.211982569599556, 40.937332124751535 ], [ -107.214916516550701, 40.930579328954472 ], [ -107.218708428661913, 40.924077040424017 ], [ -107.223321582402534, 40.917887803105536 ], [ -107.228711390455416, 40.912071132027641 ], [ -107.23482583720282, 40.906682943626805 ], [ -107.241605983781639, 40.901775021127044 ], [ -107.248986537690897, 40.897394519974476 ], [ -107.256896481394634, 40.893583517932228 ], [ -107.265259753877615, 40.890378614007489 ], [ -107.273995978684312, 40.887810579915801 ], [ -107.283021231602291, 40.885904067290149 ], [ -107.292248840841253, 40.884677373320201 ], [ -107.301590212308881, 40.884142266963764 ], [ -107.310955672393533, 40.884303877312256 ], [ -107.320255320533377, 40.885160645121687 ], [ -107.329399883779431, 40.886704337939825 ], [ -107.338301565548562, 40.888920128680297 ], [ -107.34687488080958, 40.891786736912984 ], [ -107.347814606578382, 40.892188563358054 ], [ -107.349849032980401, 40.89097800599852 ], [ -107.357752110082103, 40.887160254710949 ], [ -107.366109370830898, 40.883948182679696 ], [ -107.374840495689455, 40.881372630326247 ], [ -107.38386160871292, 40.879458321270484 ], [ -107.393086077295663, 40.878223627292606 ], [ -107.402425337095508, 40.877680393845147 ], [ -107.41178973454916, 40.87783382770295 ], [ -107.421089379258902, 40.878682447768135 ] ] ], [ [ [ -106.386974322697739, 37.000860804010266 ], [ -106.393460631442622, 36.996005212176456 ], [ -106.400508262872933, 36.991682554141569 ], [ -106.408049402010008, 36.987934365697313 ], [ -106.41601152581319, 36.984796655936421 ], [ -106.424318097680981, 36.982299563823666 ], [ -106.432889299055105, 36.980467070949608 ], [ -106.441642791291372, 36.979316773119407 ], [ -106.450494500720367, 36.978859712880926 ], [ -106.459359419637906, 36.979100274529927 ], [ -106.468152415840805, 36.98003614255245 ], [ -106.476789043258321, 36.981658323879728 ], [ -106.48518634622269, 36.983951233742516 ], [ -106.493263649974395, 36.986892844326412 ], [ -106.50094333010837, 36.990454894850366 ], [ -106.508151553836555, 36.994603161122498 ], [ -106.514818986168493, 36.999297782075907 ], [ -106.520881454396488, 37.004493640255113 ], [ -106.526280564611824, 37.010140792717593 ], [ -106.530964264375129, 37.01618494833734 ], [ -106.534887346113678, 37.022567987053428 ], [ -106.538011886321343, 37.029228516200988 ], [ -106.540307616188997, 37.03610245869698 ], [ -106.541752219892814, 37.043123667534047 ], [ -106.542331557411444, 37.050224560765713 ], [ -106.542039809425731, 37.057336770947778 ], [ -106.540879542572725, 37.064391802837335 ], [ -106.538861694072551, 37.071321693044958 ], [ -106.536005475516703, 37.07805966528926 ], [ -106.532338196392118, 37.084540774917159 ], [ -106.527895008709393, 37.090702536429411 ], [ -106.522718574897297, 37.096485527889598 ], [ -106.516858661910447, 37.101833966295118 ], [ -106.510371665263264, 37.10669624824925 ], [ -106.503320067441948, 37.111025450594767 ], [ -106.495771835847563, 37.114779786045197 ], [ -106.487799766077273, 37.117923009280815 ], [ -106.479480776949259, 37.120424769455823 ], [ -106.470895164210646, 37.122260905587446 ], [ -106.462125820328268, 37.123413681861017 ], [ -106.453257428144738, 37.123871960482667 ], [ -106.444375636477247, 37.12363131033446 ], [ -106.435566225943532, 37.122694050331468 ], [ -106.426914273411597, 37.121069227036081 ], [ -106.418503323487457, 37.11877252674789 ], [ -106.410414575376834, 37.115826122946416 ], [ -106.402726093284656, 37.112258460614697 ], [ -106.395512048251263, 37.10810397960433 ], [ -106.388841998973305, 37.103402779811965 ], [ -106.382780218722132, 37.098200231514525 ], [ -106.377385074963669, 37.092546534751939 ], [ -106.372708467704825, 37.086496232143368 ], [ -106.368795331954672, 37.080107679974113 ], [ -106.365683208999371, 37.073442482786696 ], [ -106.363401890460466, 37.066564897053041 ], [ -106.361973138344496, 37.059541209787 ], [ -106.361410483508536, 37.052439098178816 ], [ -106.361719104169666, 37.045326976493833 ], [ -106.362895785287648, 37.038273336574221 ], [ -106.364928958855074, 37.03134608831737 ], [ -106.367798824349407, 37.024611906476949 ], [ -106.37147754784074, 37.018135590044167 ], [ -106.37592953751745, 37.011979440319784 ], [ -106.381111792693005, 37.006202663583451 ], [ -106.386974322697739, 37.000860804010266 ] ] ], [ [ [ -105.821993174343476, 37.135374576665114 ], [ -105.829086723892686, 37.131085341120347 ], [ -105.836670450330061, 37.127372979388021 ], [ -105.84467142613984, 37.124273156522648 ], [ -105.853012745929078, 37.121815648194712 ], [ -105.861614261378023, 37.120024056882428 ], [ -105.870393346100698, 37.118915587031125 ], [ -105.879265683316461, 37.118500881252864 ], [ -105.88814606905359, 37.118783919072449 ], [ -105.896949223484185, 37.119761979148336 ], [ -105.905590602926452, 37.121425665311861 ], [ -105.913987205046766, 37.123758996179937 ], [ -105.922058359848506, 37.126739557511165 ], [ -105.929726499147975, 37.130338715896791 ], [ -105.936917897409373, 37.134521891809705 ], [ -105.943563377040959, 37.139248889484165 ], [ -105.949598971541249, 37.144474280568041 ], [ -105.954966540228284, 37.150147837983198 ], [ -105.959614328684609, 37.156215015954288 ], [ -105.963497469504247, 37.16261747172306 ], [ -105.96657841843431, 37.169293624061105 ], [ -105.968827321560312, 37.176179243331333 ], [ -105.970222309787914, 37.183208067530984 ], [ -105.970749717521201, 37.190312438481598 ], [ -105.970404223125101, 37.197423952115365 ], [ -105.969188909480877, 37.204474116646935 ], [ -105.967115243694991, 37.211395012317205 ], [ -105.964202975795047, 37.218119946352552 ], [ -105.960479957035702, 37.224584096800697 ], [ -105.955981879234272, 37.230725138985051 ], [ -105.950751937352038, 37.236483848461525 ], [ -105.944840418323381, 37.241804674566673 ], [ -105.93830421990269, 37.246636278910785 ], [ -105.931206304037659, 37.250932033494841 ], [ -105.923615089978, 37.254650473510623 ], [ -105.915603792982026, 37.257755700317574 ], [ -105.90724971507899, 37.260217730573494 ], [ -105.898633494876393, 37.26201278802376 ], [ -105.889838323857845, 37.263123535020135 ], [ -105.880949136994801, 37.263539241440419 ], [ -105.872051785785629, 37.263255889305356 ], [ -105.863232202036045, 37.262276212035616 ], [ -105.854575560801138, 37.260609667948351 ], [ -105.846165450919187, 37.258272348256135 ], [ -105.83808306148363, 37.255286820489829 ], [ -105.83040639241824, 37.251681908916822 ], [ -105.82320949705074, 37.247492414157108 ], [ -105.816561764220097, 37.242758774806909 ], [ -105.810527247012843, 37.237526674454621 ], [ -105.805164044706871, 37.231846598011593 ], [ -105.800523743918362, 37.225773341775103 ], [ -105.796650924303819, 37.219365482086708 ], [ -105.793582733476924, 37.212684807843182 ], [ -105.791348535066021, 37.205795722454631 ], [ -105.78996963307371, 37.198764621123651 ], [ -105.789459074914333, 37.191659249536812 ], [ -105.789821534707457, 37.184548050215497 ], [ -105.791053277605414, 37.177499502866382 ], [ -105.793142205138423, 37.170581465101769 ], [ -105.796067980781118, 37.163860519868628 ], [ -105.799802234184909, 37.157401335833036 ], [ -105.8043088417908, 37.151266046816438 ], [ -105.809544280839702, 37.145513656173009 ], [ -105.815458053140816, 37.140199471737759 ], [ -105.821993174343476, 37.135374576665114 ] ] ], [ [ [ -106.105004847664091, 37.184804562052058 ], [ -106.112086550114583, 37.180498596843918 ], [ -106.119660876655956, 37.176768294165136 ], [ -106.127654988120099, 37.173649490983628 ], [ -106.135992043425404, 37.171172144647393 ], [ -106.14459193397623, 37.169360047369331 ], [ -106.153372048192011, 37.168230599609856 ], [ -106.162248059068347, 37.167794644444939 ], [ -106.171134727490809, 37.168056364441533 ], [ -106.179946713899071, 37.169013241984345 ], [ -106.188599390834995, 37.170656083413348 ], [ -106.197009648902721, 37.172969106743267 ], [ -106.205096688722165, 37.175930092151177 ], [ -106.212782791569765, 37.17951059383914 ], [ -106.219994061570063, 37.183676211311663 ], [ -106.226661132530793, 37.188386917556059 ], [ -106.229516845480248, 37.190842980590809 ], [ -106.233726036964214, 37.19029864607937 ], [ -106.242603995837499, 37.189856633545922 ], [ -106.251493358092233, 37.190112272490005 ], [ -106.260308758537803, 37.191063103414237 ], [ -106.268965537291294, 37.192699990474125 ], [ -106.277380546032518, 37.195007208656733 ], [ -106.285472940310427, 37.197962593733799 ], [ -106.293164950591759, 37.201537753601009 ], [ -106.300382624913283, 37.205698339047537 ], [ -106.304830342060797, 37.208834704804254 ], [ -106.311976770432935, 37.205300374911722 ], [ -106.319965564181686, 37.202168699507453 ], [ -106.328299044925686, 37.199677889190411 ], [ -106.33689713752122, 37.197851864959986 ], [ -106.345677247063634, 37.196708160414083 ], [ -106.354555046312072, 37.196257754872811 ], [ -106.363445279016261, 37.19650496898219 ], [ -106.37226257174234, 37.197447423752813 ], [ -106.380922246729824, 37.199076063403325 ], [ -106.389341128305631, 37.201375241791183 ], [ -106.397438335433378, 37.204322871627475 ], [ -106.405136053087162, 37.207890635094024 ], [ -106.412360275309183, 37.212044253912758 ], [ -106.419041513037172, 37.216743816366858 ], [ -106.425115460072703, 37.22194415824044 ], [ -106.430523610903293, 37.227595294138737 ], [ -106.435213824487434, 37.233642895172423 ], [ -106.439140828563623, 37.240028808546995 ], [ -106.442266659547926, 37.246691614191548 ], [ -106.444561033638166, 37.253567213197755 ], [ -106.446001645344751, 37.260589442519993 ], [ -106.446574390312577, 37.267690710118138 ], [ -106.446273509983897, 37.274802644506131 ], [ -106.445101656372216, 37.28185675250662 ], [ -106.443069875965961, 37.288785078905804 ], [ -106.44019751255405, 37.295520861656911 ], [ -106.436512029553228, 37.301999176294984 ], [ -106.432048753214204, 37.308157563302544 ], [ -106.426850538880103, 37.313936632304355 ], [ -106.420967363258001, 37.319280637170465 ], [ -106.414455846433583, 37.324138016368074 ], [ -106.40737870810014, 37.328461893224102 ], [ -106.399804163176555, 37.332210531137086 ], [ -106.391805262645235, 37.335347739208295 ], [ -106.383459186041733, 37.337843224242363 ], [ -106.381295964458118, 37.338302841163006 ], [ -106.383033583519065, 37.342008431682231 ], [ -106.385325776630964, 37.348885122880773 ], [ -106.386763005365069, 37.355908039189309 ], [ -106.387331196662586, 37.363009581742325 ], [ -106.387024634591171, 37.370121376117055 ], [ -106.385846024755509, 37.377174930127261 ], [ -106.383806477728456, 37.384102293482279 ], [ -106.38092541129727, 37.390836712958865 ], [ -106.377230372109281, 37.397313276748342 ], [ -106.372756778099415, 37.403469541718536 ], [ -106.367547583879031, 37.409246137469069 ], [ -106.361652872055672, 37.414587341259846 ], [ -106.355129374221889, 37.419441618154202 ], [ -106.348039926094899, 37.423762121039999 ], [ -106.340452861992688, 37.427507145568988 ], [ -106.332441354489447, 37.430640535486795 ], [ -106.324082705694622, 37.433132034305686 ], [ -106.31545759713498, 37.434957579798301 ], [ -106.306649305682186, 37.436099538354334 ], [ -106.297742893350573, 37.436546876840964 ], [ -106.288824379086449, 37.436295270231469 ], [ -106.27997990087583, 37.43534714391248 ], [ -106.271294876609019, 37.433711650235999 ], [ -106.262853172156568, 37.431404579546452 ], [ -106.254736285030305, 37.428448206571836 ], [ -106.247022551828039, 37.424871073719153 ], [ -106.239786387392925, 37.420707713446596 ], [ -106.233097563262717, 37.415998312494089 ], [ -106.227020532546121, 37.410788321330941 ], [ -106.221613807848854, 37.405128012719594 ], [ -106.216929398289764, 37.399071993791424 ], [ -106.213012311005073, 37.392678676480159 ], [ -106.209900121845465, 37.386009711554287 ], [ -106.207622619236417, 37.379129391831313 ], [ -106.206201524406652, 37.372104030438095 ], [ -106.205650290401493, 37.365001320202545 ], [ -106.205973981498246, 37.357889680420442 ], [ -106.206216360130341, 37.356459726858994 ], [ -106.202455506233889, 37.356053463979798 ], [ -106.193781204289806, 37.354412062349169 ], [ -106.185350681839736, 37.352099229058553 ], [ -106.177245327477451, 37.349137294509113 ], [ -106.169543365525598, 37.345554854746212 ], [ -106.162319096322989, 37.341386493312172 ], [ -106.155642175820631, 37.336672444985787 ], [ -106.149576941610874, 37.331458204772183 ], [ -106.144181791999685, 37.325794086046301 ], [ -106.139508624150196, 37.319734732249465 ], [ -106.135602336683462, 37.313338586987939 ], [ -106.133434425491401, 37.308676248716523 ], [ -106.129653056847573, 37.307636120374468 ], [ -106.121554611872327, 37.304670232209254 ], [ -106.113859793643599, 37.301084021915813 ], [ -106.106642832961938, 37.296912109369259 ], [ -106.099973314705863, 37.292194763499268 ], [ -106.093915504572067, 37.286977510952944 ], [ -106.088527728863468, 37.281310693937989 ], [ -106.083861813345536, 37.275248981648545 ], [ -106.079962586549357, 37.26885084012472 ], [ -106.076867452207466, 37.262177965791871 ], [ -106.074606034775812, 37.255294688266105 ], [ -106.073199901230055, 37.248267348293055 ], [ -106.072662361538889, 37.241163656906828 ], [ -106.072998349418, 37.234052042054216 ], [ -106.074204384167956, 37.227000989023672 ], [ -106.076268613602679, 37.220078381051337 ], [ -106.079170937294677, 37.213350846445941 ], [ -106.082883208601643, 37.206883118484853 ], [ -106.087369513207634, 37.200737414183976 ], [ -106.092586521212766, 37.194972837839181 ], [ -106.098483909146594, 37.189644814978003 ], [ -106.105004847664091, 37.184804562052058 ] ] ], [ [ [ -105.879515562767324, 37.415432597567786 ], [ -105.886631789009812, 37.411139821452451 ], [ -105.894240480315972, 37.407423620853713 ], [ -105.902268469768231, 37.404319696774003 ], [ -105.910638593460305, 37.401857863408964 ], [ -105.919270427874196, 37.400061764005294 ], [ -105.928081057306755, 37.398948645661378 ], [ -105.93698586422542, 37.39852919514518 ], [ -105.945899335251937, 37.398807437238439 ], [ -105.954735875351247, 37.399780696538492 ], [ -105.963410622738593, 37.401439623064434 ], [ -105.971840257014577, 37.403768281426849 ], [ -105.979943793091508, 37.406744302735113 ], [ -105.987643353588112, 37.410339097838076 ], [ -105.994864912540663, 37.414518129926535 ], [ -106.001539003509023, 37.419241243974973 ], [ -106.007601385442356, 37.424463049969475 ], [ -106.012993660013976, 37.430133356363257 ], [ -106.017663834534247, 37.436197649724669 ], [ -106.021566825004683, 37.44259761610045 ], [ -106.02466489438315, 37.449271699211764 ], [ -106.02692802168761, 37.456155690237814 ], [ -106.02833419817, 37.463183343624387 ], [ -106.028869647441425, 37.470287013085695 ], [ -106.028528967117907, 37.477398301752345 ], [ -106.027315190280333, 37.484448720256736 ], [ -106.025239765794979, 37.491370346443659 ], [ -106.024527802211338, 37.493011961933568 ], [ -106.024797043097223, 37.493137391963948 ], [ -106.032028690550689, 37.497313946977201 ], [ -106.038712555749001, 37.502034751927063 ], [ -106.04047688973597, 37.503551602298224 ], [ -106.0448512428692, 37.502637508116727 ], [ -106.053671797585878, 37.501514894405588 ], [ -106.062587834577869, 37.501085815211006 ], [ -106.071513733401957, 37.501354387296935 ], [ -106.077352476592552, 37.501990218273079 ], [ -106.082111848768974, 37.50138321915643 ], [ -106.091027654451977, 37.500951995751066 ], [ -106.099953585836062, 37.501218417133124 ], [ -106.108803929236089, 37.502179920899138 ], [ -106.117493691533738, 37.503827269537837 ], [ -106.125939409516221, 37.506144638545145 ], [ -106.134059945109783, 37.509109767287299 ], [ -106.141777259174773, 37.512694171216708 ], [ -106.149017156699969, 37.516863413478617 ], [ -106.155709996462818, 37.521577433394789 ], [ -106.161791358508324, 37.526790928780322 ], [ -106.16582191004278, 37.531008955660461 ], [ -106.170754418974312, 37.535236157733479 ], [ -106.176167017980021, 37.540898576970612 ], [ -106.180857353591605, 37.546955974142804 ], [ -106.18478014848202, 37.553350102470546 ], [ -106.1878974753253, 37.560019462770825 ], [ -106.190179127715354, 37.566899892657439 ], [ -106.191602918123834, 37.573925181865853 ], [ -106.192154899760766, 37.581027707877048 ], [ -106.191829509890653, 37.588139085798318 ], [ -106.190629632879677, 37.595190826296069 ], [ -106.188566582004299, 37.602114995271805 ], [ -106.185659999827038, 37.608844868926909 ], [ -106.181937677739072, 37.615315577877801 ], [ -106.177435296069135, 37.621464734061362 ], [ -106.172196086960085, 37.627233034310677 ], [ -106.166270423005187, 37.632564834683272 ], [ -106.15971533540916, 37.637408689887728 ], [ -106.152593966184085, 37.641717852476617 ], [ -106.144974959596198, 37.64545072685349 ], [ -106.136931798739113, 37.648571273573189 ], [ -106.128542093710621, 37.651049359897911 ], [ -106.119886828407033, 37.652861053096565 ], [ -106.111049573412103, 37.653988853542181 ], [ -106.10211567283902, 37.654421865259401 ], [ -106.093171413280643, 37.65415590220146 ], [ -106.084303183226623, 37.653193529179823 ], [ -106.075596631416573, 37.651544037028927 ], [ -106.067135832611299, 37.649223352249912 ], [ -106.059002469181735, 37.64625388203882 ], [ -106.058273402572738, 37.645915249155557 ], [ -106.055707383309482, 37.645838048052923 ], [ -106.046840561293337, 37.644872834527568 ], [ -106.038135748497353, 37.643220547698164 ], [ -106.029677002678952, 37.640897141157318 ], [ -106.021545986131116, 37.637925048463259 ], [ -106.013821171514692, 37.634332964847275 ], [ -106.006577079708251, 37.630155568058967 ], [ -105.999883557262947, 37.625433181147102 ], [ -105.998117098771829, 37.623915784640388 ], [ -105.993735070326437, 37.624828239156479 ], [ -105.984899002407687, 37.625946572919638 ], [ -105.97596750709522, 37.626369994176741 ], [ -105.967026847635296, 37.626094409965255 ], [ -105.958163377417861, 37.625122478461002 ], [ -105.949462698684158, 37.623463583216299 ], [ -105.941008828771459, 37.621133741885309 ], [ -105.932883382288225, 37.618155450351253 ], [ -105.92516477743392, 37.614557463820219 ], [ -105.917927474404976, 37.610374517077929 ], [ -105.911241253468077, 37.605646986714298 ], [ -105.905170539839204, 37.600420498695648 ], [ -105.89977378198779, 37.594745485203738 ], [ -105.895102889398188, 37.588676695155542 ], [ -105.891202735174502, 37.582272663264767 ], [ -105.888110728177239, 37.575595142900426 ], [ -105.885856458642763, 37.568708508335682 ], [ -105.884461420467488, 37.561679132260139 ], [ -105.883938812548237, 37.554574744646388 ], [ -105.88429342076806, 37.547463779217665 ], [ -105.885521581412362, 37.540414713857274 ], [ -105.887611226001482, 37.5334954113302 ], [ -105.888326572371213, 37.531854587635983 ], [ -105.888057412932767, 37.531728846104066 ], [ -105.880830244836602, 37.527543437057012 ], [ -105.874153832168801, 37.522813616014702 ], [ -105.868092505197538, 37.517585030737337 ], [ -105.862704621703529, 37.511908133295627 ], [ -105.858042005625961, 37.505837690410807 ], [ -105.854149450493949, 37.499432252357863 ], [ -105.851064292324267, 37.492753585687829 ], [ -105.848816055929106, 37.485866075363774 ], [ -105.847426177809425, 37.478836102183443 ], [ -105.846907808020717, 37.471731401580193 ], [ -105.847265692596253, 37.464620410049278 ], [ -105.848496137309795, 37.457571605539691 ], [ -105.850587052761711, 37.450652848182429 ], [ -105.853518079989954, 37.443930727693576 ], [ -105.857260795044567, 37.437469923700185 ], [ -105.861778990232253, 37.43133258508464 ], [ -105.867029029038051, 37.425577734237947 ], [ -105.872960271071193, 37.420260701851554 ], [ -105.879515562767324, 37.415432597567786 ] ] ], [ [ [ -106.041058830789581, 37.894804573956918 ], [ -106.047644174681992, 37.889967064574655 ], [ -106.05479528708365, 37.885663966920959 ], [ -106.062443362482227, 37.881936625871738 ], [ -106.070514855800582, 37.878820847789882 ], [ -106.078932186440738, 37.876346559123398 ], [ -106.087614479586421, 37.874537521255256 ], [ -106.096478337848112, 37.873411104235579 ], [ -106.105438636094746, 37.872978121478752 ], [ -106.11440933213396, 37.873242726942443 ], [ -106.123304285779767, 37.874202375729276 ], [ -106.132038078782429, 37.875847848467657 ], [ -106.140526828089889, 37.878163339241588 ], [ -106.148688984963997, 37.88112660625476 ], [ -106.156446112587147, 37.884709183836591 ], [ -106.163723634965351, 37.88887665383065 ], [ -106.170451550163662, 37.893588973856062 ], [ -106.176565101195962, 37.898800859401078 ], [ -106.182005398235063, 37.904462216203328 ], [ -106.186719986208686, 37.910518618894251 ], [ -106.190663352301712, 37.916911831442448 ], [ -106.193797368391557, 37.923580364525279 ], [ -106.196091664002978, 37.9304600645943 ], [ -106.197523925973385, 37.937484729081341 ], [ -106.19808012167158, 37.944586741922585 ], [ -106.197754643303441, 37.95169772335985 ], [ -106.196550371564825, 37.95874918781653 ], [ -106.194478657659388, 37.965673203539531 ], [ -106.191559223478507, 37.972403047653046 ], [ -106.187819980538023, 37.978873850286107 ], [ -106.183296769071461, 37.985023221512186 ], [ -106.1780330194849, 37.990791854979669 ], [ -106.172079339174829, 37.996124102313594 ], [ -106.165493028488044, 38.000968512631971 ], [ -106.158337530352171, 38.005278331842256 ], [ -106.150681818816864, 38.009011956762237 ], [ -106.142599732408939, 38.012133339542331 ], [ -106.134169258811639, 38.014612338347767 ], [ -106.125471777918307, 38.016425010786307 ], [ -106.116591270777334, 38.017553847132099 ], [ -106.107613502330494, 38.017987940996576 ], [ -106.098625186144602, 38.017723095722488 ], [ -106.089713139542482, 38.016761865423128 ], [ -106.080963437650624, 38.015113530247376 ], [ -106.072460574893597, 38.012794006114213 ], [ -106.064286642382612, 38.009825689820914 ], [ -106.056520529465899, 38.006237241080463 ], [ -106.049237157434973, 38.002063303675762 ], [ -106.042506753019978, 37.997344168527533 ], [ -106.036394168861847, 37.992125382049203 ], [ -106.030958257626807, 37.986457303701982 ], [ -106.026251305839139, 37.980394617158993 ], [ -106.022318532856858, 37.973995799935473 ], [ -106.01919765971401, 37.96732255673728 ], [ -106.016918551810335, 37.96043922211863 ], [ -106.015502938655615, 37.953412138320175 ], [ -106.014964213079992, 37.946309014377711 ], [ -106.015307311515045, 37.939198272748044 ], [ -106.016528676140098, 37.932148389792253 ], [ -106.018616298885476, 37.925227236487927 ], [ -106.021549846494779, 37.918501425710765 ], [ -106.025300865082272, 37.912035672334198 ], [ -106.029833061882314, 37.905892172246006 ], [ -106.035102661185221, 37.900130006174436 ], [ -106.041058830789581, 37.894804573956918 ] ] ], [ [ [ -106.079785530144264, 38.486808043436582 ], [ -106.08480442517903, 38.490299698824494 ], [ -106.085100990047493, 38.490406595899103 ], [ -106.09292074145479, 38.493992067488691 ], [ -106.10025649807757, 38.498162171565923 ], [ -106.107037699065359, 38.502876842583873 ], [ -106.113199074668316, 38.50809077561636 ], [ -106.118681273368665, 38.513753858849491 ], [ -106.123431433964441, 38.519811652312043 ], [ -106.124626994910258, 38.521736314994357 ], [ -106.131695674292743, 38.522490561809335 ], [ -106.140507813898907, 38.524134006985079 ], [ -106.149072966359029, 38.526447433437376 ], [ -106.157308853745235, 38.529408620650408 ], [ -106.165136334703334, 38.532989124720743 ], [ -106.172480159929137, 38.537154549469946 ], [ -106.179269691725779, 38.541864874417371 ], [ -106.185439580909105, 38.54707483657873 ], [ -106.190930394673657, 38.552734362550389 ], [ -106.195689189432201, 38.558789046863446 ], [ -106.199670023097923, 38.565180672148529 ], [ -106.202834401788067, 38.571847766246528 ], [ -106.205151656488283, 38.578726191036452 ], [ -106.206599245827036, 38.585749757432552 ], [ -106.207162981763403, 38.592850860731971 ], [ -106.206837175688165, 38.599961130276178 ], [ -106.20562470316969, 38.607012087225741 ], [ -106.203536986339486, 38.61393580414137 ], [ -106.200593893699221, 38.620665560018011 ], [ -106.196823557935204, 38.62713648443254 ], [ -106.192262113139748, 38.633286184542371 ], [ -106.18695335365247, 38.639055348810828 ], [ -106.180948317539546, 38.644388321536383 ], [ -106.174304798515607, 38.64923364252472 ], [ -106.174258901530962, 38.649261057190287 ], [ -106.174620801596689, 38.650335487034305 ], [ -106.176067043141586, 38.657359371372436 ], [ -106.176628514329465, 38.664460575531962 ], [ -106.176299547394635, 38.671570727741269 ], [ -106.175083047432651, 38.678621350096677 ], [ -106.172990474536746, 38.685544518141953 ], [ -106.170041743271071, 38.692273515882732 ], [ -106.166265040068836, 38.698743479896578 ], [ -106.161696559957704, 38.704892026275715 ], [ -106.156380164829343, 38.710659854278454 ], [ -106.151518122152069, 38.714970758854221 ], [ -106.154924539530853, 38.719298761990323 ], [ -106.158911041630759, 38.725691520236772 ], [ -106.162079119876324, 38.732359486074763 ], [ -106.164398067780994, 38.739238513195239 ], [ -106.165845325647567, 38.746262406798287 ], [ -106.16640670650996, 38.75336355899254 ], [ -106.166076542305049, 38.76047359848846 ], [ -106.164857748502769, 38.76752404838534 ], [ -106.163403176792258, 38.772328667140478 ], [ -106.170689061844996, 38.774937732108775 ], [ -106.178544271252932, 38.778516760732565 ], [ -106.185914339544794, 38.782680761307425 ], [ -106.192728377462558, 38.787389727894436 ], [ -106.198920800385551, 38.792598411470593 ], [ -106.204431958441518, 38.798256751845067 ], [ -106.209208711438009, 38.804310355851591 ], [ -106.213204943063459, 38.810701017360834 ], [ -106.216382009316945, 38.817367274250778 ], [ -106.218709116687691, 38.824244997108956 ], [ -106.220163626216461, 38.831268004120695 ], [ -106.220562737169061, 38.836260591440457 ], [ -106.223203357210437, 38.836748660541211 ], [ -106.231808631491091, 38.839055256938117 ], [ -106.240084037371759, 38.842009816882275 ], [ -106.247950056255917, 38.845583960844493 ], [ -106.255331070491792, 38.849743354652233 ], [ -106.262156086369799, 38.854448036836381 ], [ -106.268359414374387, 38.859652799826158 ], [ -106.273881300273445, 38.865307621458605 ], [ -106.278668501029287, 38.871358142794676 ], [ -106.282674799972042, 38.877746187788794 ], [ -106.285861456185614, 38.884410319954547 ], [ -106.288197583619009, 38.891286430803156 ], [ -106.289660456045553, 38.898308354512594 ], [ -106.290235734649286, 38.905408503013518 ], [ -106.289917615715339, 38.912518515459134 ], [ -106.288708896635569, 38.919569915881489 ], [ -106.286620959206076, 38.926494772729548 ], [ -106.283673669983784, 38.933226353936419 ], [ -106.27989519827652, 38.939699771176734 ], [ -106.275321753158238, 38.945852607049702 ], [ -106.273063071993306, 38.948301643883013 ], [ -106.27540684956864, 38.948547030454272 ], [ -106.284274773010921, 38.950178587346691 ], [ -106.292895702668091, 38.952480372719862 ], [ -106.3011868287862, 38.95543027846827 ], [ -106.309068482842022, 38.958999969967046 ], [ -106.316464897912326, 38.963155156108186 ], [ -106.323304933058964, 38.967855916225723 ], [ -106.329522754956727, 38.973057080886669 ], [ -106.335058470335625, 38.978708663019525 ], [ -106.339858703209757, 38.984756335375565 ], [ -106.343877111321561, 38.991141949874368 ], [ -106.347074836740092, 38.997804093980008 ], [ -106.349420886114103, 39.004678678888041 ], [ -106.350892436691083, 39.011699553984322 ], [ -106.351475064870144, 39.018799141764852 ], [ -106.351162894755191, 39.025909087185873 ], [ -106.349958664909153, 39.032960915248687 ], [ -106.347873712277206, 39.039886690515992 ], [ -106.344927873037307, 39.04661967220742 ], [ -106.34114930094583, 39.053094958535645 ], [ -106.336574204563703, 39.059250114018148 ], [ -106.331246505568117, 39.06502577363738 ], [ -106.325217421165846, 39.070366217921041 ], [ -106.318544974416426, 39.075219913275099 ], [ -106.311293437039112, 39.079540012221926 ], [ -106.303532710003466, 39.083284808573417 ], [ -106.295337647882249, 39.086418142999918 ], [ -106.28678733356621, 39.088909754936346 ], [ -106.277964310493758, 39.090735577293501 ], [ -106.268953780027388, 39.091877971007619 ], [ -106.259842772004262, 39.092325897061045 ], [ -106.250719296795367, 39.092075024233473 ], [ -106.241671487420476, 39.091127771489248 ], [ -106.232786740381556, 39.089493284566686 ], [ -106.224150863894081, 39.087187346999016 ], [ -106.215847242111693, 39.084232226459719 ], [ -106.207956023758399, 39.080656457976524 ], [ -106.200553343305558, 39.07649456619383 ], [ -106.193710582462572, 39.071786729472564 ], [ -106.187493679296807, 39.066578389196025 ], [ -106.181962491766939, 39.060919808190405 ], [ -106.177170221851839, 39.054865582666579 ], [ -106.173162905793916, 39.048474112538308 ], [ -106.16997897526133, 39.041807035368734 ], [ -106.167648893476198, 39.034928629535735 ], [ -106.16619486956796, 39.027905192488198 ], [ -106.165630653601383, 39.020804400183557 ], [ -106.165961413906373, 39.013694653954367 ], [ -106.167183697514346, 39.006644421144621 ], [ -106.169285473688575, 38.999721575887669 ], [ -106.172246259734877, 38.992992746366333 ], [ -106.17603732750085, 38.986522674803773 ], [ -106.180621988223251, 38.980373596283393 ], [ -106.182884889387879, 38.977926295947761 ], [ -106.180540411953075, 38.977679062186837 ], [ -106.171671219534076, 38.976039644741071 ], [ -106.163051108343353, 38.973728894514082 ], [ -106.154763309116134, 38.97076912555071 ], [ -106.146887816717665, 38.967188917561252 ], [ -106.13950061285918, 38.963022837756682 ], [ -106.132672929110072, 38.958311104546084 ], [ -106.126470557505939, 38.953099196467669 ], [ -106.120953215520046, 38.947437410265941 ], [ -106.116173971565701, 38.941380372523788 ], [ -106.112178736534361, 38.93498650970745 ], [ -106.109005826160825, 38.928317481877635 ], [ -106.106685598251801, 38.921437585659312 ], [ -106.105240168026583, 38.914413132342887 ], [ -106.104848546280721, 38.909420102698256 ], [ -106.102205967596419, 38.908929390695931 ], [ -106.093596165336194, 38.906613331793579 ], [ -106.085319014154194, 38.903648441965856 ], [ -106.085116819159538, 38.903556282403379 ], [ -106.083697869230036, 38.908216842437355 ], [ -106.080731990795073, 38.914943591072934 ], [ -106.076935840620891, 38.921410714012303 ], [ -106.072345799768058, 38.927555853749546 ], [ -106.067005937090073, 38.933319741380998 ], [ -106.060967590103672, 38.938646770773438 ], [ -106.054288874031187, 38.94348553780695 ], [ -106.0470341236054, 38.947789339355538 ], [ -106.039273272951121, 38.951516627047724 ], [ -106.031081179533089, 38.954631411282385 ], [ -106.022536898776693, 38.95710361145759 ], [ -106.013722916518333, 38.958909348898096 ], [ -106.013704358260156, 38.95891166326151 ], [ -106.018677186852798, 38.961724578559519 ], [ -106.025497801311161, 38.966443078820696 ], [ -106.031694080527359, 38.9716604284962 ], [ -106.037206335620823, 38.977326484528142 ], [ -106.041981413560251, 38.98338677982828 ], [ -106.045973211574918, 38.989783043987501 ], [ -106.049143125552959, 38.996453760858969 ], [ -106.051460427944249, 39.003334757782987 ], [ -106.052902571298347, 39.010359820902949 ], [ -106.053455414226164, 39.01746133075131 ], [ -106.053113367274065, 39.024570912066366 ], [ -106.051879456935978, 39.031620091637336 ], [ -106.049765306796672, 39.038540957869508 ], [ -106.046791035591795, 39.045266815714264 ], [ -106.04298507278024, 39.051732830624218 ], [ -106.038383893043104, 39.057876655270348 ], [ -106.033031671943064, 39.063639032896887 ], [ -106.026979865789301, 39.068964371392426 ], [ -106.020286719544799, 39.073801282417882 ], [ -106.013016707377474, 39.078103080254486 ], [ -106.00523991118115, 39.081828235414825 ], [ -105.99703134307012, 39.084940778492694 ], [ -105.988470218468834, 39.087410650210856 ], [ -105.979639186969663, 39.089213994153049 ], [ -105.970623528607859, 39.090333389234551 ], [ -105.961510323594368, 39.090758019565762 ], [ -105.952387603851534, 39.090483779991295 ], [ -105.943343494905164, 39.089513316234118 ], [ -105.940458061881657, 39.088974764105942 ], [ -105.939848654703241, 39.092421717098432 ], [ -105.937721827964495, 39.099340640412919 ], [ -105.934734425184601, 39.10606373531602 ], [ -105.930915002353075, 39.112526193217235 ], [ -105.926300164121031, 39.118665700446904 ], [ -105.920934218195981, 39.124423041310067 ], [ -105.920793564968221, 39.124546411807799 ], [ -105.921818624637325, 39.127602011770591 ], [ -105.923250728272308, 39.134628658254165 ], [ -105.923791809244236, 39.141730782223846 ], [ -105.92343638955191, 39.148840001814492 ], [ -105.9221876229076, 39.155887846515235 ], [ -105.920057274715774, 39.16280641673869 ], [ -105.917065618816039, 39.16952903866791 ], [ -105.913241251596588, 39.17599090804093 ], [ -105.908620824905, 39.182129716609829 ], [ -105.903248700005051, 39.187886255151994 ], [ -105.897176525640376, 39.193204987113184 ], [ -105.890462744060059, 39.198034587226587 ], [ -105.883172029626479, 39.202328439774817 ], [ -105.87537466535214, 39.206045091542521 ], [ -105.867145863390064, 39.20914865494138 ], [ -105.85856503612149, 39.211609157272655 ], [ -105.849715025036048, 39.213402832621874 ], [ -105.840681295075413, 39.21451235344734 ], [ -105.831551102503354, 39.214926999526362 ], [ -105.822412644668006, 39.21464276255103 ], [ -105.813354200230137, 39.213662385312702 ], [ -105.804463268541895, 39.211995335075876 ], [ -105.795825716871093, 39.209657711405349 ], [ -105.787524944077106, 39.206672089374237 ], [ -105.779641069157037, 39.203067299731131 ], [ -105.772250152797994, 39.198878148238244 ], [ -105.765423459697004, 39.194145077001458 ], [ -105.759226768952104, 39.188913771189334 ], [ -105.753719739290105, 39.183234715076551 ], [ -105.748955335291171, 39.177162701842704 ], [ -105.744979320101606, 39.170756302002317 ], [ -105.741829819408366, 39.16407729573578 ], [ -105.739536960688682, 39.157190074726394 ], [ -105.738122590956777, 39.150161019386452 ], [ -105.737600075418442, 39.143057857570462 ], [ -105.737974178620533, 39.135949011027101 ], [ -105.739241028858956, 39.128902935931393 ], [ -105.741388165791221, 39.121987463866553 ], [ -105.744394670398847, 39.115269149590183 ], [ -105.748231375667373, 39.108812631824996 ], [ -105.75286115560418, 39.102680013161041 ], [ -105.758239289502939, 39.09693026494763 ], [ -105.758380175413507, 39.096807087676936 ], [ -105.757362618521327, 39.093749957679961 ], [ -105.755947850707855, 39.086721047497875 ], [ -105.755424117940194, 39.079617901657343 ], [ -105.755796197353462, 39.072508941828801 ], [ -105.756294970210149, 39.069728724722722 ], [ -105.751788708064524, 39.071425924499678 ], [ -105.743220352395738, 39.073877864663736 ], [ -105.734384447114152, 39.07566268223114 ], [ -105.725366320301859, 39.07676313579676 ], [ -105.716253076578568, 39.077168593252807 ], [ -105.707132748377433, 39.076875135505254 ], [ -105.698093437826927, 39.0758855947714 ], [ -105.689222457904407, 39.074209527068255 ], [ -105.680605481536801, 39.071863119165705 ], [ -105.672325707232915, 39.068869030940689 ], [ -105.664463049644226, 39.065256174719721 ], [ -105.657093363166808, 39.06105943382984 ], [ -105.655402102492062, 39.05988157535284 ], [ -105.651181676640334, 39.060393850320111 ], [ -105.642070030297418, 39.06079349670582 ], [ -105.632952036894537, 39.060494215558045 ], [ -105.623915775796888, 39.059498895599916 ], [ -105.615048530193974, 39.057817148902181 ], [ -105.606435936503331, 39.055465217281238 ], [ -105.598161150375674, 39.05246581410961 ], [ -105.590304037693556, 39.048847903131616 ], [ -105.582940398671226, 39.044646416510325 ], [ -105.576141232788942, 39.039901914938945 ], [ -105.569972051835236, 39.03466019322579 ], [ -105.568308179391636, 39.032933121238244 ], [ -105.563993223807913, 39.031752516704501 ], [ -105.555722973885622, 39.028750056483432 ], [ -105.547870632051485, 39.025129237105645 ], [ -105.540511952033881, 39.020925018786016 ], [ -105.533717885037788, 39.016177988516823 ], [ -105.527553893271886, 39.010933965399715 ], [ -105.522079318331535, 39.005243555419071 ], [ -105.521790443394153, 39.004872348928089 ], [ -105.513714995291181, 39.004598717979796 ], [ -105.504687426514622, 39.003594090455707 ], [ -105.495829903665893, 39.00190319726871 ], [ -105.487227968297262, 38.999542368839364 ], [ -105.478964672058552, 38.996534404632051 ], [ -105.471119768750029, 38.992908351125855 ], [ -105.4637689395568, 38.988699219053672 ], [ -105.456983059185333, 38.983947642751083 ], [ -105.450827510161758, 38.978699485031775 ], [ -105.445361552014646, 38.973005391542415 ], [ -105.440637751458425, 38.966920299042989 ], [ -105.43670147902688, 38.960502902501965 ], [ -105.433590476888796, 38.953815086286809 ], [ -105.431334501819947, 38.946921325064075 ], [ -105.429955046516511, 38.939888060297825 ], [ -105.429465141626565, 38.932783058449459 ], [ -105.429869240055766, 38.925674757131972 ], [ -105.431163184282767, 38.918631605560726 ], [ -105.433334256606273, 38.911721405667727 ], [ -105.436361311448309, 38.905010660210657 ], [ -105.440214988064142, 38.898563934111166 ], [ -105.444858001265288, 38.892443235102448 ], [ -105.450245507054433, 38.886707419555876 ], [ -105.45632553940375, 38.881411629093051 ], [ -105.463039513787024, 38.876606763277451 ], [ -105.47032279250331, 38.872338993320859 ], [ -105.478105306308336, 38.868649321339667 ], [ -105.486312226404138, 38.8655731892567 ], [ -105.494864680424612, 38.863140140972476 ], [ -105.503680505701482, 38.861373540926827 ], [ -105.512675032797532, 38.86029035164497 ], [ -105.521761892056404, 38.859900972314044 ], [ -105.530853835738043, 38.860209139871614 ], [ -105.539863568188423, 38.86121189351222 ], [ -105.548704576430865, 38.862899602935165 ], [ -105.557291953563109, 38.86525606007141 ], [ -105.565543207401248, 38.86825863344427 ], [ -105.573379046926959, 38.871878483742826 ], [ -105.580724139268582, 38.876080838621206 ], [ -105.587507830179646, 38.880825324188436 ], [ -105.593664821268874, 38.886066350124118 ], [ -105.599135797585106, 38.891753544851831 ], [ -105.59942460728945, 38.892124567519524 ], [ -105.607487551814486, 38.892392370169439 ], [ -105.616502354817939, 38.893389164853325 ], [ -105.625349097317695, 38.895071015903959 ], [ -105.633942817925444, 38.897421771333185 ], [ -105.642200964189627, 38.900418854302679 ], [ -105.650044179591575, 38.904033478181454 ], [ -105.657397061123945, 38.90823092084544 ], [ -105.664188880410279, 38.912970855687888 ], [ -105.67035426161533, 38.918207736280685 ], [ -105.672017870485107, 38.91993338882309 ], [ -105.676327756107085, 38.921110064419871 ], [ -105.684590401140326, 38.924104096720669 ], [ -105.692438350048064, 38.927715815165222 ], [ -105.699796154772145, 38.931910525567311 ], [ -105.701485066533479, 38.933087787242023 ], [ -105.705697560404502, 38.932573753813458 ], [ -105.714792355276629, 38.932169284221935 ], [ -105.723894133479945, 38.932462325670699 ], [ -105.732915505756935, 38.933450061940817 ], [ -105.741769848492297, 38.935123006360527 ], [ -105.750372128119849, 38.937465092187175 ], [ -105.758639710919425, 38.940453825640127 ], [ -105.766493150751486, 38.944060500175183 ], [ -105.773856947450597, 38.9482504700253 ], [ -105.780660268830715, 38.952983480483283 ], [ -105.786837629545076, 38.958214051873348 ], [ -105.792329520391107, 38.96389191365396 ], [ -105.797082982054704, 38.969962484618677 ], [ -105.801052117748029, 38.976367394720775 ], [ -105.804198539708366, 38.983045043641646 ], [ -105.806491745090682, 38.989931190860965 ], [ -105.807909417400893, 38.996959571668299 ], [ -105.808437650276446, 39.004062533286863 ], [ -105.808071091122287, 39.011171685063061 ], [ -105.807574723781514, 39.01395212582613 ], [ -105.812075987667185, 39.012252806270958 ], [ -105.820634471071358, 39.009795885488565 ], [ -105.829459919304668, 39.008004623857808 ], [ -105.838467570300281, 39.006896219507773 ], [ -105.847570928812019, 39.00648131250977 ], [ -105.856682589728493, 39.006763883720708 ], [ -105.865715069700229, 39.007741217014257 ], [ -105.86859665460085, 39.008281670549913 ], [ -105.869208887280692, 39.004835009108213 ], [ -105.871339764966336, 38.997917179923135 ], [ -105.874328851289221, 38.991195568813289 ], [ -105.878147147455067, 38.984734847127761 ], [ -105.882757704818204, 38.978597158781426 ], [ -105.888115987436549, 38.972841524716721 ], [ -105.894170306056196, 38.967523277894607 ], [ -105.900862319156658, 38.962693534125542 ], [ -105.908127596111186, 38.958398703694449 ], [ -105.91589623699322, 38.954680048334559 ], [ -105.924093543089583, 38.951573287667216 ], [ -105.932640731767506, 38.94910825875349 ], [ -105.941455688984945, 38.94730863190194 ], [ -105.941474246811367, 38.947306329032408 ], [ -105.936505422306723, 38.944490066131245 ], [ -105.929692737335856, 38.939766247143375 ], [ -105.923506652255924, 38.93454332599012 ], [ -105.918006725608805, 38.928871705328582 ], [ -105.913245856121719, 38.922806106079001 ], [ -105.909269775955195, 38.916405036575732 ], [ -105.906116614857865, 38.90973022551254 ], [ -105.903816539244062, 38.902846024281246 ], [ -105.902391469423492, 38.895818784581351 ], [ -105.901854877403764, 38.88871621739532 ], [ -105.902211666867146, 38.88160673957919 ], [ -105.903458136101619, 38.874558814409674 ], [ -105.905582023851835, 38.867640292458134 ], [ -105.908562637257035, 38.86091775912881 ], [ -105.912371060267304, 38.854455895105367 ], [ -105.916970440183192, 38.848316855797947 ], [ -105.922316349253762, 38.842559675675354 ], [ -105.928357217598872, 38.837239703105901 ], [ -105.935034833097035, 38.832408071020105 ], [ -105.942284903305023, 38.828111208351793 ], [ -105.950037673951897, 38.82439039681438 ], [ -105.958218598080066, 38.821281377132912 ], [ -105.966749049492449, 38.818814008379384 ], [ -105.975547073807206, 38.817011983558757 ], [ -105.984528170122829, 38.815892604066057 ], [ -105.993606096055132, 38.815466615086905 ], [ -106.002693688726055, 38.815738103451032 ], [ -106.011703694160772, 38.816704458871584 ], [ -106.020549597486138, 38.818356398921395 ], [ -106.029146446318208, 38.820678057511564 ], [ -106.0374116597811, 38.823647136054319 ], [ -106.037613566465097, 38.823739383449677 ], [ -106.038388528526809, 38.821196975587682 ], [ -106.03110252773574, 38.818579678208366 ], [ -106.023250022077377, 38.814990718109811 ], [ -106.015885815999397, 38.810816392685865 ], [ -106.009080917730543, 38.806096999450439 ], [ -106.002900898339064, 38.800878090246641 ], [ -105.997405258891106, 38.795210028635822 ], [ -105.992646858080917, 38.78914750090982 ], [ -105.988671405815609, 38.782748985589002 ], [ -105.985517027525347, 38.776076186663467 ], [ -105.983213903215812, 38.769193436173701 ], [ -105.981783984494669, 38.762167072005347 ], [ -105.981240791998275, 38.755064796991427 ], [ -105.981589294825724, 38.74795502557032 ], [ -105.982825872768984, 38.740906224340996 ], [ -105.984938361313837, 38.733986252885785 ], [ -105.987906178589498, 38.727261711199688 ], [ -105.991700532669981, 38.720797299972254 ], [ -105.996284706884524, 38.714655199816313 ], [ -106.001614420085517, 38.708894475331732 ], [ -106.006485203584518, 38.704589682396403 ], [ -106.003088358714038, 38.70025721025003 ], [ -105.999117080530738, 38.693858900803207 ], [ -105.995965823026381, 38.687186244576367 ], [ -105.993664737101255, 38.680303572069057 ], [ -105.992235755796926, 38.673277220308528 ], [ -105.991692391860482, 38.666174891964282 ], [ -105.992039617210722, 38.659065002009285 ], [ -105.993273825096296, 38.652016018269123 ], [ -105.995382874922541, 38.645095802229669 ], [ -105.998346218929143, 38.638370956442465 ], [ -106.002135109124666, 38.63190618477406 ], [ -106.006712882141528, 38.625763671594704 ], [ -106.0097579691395, 38.62246770746868 ], [ -106.008142840242584, 38.62202999759733 ], [ -105.999902171037903, 38.619058420417133 ], [ -105.992073202422034, 38.615466931772872 ], [ -105.991740877118716, 38.615277892121121 ], [ -105.987385546640567, 38.61480860336475 ], [ -105.978565510995793, 38.613153756813979 ], [ -105.969995189769477, 38.610827950460681 ], [ -105.961757329187918, 38.607853643407729 ], [ -105.953931438532891, 38.604259555095091 ], [ -105.946593017713269, 38.600080385800389 ], [ -105.939812825075919, 38.595356479078333 ], [ -105.933656192702301, 38.590133429522048 ], [ -105.928182395908991, 38.584461639768271 ], [ -105.923444083071331, 38.578395831163981 ], [ -105.919486771231959, 38.571994512959563 ], [ -105.916348412244631, 38.565319415287554 ], [ -105.914059033454464, 38.558434891524236 ], [ -105.912640456131982, 38.551407295909712 ], [ -105.912106094075853, 38.544304342520313 ], [ -105.912460833983914, 38.537194451842062 ], [ -105.913700998374864, 38.530146091285992 ], [ -105.915814391033436, 38.523227116015967 ], [ -105.918780424156409, 38.516504116427143 ], [ -105.922570325604596, 38.510041778520211 ], [ -105.92714742392323, 38.503902263265388 ], [ -105.932467508085296, 38.498144610842665 ], [ -105.938479258245451, 38.492824175384342 ], [ -105.945124743169899, 38.487992095535603 ], [ -105.952339979434171, 38.483694805792361 ], [ -105.960055546957634, 38.479973593176254 ], [ -105.96819725497582, 38.476864203369715 ], [ -105.976686852137675, 38.474396499961756 ], [ -105.985442774058754, 38.472594179954214 ], [ -105.994380921362549, 38.471474548150638 ], [ -106.003415461001239, 38.471048352502642 ], [ -106.011987092300686, 38.471305522535907 ], [ -106.012001972637549, 38.471303655665416 ], [ -106.021036356898477, 38.470876102541602 ], [ -106.030080553244645, 38.47114607072028 ], [ -106.039047721169112, 38.472110964301478 ], [ -106.047851754082515, 38.473761514445904 ], [ -106.056408098931456, 38.476081867741392 ], [ -106.064634561520833, 38.479049737270813 ], [ -106.072452090124955, 38.482636614987342 ], [ -106.079785530144264, 38.486808043436582 ] ] ], [ [ [ -106.169623435180995, 39.157327203760396 ], [ -106.17631392564374, 39.152481820338885 ], [ -106.183581291191686, 39.148169925917109 ], [ -106.191355609675668, 39.144432945472154 ], [ -106.199562126256865, 39.141306773773096 ], [ -106.208121968869179, 39.138821433296805 ], [ -106.21695290161837, 39.137000788308484 ], [ -106.225970109099009, 39.135862317738798 ], [ -106.2350870043675, 39.135416948943174 ], [ -106.24421605312638, 39.135668953865277 ], [ -106.253269606550433, 39.136615908552017 ], [ -106.262160735119878, 39.138248716385149 ], [ -106.27080405582015, 39.140551694809751 ], [ -106.279116545120303, 39.143502724757433 ], [ -106.287018330254185, 39.147073461385226 ], [ -106.294433451499486, 39.151229604186938 ], [ -106.301290588378066, 39.155931223983337 ], [ -106.307523742989346, 39.161133143768325 ], [ -106.313072874032343, 39.166785369883364 ], [ -106.317884475473775, 39.172833569515824 ], [ -106.321912094276712, 39.179219590073835 ], [ -106.325116782114918, 39.185882015583935 ], [ -106.327467476560741, 39.192756754893033 ], [ -106.328941307846691, 39.199777656135922 ], [ -106.329523827958411, 39.206877141657891 ], [ -106.329209159516694, 39.213986857362357 ], [ -106.328000062643028, 39.221038330287861 ], [ -106.325907918771307, 39.227963628111283 ], [ -106.32295263116194, 39.234696014225172 ], [ -106.31916244268524, 39.241170592049784 ], [ -106.314573672262227, 39.24732493231506 ], [ -106.309230372172195, 39.253099677184245 ], [ -106.303183909250549, 39.258439115290919 ], [ -106.29649247379551, 39.263291722020981 ], [ -106.289220520769703, 39.267610659691698 ], [ -106.281438148612082, 39.271354232657167 ], [ -106.27322042165649, 39.274486292800326 ], [ -106.264646642776057, 39.276976591353296 ], [ -106.255799583428583, 39.278801073513293 ], [ -106.246764678758112, 39.279942112888008 ], [ -106.237629195805283, 39.280388683403395 ], [ -106.228481383186733, 39.280136466933946 ], [ -106.219409610817323, 39.279187895562551 ], [ -106.210501508365098, 39.277552128036461 ], [ -106.201843111144527, 39.275244960651051 ], [ -106.193518022070208, 39.272288673455584 ], [ -106.185606598109899, 39.268711813327528 ], [ -106.178185169398176, 39.264548916097041 ], [ -106.171325298801548, 39.259840170513165 ], [ -106.165093089270968, 39.254631027422462 ], [ -106.159548545783494, 39.248971758070859 ], [ -106.154744998070811, 39.242916965937923 ], [ -106.1507285896664, 39.23652505696051 ], [ -106.147537838085825, 39.22985767339928 ], [ -106.145203270194742, 39.222979096941039 ], [ -106.143747136028679, 39.215955626909185 ], [ -106.143183203515576, 39.208854939674616 ], [ -106.143516635728545, 39.201745435514681 ], [ -106.144743951469891, 39.194695579261442 ], [ -106.146853069169296, 39.187773241110918 ], [ -106.149823433274818, 39.181045043933125 ], [ -106.153626221536186, 39.174575723330761 ], [ -106.158224630829153, 39.168427506543253 ], [ -106.163574238455581, 39.162659516086762 ], [ -106.169623435180995, 39.157327203760396 ] ] ], [ [ [ -106.545544853367261, 39.262146413900922 ], [ -106.552800002561725, 39.257811779014567 ], [ -106.560565875815627, 39.254050369374724 ], [ -106.568767796782765, 39.250898313720342 ], [ -106.577326935454664, 39.248385882194256 ], [ -106.586161061238414, 39.246537198100349 ], [ -106.595185327278514, 39.245370008357362 ], [ -106.604313078759418, 39.244895514755527 ], [ -106.613456677739094, 39.245118267559235 ], [ -106.622528336938643, 39.246036122424698 ], [ -106.631440954845075, 39.247640261019093 ], [ -106.640108944476808, 39.249915275144289 ], [ -106.648449048212498, 39.252839313584431 ], [ -106.656381131193768, 39.256384290321407 ], [ -106.663828945981322, 39.260516152196331 ], [ -106.67072086137091, 39.265195203545957 ], [ -106.676990548561207, 39.27037648481263 ], [ -106.682577618208143, 39.276010201620792 ], [ -106.687428202299785, 39.282042200336392 ], [ -106.691495475240799, 39.288414485681002 ], [ -106.69474010904429, 39.29506577556527 ], [ -106.697130658089876, 39.301932087940045 ], [ -106.698643869516815, 39.308947354141914 ], [ -106.699264915977523, 39.316044052936213 ], [ -106.698987548174784, 39.323153859238566 ], [ -106.697814165342251, 39.330208301329051 ], [ -106.695755802594562, 39.337139420262091 ], [ -106.69283203486718, 39.343880425124119 ], [ -106.689070797976228, 39.350366337801027 ], [ -106.684508128150625, 39.356534620988441 ], [ -106.679187822211034, 39.362325783312279 ], [ -106.673161021385638, 39.367683955622873 ], [ -106.666485722550036, 39.372557432783701 ], [ -106.659226221448677, 39.376899175592612 ], [ -106.651452493187762, 39.38066726784804 ], [ -106.643239515973747, 39.383825324000775 ], [ -106.634666544698959, 39.386342843310743 ], [ -106.625816341535995, 39.388195506951952 ], [ -106.616774371187361, 39.389365415072582 ], [ -106.607627968839267, 39.389841261415704 ], [ -106.598465489180953, 39.389618443731393 ], [ -106.589375445070303, 39.388699108856905 ], [ -106.580445644546657, 39.387092132001627 ], [ -106.571762334913188, 39.384813030437613 ], [ -106.563409362531814, 39.381883812460082 ], [ -106.555467356795276, 39.378332763135354 ], [ -106.548012946466372, 39.37419416898976 ], [ -106.541118016208401, 39.369507984404869 ], [ -106.53484901067749, 39.364319443065028 ], [ -106.529266293016818, 39.358678618346218 ], [ -106.524423563989416, 39.352639937034802 ], [ -106.520367347321653, 39.346261651216516 ], [ -106.517136546112539, 39.339605273574151 ], [ -106.514762074404103, 39.332734981675081 ], [ -106.513266567216419, 39.325716997112266 ], [ -106.51266417153704, 39.318618945584532 ], [ -106.512960419928973, 39.3115092041606 ], [ -106.51415218759324, 39.304456242067253 ], [ -106.516227732900916, 39.297527961375316 ], [ -106.519166820603687, 39.290791043927449 ], [ -106.522940926148806, 39.284310310762109 ], [ -106.527513518771769, 39.278148100139461 ], [ -106.532840420321946, 39.272363670069595 ], [ -106.538870236101587, 39.267012630986407 ], [ -106.545544853367261, 39.262146413900922 ] ] ], [ [ [ -106.000014597977426, 39.27598247747779 ], [ -106.007305568626307, 39.271681357825216 ], [ -106.015102980289271, 39.267955910682588 ], [ -106.023331858114204, 39.264841919790626 ], [ -106.031913117156051, 39.26236929057945 ], [ -106.0407643177317, 39.260561765366191 ], [ -106.049800451605364, 39.259436697388637 ], [ -106.058934751728714, 39.259004885749668 ], [ -106.068079518076942, 39.259270472784493 ], [ -106.077146951998742, 39.260230904787328 ], [ -106.086049991433512, 39.261876956452333 ], [ -106.094703139344148, 39.26419281879916 ], [ -106.103023277767164, 39.267156249770736 ], [ -106.110930459995259, 39.270738786115068 ], [ -106.118348673578609, 39.27490601459769 ], [ -106.125206567061483, 39.279617900042723 ], [ -106.131438133659373, 39.284829167170486 ], [ -106.136983345427282, 39.290489732695718 ], [ -106.141788731873177, 39.296545183673764 ], [ -106.145807897428369, 39.302937297640213 ], [ -106.149001972699637, 39.309604599682658 ], [ -106.151339994991815, 39.31648295122001 ], [ -106.152799214203725, 39.323506164944362 ], [ -106.153365320859905, 39.330606640109963 ], [ -106.153032593742566, 39.337716012134607 ], [ -106.151803965326891, 39.344765810314101 ], [ -106.149691003993453, 39.351688117344253 ], [ -106.146713812786757, 39.358416224296064 ], [ -106.142900845302123, 39.364885274704498 ], [ -106.138288640106083, 39.371032891506346 ], [ -106.132921475918764, 39.376799780700594 ], [ -106.126850950602602, 39.382130305806001 ], [ -106.120135487798123, 39.386973027451631 ], [ -106.112839775816582, 39.39128120275803 ], [ -106.10503414412959, 39.395013239544959 ], [ -106.096793883477062, 39.398133100834215 ], [ -106.088198516238393, 39.400610655598165 ], [ -106.079331024267432, 39.402421972231991 ], [ -106.070277041871734, 39.403549551794477 ], [ -106.061124022012336, 39.403982498663005 ], [ -106.051960384107971, 39.403716626875749 ], [ -106.04287465203835, 39.40275450108156 ], [ -106.033954591056045, 39.401105411678436 ], [ -106.025286352329843, 39.398785284386491 ], [ -106.016953633756103, 39.395816525163617 ], [ -106.00903686548962, 39.392227802025033 ], [ -106.001612428363757, 39.38805376596148 ], [ -105.994751912997401, 39.383334713761279 ], [ -105.988521426927676, 39.378116196118881 ], [ -105.982980956570387, 39.3724485749526 ], [ -105.978183790203374, 39.36638653435066 ], [ -105.974176007499196, 39.359988550011892 ], [ -105.970996040413169, 39.353316322442375 ], [ -105.969892221190719, 39.350044529815598 ], [ -105.967994515440424, 39.356205946479967 ], [ -105.964999609171542, 39.362929624134829 ], [ -105.961169511143098, 39.369392930756611 ], [ -105.956540926295688, 39.375533543890754 ], [ -105.951158292721971, 39.381292236444871 ], [ -105.948210829097505, 39.383869903814343 ], [ -105.947297111432363, 39.389021901041289 ], [ -105.945162630796659, 39.395940712338295 ], [ -105.942163899825147, 39.402663804007027 ], [ -105.938329580385826, 39.409126366839395 ], [ -105.933696417899583, 39.415266085344093 ], [ -105.928308894483791, 39.421023740849215 ], [ -105.922218805922142, 39.426343785262731 ], [ -105.915484766323104, 39.431174879832597 ], [ -105.908171645098946, 39.435470393571293 ], [ -105.90034994162643, 39.439188856389308 ], [ -105.892095103631775, 39.442294362416341 ], [ -105.8834867959647, 39.444756919472589 ], [ -105.874608126980746, 39.446552741180753 ], [ -105.865544840229447, 39.447664478777739 ], [ -105.856384479540097, 39.448081390286625 ], [ -105.847215535901881, 39.447799445337459 ], [ -105.838126584744089, 39.446821364573957 ], [ -105.829205422334041, 39.445156593243226 ], [ -105.82053821002134, 39.442821209231333 ], [ -105.812208634967774, 39.439837766469594 ], [ -105.804297095814576, 39.436235075288835 ], [ -105.796879921454234, 39.432047921932096 ], [ -105.790028630698927, 39.427316730045987 ], [ -105.783809240176879, 39.42208716754709 ], [ -105.778281627248589, 39.416409702799022 ], [ -105.773498954125188, 39.410339114530395 ], [ -105.769507158701941, 39.403933960370438 ], [ -105.766344516896254, 39.397256009271672 ], [ -105.764041280518271, 39.390369643425672 ], [ -105.762619393906391, 39.383341235554788 ], [ -105.762092291745688, 39.376238507678636 ], [ -105.762464779660746, 39.369129877606831 ], [ -105.763732998347066, 39.362083799500219 ], [ -105.76485122641229, 39.358489538531686 ], [ -105.764424954456032, 39.358130578165721 ], [ -105.758904025402032, 39.352452065855623 ], [ -105.754127470716071, 39.346380556097493 ], [ -105.750141169579081, 39.339974615131425 ], [ -105.746983345370566, 39.333296019230573 ], [ -105.744684204030392, 39.326409156556331 ], [ -105.743265651115649, 39.319380404401777 ], [ -105.742741089967126, 39.312277487922252 ], [ -105.743115302574694, 39.305168826604941 ], [ -105.744384413904029, 39.298122874819093 ], [ -105.746535939628714, 39.291207462816196 ], [ -105.749548916408244, 39.284489144514659 ], [ -105.753394113073583, 39.278032558308759 ], [ -105.758034320332428, 39.271899806988138 ], [ -105.763424715893834, 39.266149862645591 ], [ -105.76951330124065, 39.260838002188407 ], [ -105.776241405652058, 39.256015278757317 ], [ -105.783544252502793, 39.251728033999683 ], [ -105.791351582340425, 39.248017455743486 ], [ -105.799588326772977, 39.244919185181459 ], [ -105.808175326784294, 39.242462977202464 ], [ -105.817030088737766, 39.240672417005953 ], [ -105.826067571030649, 39.239564695609509 ], [ -105.835200994120058, 39.239150446311001 ], [ -105.84434266646069, 39.239433643604649 ], [ -105.853404818771921, 39.240411565474659 ], [ -105.86230043898847, 39.242074819407826 ], [ -105.870944100244685, 39.244407431882273 ], [ -105.879252774297811, 39.247387000506833 ], [ -105.887146622908944, 39.250984907409389 ], [ -105.894549759873627, 39.255166591907965 ], [ -105.901390976625365, 39.259891879949478 ], [ -105.907604424624651, 39.265115367271633 ], [ -105.910236005506363, 39.267816466460431 ], [ -105.913227445198544, 39.268622146703578 ], [ -105.921540729667001, 39.271598631251187 ], [ -105.929439424731711, 39.275193598586306 ], [ -105.936847598061036, 39.279372516294004 ], [ -105.943693993109719, 39.284095236975219 ], [ -105.949912711950006, 39.289316381151558 ], [ -105.955443848463446, 39.294985770361166 ], [ -105.960234065853868, 39.301048906423553 ], [ -105.964237112901429, 39.307447492409743 ], [ -105.967414273891237, 39.314119990448653 ], [ -105.968517378718019, 39.31739183500347 ], [ -105.970414059599221, 39.311230382836662 ], [ -105.973406341598093, 39.304506540805043 ], [ -105.977231889245033, 39.298042818622179 ], [ -105.981853680524324, 39.291901388592066 ], [ -105.987227068325438, 39.286141306962797 ], [ -105.993300215611896, 39.280817948605637 ], [ -106.000014597977426, 39.27598247747779 ] ] ], [ [ [ -106.372251871755864, 39.562569024567985 ], [ -106.378966000482848, 39.557711894590831 ], [ -106.38626193543648, 39.553387124408935 ], [ -106.394069478650167, 39.549636261244856 ], [ -106.402313555786137, 39.546495331700768 ], [ -106.410914934655949, 39.543994498476167 ], [ -106.419790982025816, 39.542157773170828 ], [ -106.428856451657268, 39.541002787814413 ], [ -106.438024296289953, 39.540540627218853 ], [ -106.447206496088043, 39.540775723686117 ], [ -106.456314895946207, 39.541705815030845 ], [ -106.465262043985234, 39.543321966294855 ], [ -106.473962023559224, 39.545608654947358 ], [ -106.48233127114915, 39.548543918781832 ], [ -106.490289372627956, 39.552099565145163 ], [ -106.49775983055207, 39.556241439569945 ], [ -106.504670795362941, 39.560929751331017 ], [ -106.510955753668057, 39.566119452918841 ], [ -106.516554167115842, 39.571760669915648 ], [ -106.52141205577891, 39.577799177285527 ], [ -106.525482520417754, 39.584176917644164 ], [ -106.528726198507499, 39.590832556668168 ], [ -106.531111649473743, 39.597702070437549 ], [ -106.532615665196147, 39.60471935918364 ], [ -106.533223502497947, 39.611816881641992 ], [ -106.532929035041306, 39.618926303987742 ], [ -106.531734822786987, 39.625979157164771 ], [ -106.529652097949224, 39.6329074963094 ], [ -106.526700667172364, 39.639644555919304 ], [ -106.522908730472295, 39.646125394428232 ], [ -106.518312618310048, 39.652287521920073 ], [ -106.512956448993108, 39.658071504849921 ], [ -106.506891709418326, 39.663421541837188 ], [ -106.500176762972913, 39.668286004854693 ], [ -106.49287628918286, 39.672617940455169 ], [ -106.48506066043511, 39.676375526052368 ], [ -106.476805261786652, 39.679522476703617 ], [ -106.468189760503833, 39.682028398320163 ], [ -106.459297332537432, 39.683869083756761 ], [ -106.450213853625527, 39.685026748796751 ], [ -106.441027063119066, 39.685490205648534 ], [ -106.431825708938277, 39.685254972195274 ], [ -106.422698682285812, 39.684323315886807 ], [ -106.41373415086278, 39.682704231822676 ], [ -106.40501869935207, 39.680413355240695 ], [ -106.396636485852014, 39.677472809288609 ], [ -106.388668422761839, 39.673910989609844 ], [ -106.381191390341684, 39.669762287910189 ], [ -106.374277490800281, 39.665066757284059 ], [ -106.367993350305099, 39.659869722658428 ], [ -106.362399475774581, 39.654221340255397 ], [ -106.357549672703456, 39.648176110472747 ], [ -106.353490529603206, 39.64179234903218 ], [ -106.350260973916775, 39.635131621642458 ], [ -106.347891903503097, 39.628258147765123 ], [ -106.346405896989623, 39.621238179352211 ], [ -106.345817005473307, 39.614139360645353 ], [ -106.346130627221143, 39.607030075283035 ], [ -106.347343466188889, 39.599978787057374 ], [ -106.34944357435279, 39.59305338069251 ], [ -106.352410477040294, 39.586320508986873 ], [ -106.356215379660142, 39.579844952569324 ], [ -106.36082145347774, 39.573688998369626 ], [ -106.366184197362273, 39.567911842697917 ], [ -106.372251871755864, 39.562569024567985 ] ] ], [ [ [ -106.063596384898347, 39.667814591013794 ], [ -106.070923823972578, 39.663509270519349 ], [ -106.078761131243027, 39.659779255385651 ], [ -106.087032949403223, 39.656660371875041 ], [ -106.095659782687235, 39.65418257115828 ], [ -106.104558756076642, 39.652369644124263 ], [ -106.113644405541777, 39.651238994992923 ], [ -106.122829492007483, 39.650801475808542 ], [ -106.132025831550422, 39.65106128332787 ], [ -106.141145134210589, 39.65201591924361 ], [ -106.150099843735191, 39.653656214101744 ], [ -106.158803970567021, 39.655966414688187 ], [ -106.167173910443481, 39.658924334076922 ], [ -106.175129241084349, 39.662501562957964 ], [ -106.18259348961837, 39.666663740297373 ], [ -106.189494863628354, 39.671370880834083 ], [ -106.195766938983255, 39.676577756388411 ], [ -106.201349297971646, 39.682234327452839 ], [ -106.206188111654214, 39.68828622105999 ], [ -106.210236660811887, 39.69467525047925 ], [ -106.213455790379967, 39.701339971888039 ], [ -106.215814292823964, 39.708216272798346 ], [ -106.217008514631544, 39.71390175934782 ], [ -106.218842548997216, 39.716794203317228 ], [ -106.222063583754732, 39.723458632775419 ], [ -106.224423746785163, 39.730334708459566 ], [ -106.225900070263677, 39.737356266112904 ], [ -106.22647807489065, 39.744455721829297 ], [ -106.226151919354336, 39.751564721457903 ], [ -106.225684372550745, 39.754250313894403 ], [ -106.225854366130974, 39.754267945976807 ], [ -106.234824205755245, 39.755901445149853 ], [ -106.243543942115011, 39.758205011505204 ], [ -106.251929822290933, 39.761156521852065 ], [ -106.259901272102965, 39.764727628567357 ], [ -106.2673816649381, 39.768884029663212 ], [ -106.274299054218872, 39.773585795711895 ], [ -106.280586862669608, 39.77878775060875 ], [ -106.286184521882745, 39.784439902649545 ], [ -106.291038056090926, 39.790487921922164 ], [ -106.295100604508917, 39.796873659569663 ], [ -106.298332877123059, 39.803535704075202 ], [ -106.300703539371213, 39.810409969354382 ], [ -106.302189521772249, 39.817430309119977 ], [ -106.302776251225794, 39.824529151711616 ], [ -106.302457801407698, 39.831638149362611 ], [ -106.301236960429677, 39.838688835710364 ], [ -106.299125214705555, 39.845613285247687 ], [ -106.296142648767315, 39.852344768363167 ], [ -106.292317761592486, 39.858818395630756 ], [ -106.287687200833872, 39.864971745081704 ], [ -106.282295417172193, 39.870745466329083 ], [ -106.276194241835441, 39.87608385561348 ], [ -106.269442391132401, 39.880935396098295 ], [ -106.262104902624884, 39.885253258063486 ], [ -106.254252508300752, 39.888995754023313 ], [ -106.245960950799414, 39.892126744224718 ], [ -106.23731024937193, 39.894615988464693 ], [ -106.22838392282128, 39.896439440691161 ], [ -106.219268177154291, 39.897579483418134 ], [ -106.210051066079288, 39.898025099587151 ], [ -106.200821632795268, 39.89777198013325 ], [ -106.191669041734727, 39.896822566162705 ], [ -106.182681709039443, 39.895186025309343 ], [ -106.173946440564634, 39.892878162503024 ], [ -106.165547586121534, 39.889921266046166 ], [ -106.157566218483353, 39.886343890548595 ], [ -106.150079345397003, 39.882180578905249 ], [ -106.143159162468166, 39.877471526113311 ], [ -106.136872354325718, 39.872262188303303 ], [ -106.13127945093062, 39.866602840900505 ], [ -106.126434245282198, 39.860548090329992 ], [ -106.122383278100486, 39.854156344127553 ], [ -106.11916539433733, 39.847489244713977 ], [ -106.11681137559998, 39.84061107242939 ], [ -106.115343651771425, 39.833588123703763 ], [ -106.114776094289553, 39.826488070457344 ], [ -106.115113892715485, 39.819379306981219 ], [ -106.115586130918587, 39.81669412269008 ], [ -106.115416007540318, 39.816676331006214 ], [ -106.106440842989045, 39.815033688307892 ], [ -106.097718214793716, 39.812719876398219 ], [ -106.089332349645375, 39.809757241040018 ], [ -106.081364193867998, 39.80617439217589 ], [ -106.073890626700418, 39.802005925370842 ], [ -106.066983714468023, 39.797292085123608 ], [ -106.060710013035987, 39.792078373426818 ], [ -106.055129925395221, 39.786415107496133 ], [ -106.050297120619859, 39.780356931085748 ], [ -106.046258019762348, 39.773962284255553 ], [ -106.04305135352584, 39.767292836850288 ], [ -106.040707795786773, 39.760412891289512 ], [ -106.039527131904137, 39.754725452612746 ], [ -106.037699489322961, 39.751830107008111 ], [ -106.034494716531611, 39.745160374053384 ], [ -106.032152804180612, 39.738280209136008 ], [ -106.030696066339772, 39.731255927256768 ], [ -106.030138269700757, 39.724155212585394 ], [ -106.030484511113272, 39.717046465245602 ], [ -106.031731179080964, 39.709998141981302 ], [ -106.033865999180591, 39.703078097074751 ], [ -106.036868162558463, 39.696352929854484 ], [ -106.040708535873705, 39.689887345036794 ], [ -106.045349950303105, 39.683743531992967 ], [ -106.050747566504896, 39.67798056882674 ], [ -106.056849311762306, 39.672653856884814 ], [ -106.063596384898347, 39.667814591013794 ] ] ], [ [ [ -106.481815785613648, 39.873139714193712 ], [ -106.490093841190429, 39.869992082817873 ], [ -106.498731758382277, 39.867484190538704 ], [ -106.507646554766865, 39.865640115756094 ], [ -106.516752614292216, 39.864477560231521 ], [ -106.525962502692209, 39.864007680808669 ], [ -106.535187799511291, 39.86423498346106 ], [ -106.544339939104987, 39.865157280630449 ], [ -106.55333105291713, 39.866765712239243 ], [ -106.562074805325793, 39.869044830176477 ], [ -106.570487215402224, 39.871972745475261 ], [ -106.578487457037411, 39.875521336824008 ], [ -106.585998630059635, 39.879656518489838 ], [ -106.5929484951956, 39.884338565183235 ], [ -106.594299858961335, 39.885446813420252 ], [ -106.596181222736917, 39.885349642661794 ], [ -106.605409428768482, 39.88557129618831 ], [ -106.614565170928458, 39.886487971819058 ], [ -106.623560546437176, 39.888090863238276 ], [ -106.632309179220826, 39.890364575355456 ], [ -106.640727042037582, 39.893287270984963 ], [ -106.648733257023807, 39.896830878869288 ], [ -106.656250867281202, 39.900961361128701 ], [ -106.663207572353613, 39.90563903767039 ], [ -106.669536420727397, 39.910818964561045 ], [ -106.675176452833696, 39.916451362861828 ], [ -106.680073288431316, 39.922482093947359 ], [ -106.684179652705666, 39.928853176886719 ], [ -106.687455835930294, 39.935503343056496 ], [ -106.689870082101706, 39.94236862278985 ], [ -106.691398902571066, 39.949382958542465 ], [ -106.692027311357862, 39.956478838783049 ], [ -106.691748979533074, 39.96358794659259 ], [ -106.690566306801458, 39.970641816788458 ], [ -106.688490409185988, 39.977572495278224 ], [ -106.685541022518123, 39.984313194295254 ], [ -106.681746322256046, 39.990798937177509 ], [ -106.681643347108803, 39.990936923014203 ], [ -106.684935989324046, 39.992076741322336 ], [ -106.692956086645964, 39.995616949646774 ], [ -106.700487292629319, 39.999744213700865 ], [ -106.7074571768038, 40.004418884651571 ], [ -106.713798661415126, 40.0095960478439 ], [ -106.71945066561679, 40.015225951341165 ], [ -106.72435869400482, 40.02125448096912 ], [ -106.728475363820181, 40.027623677445312 ], [ -106.731760865655573, 40.034272290766509 ], [ -106.734183353066285, 40.041136366660943 ], [ -106.735719257099504, 40.048149859589316 ], [ -106.736353522416934, 40.055245266503661 ], [ -106.73607976238938, 40.06235427535087 ], [ -106.734900331284464, 40.069408422138046 ], [ -106.732826312442654, 40.076339750265646 ], [ -106.729877422138514, 40.083081465781191 ], [ -106.726081829643675, 40.089568582214802 ], [ -106.721475894838775, 40.095738548727766 ], [ -106.716103825555123, 40.101531855437749 ], [ -106.710017257652041, 40.106892609979425 ], [ -106.703274761644863, 40.111769079615392 ], [ -106.695941280479047, 40.116114193528439 ], [ -106.688087503789845, 40.119886000300134 ], [ -106.679789184681567, 40.123048076007869 ], [ -106.671126405697663, 40.125569878851785 ], [ -106.662182801222684, 40.127427046745915 ], [ -106.653044744049865, 40.128601634872496 ], [ -106.64380050425784, 40.129082290797335 ], [ -106.6345393888584, 40.12886436536931 ], [ -106.625350870900093, 40.12794995827484 ], [ -106.616323716836533, 40.126347897778324 ], [ -106.60754512098967, 40.124073654844899 ], [ -106.599099855859137, 40.121149192506657 ], [ -106.591069446847555, 40.11760275198732 ], [ -106.58353137969398, 40.113468577737684 ], [ -106.576558348535499, 40.108786584146678 ], [ -106.570217552058011, 40.103601967274756 ], [ -106.564570044658012, 40.097964765499214 ], [ -106.559670148925122, 40.091929373462293 ], [ -106.555564935081506, 40.085554014163847 ], [ -106.552293772286305, 40.078900174439404 ], [ -106.549887955943476, 40.072032009406946 ], [ -106.548575048569603, 40.065961931252353 ], [ -106.544007325364504, 40.066544995566794 ], [ -106.534770422028316, 40.067016805528645 ], [ -106.525517796701379, 40.066789991198107 ], [ -106.516338839733933, 40.065866738491238 ], [ -106.507322224362497, 40.064255961420258 ], [ -106.498555042115115, 40.061973215369044 ], [ -106.490121954160813, 40.059040545628008 ], [ -106.482104367161838, 40.055486272712443 ], [ -106.47457964190734, 40.051344716624747 ], [ -106.467620342634973, 40.046655862833276 ], [ -106.46129353448714, 40.041464973321631 ], [ -106.455660136008845, 40.035822146604858 ], [ -106.453324447578524, 40.032934699249473 ], [ -106.450309493684401, 40.031884429621194 ], [ -106.450254603198545, 40.033170233249265 ], [ -106.449046009091305, 40.040222032636471 ], [ -106.446943646074843, 40.047148786909723 ], [ -106.443967505083805, 40.053883744700755 ], [ -106.440146020000995, 40.060361983343647 ], [ -106.43551580263788, 40.066521036458298 ], [ -106.430121297551409, 40.072301498502469 ], [ -106.424014359731089, 40.077647600357054 ], [ -106.417253758998754, 40.082507750267915 ], [ -106.409904615742278, 40.086835034785601 ], [ -106.402037773347246, 40.090587674720837 ], [ -106.393729113382633, 40.093729431563034 ], [ -106.385058820231691, 40.096229960289818 ], [ -106.376110602425811, 40.098065105020943 ], [ -106.366970878428916, 40.099217134535806 ], [ -106.357727935026119, 40.09967491527361 ], [ -106.348471066785123, 40.099434020062574 ], [ -106.339289705278034, 40.098496771471837 ], [ -106.330272546871356, 40.096872219340774 ], [ -106.321506687909419, 40.094576052706309 ], [ -106.313076776033739, 40.091630447012342 ], [ -106.305064186195906, 40.088063848139761 ], [ -106.297546229640233, 40.083910695430987 ], [ -106.29059540375755, 40.079211086495192 ], [ -106.284278690249607, 40.074010387159944 ], [ -106.278656908501489, 40.068358790477241 ], [ -106.276895276317148, 40.066172450573447 ], [ -106.275596515160728, 40.070413127328848 ], [ -106.272602426043804, 40.077143940173897 ], [ -106.268763307213533, 40.083616776891766 ], [ -106.264115941468262, 40.089769222390935 ], [ -106.258704939946, 40.095541934178499 ], [ -106.252582318152321, 40.100879217360941 ], [ -106.245806998750879, 40.105729564887156 ], [ -106.238444245756071, 40.110046157681317 ], [ -106.230565035508931, 40.113787319690694 ], [ -106.22224537050954, 40.116916923304423 ], [ -106.213565542812773, 40.119404741081297 ], [ -106.204609354259901, 40.121226740250471 ], [ -106.195463301306788, 40.122365317016595 ], [ -106.186215732613775, 40.122809468301 ], [ -106.176955987875331, 40.122554899178517 ], [ -106.170232518787529, 40.121858765176938 ], [ -106.164072039327607, 40.123621296829839 ], [ -106.155113886246994, 40.125439492928166 ], [ -106.145966350905667, 40.126574178744619 ], [ -106.136717796472169, 40.127014388942762 ], [ -106.127457572265939, 40.126755866838707 ], [ -106.118275142424238, 40.125801106061864 ], [ -106.109259213368873, 40.124159326386696 ], [ -106.100496868902056, 40.121846383973761 ], [ -106.09207272167383, 40.118884616923005 ], [ -106.084068089576292, 40.115302627694945 ], [ -106.07656020533571, 40.111135004591183 ], [ -106.069621467195404, 40.106421985096603 ], [ -106.063318738117928, 40.101209064463966 ], [ -106.057712700391136, 40.09554655346318 ], [ -106.052857271906618, 40.089489089713517 ], [ -106.048799089701632, 40.083095107466228 ], [ -106.04557706562538, 40.076426271098988 ], [ -106.043222018218614, 40.069546877922797 ], [ -106.041756384091798, 40.062523236179651 ], [ -106.041194011262206, 40.055423024327538 ], [ -106.041540036074636, 40.048314637863243 ], [ -106.042790844493155, 40.041266530025048 ], [ -106.044934117722264, 40.034346552746165 ], [ -106.047948961303248, 40.027621304195947 ], [ -106.051806116042286, 40.021155489152278 ], [ -106.056468248369995, 40.015011298296216 ], [ -106.061890317011034, 40.009247812311592 ], [ -106.068020012163799, 40.003920436411548 ], [ -106.074798262758549, 39.999080370602961 ], [ -106.082159806780169, 39.994774120643356 ], [ -106.090033819112108, 39.9910430542459 ], [ -106.098344590884494, 39.987923006651648 ], [ -106.107012253890787, 39.985443939216907 ], [ -106.115953543277698, 39.983629654164105 ], [ -106.125082591411598, 39.982497568118582 ], [ -106.134311745581215, 39.982058546508078 ], [ -106.143552402013597, 39.982316800339319 ], [ -106.150261901713108, 39.98301469692786 ], [ -106.156410192227042, 39.981253032152949 ], [ -106.165349539378994, 39.979434960908947 ], [ -106.174477121121583, 39.978299002624311 ], [ -106.183705298637022, 39.977856059750003 ], [ -106.192945477428182, 39.978110380772236 ], [ -106.202108949915456, 39.979059519956955 ], [ -106.211107739027923, 39.980694360771139 ], [ -106.219855435070286, 39.982999202760219 ], [ -106.228268018200978, 39.985951911079418 ], [ -106.236264658968665, 39.989524127301898 ], [ -106.243768489525806, 39.993681539562232 ], [ -106.250707338367846, 39.998384209545613 ], [ -106.257014421734823, 40.003586953303802 ], [ -106.262628985158898, 40.009239772375118 ], [ -106.264388654601788, 40.011426380081879 ], [ -106.265687090729855, 40.007185793355241 ], [ -106.268678986839831, 40.000455116790306 ], [ -106.272513659093974, 39.993982264593576 ], [ -106.277153988904587, 39.987829496148549 ], [ -106.282555143096445, 39.982055975482545 ], [ -106.288665011154379, 39.97671720496232 ], [ -106.295424710643999, 39.971864494603402 ], [ -106.302769155806288, 39.967544471957268 ], [ -106.310627683796042, 39.963798637142837 ], [ -106.318924732558827, 39.960662967152508 ], [ -106.327580563921856, 39.958167573092872 ], [ -106.336512025112739, 39.956336413520262 ], [ -106.3456333416175, 39.955187066506539 ], [ -106.354856934044804, 39.95473056252451 ], [ -106.364094251479358, 39.954971279680471 ], [ -106.373256613680894, 39.955906902248046 ], [ -106.382256054420381, 39.95752844287572 ], [ -106.391006158236848, 39.959820328258168 ], [ -106.398169408613242, 39.96232272584998 ], [ -106.398225259147452, 39.961036915719738 ], [ -106.399437940308488, 39.953985486598313 ], [ -106.40154254933509, 39.947059452548487 ], [ -106.404518563540151, 39.940325472093249 ], [ -106.408337096324033, 39.933848335966218 ], [ -106.412961183998533, 39.927690345506988 ], [ -106.418346148974479, 39.921910715632791 ], [ -106.424440035543213, 39.916565008021365 ], [ -106.431184113849028, 39.911704599830713 ], [ -106.438513447065418, 39.907376192927025 ], [ -106.442635674007818, 39.905403068108107 ], [ -106.443827753177402, 39.903377885862248 ], [ -106.448446651403145, 39.897218541436501 ], [ -106.45382627456253, 39.89143732976693 ], [ -106.459914718172854, 39.886089827942378 ], [ -106.466653304479792, 39.881227430543277 ], [ -106.473977149144105, 39.876896858696249 ], [ -106.481815785613648, 39.873139714193712 ] ] ], [ [ [ -105.889882502911064, 39.99499422344649 ], [ -105.899017138499318, 39.993879888880407 ], [ -105.90824962331213, 39.993458837884269 ], [ -105.917491321976186, 39.993735109704488 ], [ -105.926653512300703, 39.994706048820852 ], [ -105.93564822900818, 39.996362330326498 ], [ -105.944389100508872, 39.998688048751916 ], [ -105.952792171054313, 40.001660869514509 ], [ -105.960776700718583, 40.005252241599848 ], [ -105.96826593582928, 40.009427669517606 ], [ -105.975187842700777, 40.014147042026138 ], [ -105.981475797813445, 40.019365014591813 ], [ -105.987069227929311, 40.025031442044927 ], [ -105.991914194040874, 40.031091857418758 ], [ -105.995963913510423, 40.037487992515963 ], [ -105.999179215273671, 40.044158335341024 ], [ -106.001528923550453, 40.051038719173228 ], [ -106.002990166123496, 40.058062937735144 ], [ -106.003548603912577, 40.065163380640747 ], [ -106.003198579279541, 40.072271683087578 ], [ -106.001943181246077, 40.07931938359328 ], [ -105.999794226584939, 40.08623858346958 ], [ -105.997915224045158, 40.090419471438125 ], [ -106.000286967675436, 40.092384470991249 ], [ -106.005888037823723, 40.098049827037499 ], [ -106.010739966773613, 40.104109295379374 ], [ -106.014795904559037, 40.110504617236913 ], [ -106.018016619765078, 40.117174288732606 ], [ -106.020370883837316, 40.124054149875306 ], [ -106.021835779893323, 40.131077999653733 ], [ -106.022396932757076, 40.138178231424874 ], [ -106.022048657646394, 40.145286482562703 ], [ -106.020794025690378, 40.15233429216822 ], [ -106.018644845232899, 40.159253760534362 ], [ -106.015621558683748, 40.165978204010926 ], [ -106.011753055502339, 40.172442798928763 ], [ -106.007076402732594, 40.178585208316861 ], [ -106.001636495343305, 40.18434618528493 ], [ -105.995485629454464, 40.189670147144156 ], [ -105.988683002339513, 40.194505714600865 ], [ -105.981294143873171, 40.198806210679813 ], [ -105.973390284836256, 40.202530114412937 ], [ -105.965047668180716, 40.205641464762309 ], [ -105.956346809991032, 40.2081102107296 ], [ -105.947371717442508, 40.209912504132674 ], [ -105.938209071543625, 40.211030932097501 ], [ -105.92894738285186, 40.211454686916731 ], [ -105.91967612866307, 40.211179671553715 ], [ -105.910484880388211, 40.210208539720661 ], [ -105.901462429946633, 40.208550670120538 ], [ -105.89269592401628, 40.206222075108833 ], [ -105.88427001489319, 40.203245244694592 ], [ -105.876266036520704, 40.199648927453723 ], [ -105.868761213962671, 40.195467850562032 ], [ -105.861827914213265, 40.190742381765681 ], [ -105.85553294576853, 40.18551813668477 ], [ -105.849936913837993, 40.179845535385155 ], [ -105.845093637456003, 40.173779312649174 ], [ -105.841049634071979, 40.167377986823212 ], [ -105.837843676467116, 40.160703292512352 ], [ -105.835506426070225, 40.153819582730193 ], [ -105.834060145940512, 40.14679320638772 ], [ -105.833518495858755, 40.13969186722148 ], [ -105.833610108725466, 40.137922079277651 ], [ -105.833164645871975, 40.137673446895541 ], [ -105.826239724549197, 40.132945714980764 ], [ -105.819952862361916, 40.127719402080594 ], [ -105.814364586124739, 40.122044947939202 ], [ -105.809528640025007, 40.115977104914371 ], [ -105.805491470939685, 40.109574406665836 ], [ -105.802291786030736, 40.102898600713978 ], [ -105.799960186684984, 40.096014050476704 ], [ -105.798518882060762, 40.088987112669749 ], [ -105.797981484677976, 40.081885496170791 ], [ -105.798352889651909, 40.074777608600265 ], [ -105.799629238334589, 40.067731896961462 ], [ -105.801797966298182, 40.060816188708721 ], [ -105.804837934783322, 40.054097039578387 ], [ -105.808719643947128, 40.047639094420447 ], [ -105.813405525489216, 40.041504467115594 ], [ -105.818850311514623, 40.035752145453181 ], [ -105.825001475815313, 40.030437426582452 ], [ -105.829568514135644, 40.027195439234191 ], [ -105.830281774176512, 40.02626096655343 ], [ -105.835723938792867, 40.020507863683704 ], [ -105.841872429519896, 40.015192262737614 ], [ -105.848667996680874, 40.010365250114631 ], [ -105.856045213941414, 40.006073205913793 ], [ -105.863933107642353, 40.00235736134676 ], [ -105.872255837486662, 39.999253405612677 ], [ -105.880933422135641, 39.996791145870802 ], [ -105.889882502911064, 39.99499422344649 ] ] ], [ [ [ -106.292969328345762, 40.16261424280458 ], [ -106.300334125842625, 40.158294185864932 ], [ -106.308214459376728, 40.154548283089454 ], [ -106.316534558087511, 40.151412511482448 ], [ -106.325214463457385, 40.148916982564451 ], [ -106.334170792889637, 40.147085655725256 ], [ -106.343317534702393, 40.145936110299488 ], [ -106.352566867188074, 40.145479378453111 ], [ -106.361829994203106, 40.145719840407999 ], [ -106.371017989627148, 40.146655182958298 ], [ -106.380042642964781, 40.148276421651403 ], [ -106.388817298355733, 40.150567986423603 ], [ -106.39725767931219, 40.153507869898895 ], [ -106.405282691612882, 40.157067836984794 ], [ -106.412815196954242, 40.161213693834902 ], [ -106.419782750187935, 40.1659056136996 ], [ -106.426118293261752, 40.171098516656933 ], [ -106.431760799326113, 40.176742499711871 ], [ -106.436655860871667, 40.182783313274996 ], [ -106.440756216221956, 40.189162879588793 ], [ -106.444022209219142, 40.195819848262502 ], [ -106.44642217750733, 40.202690183710985 ], [ -106.447932765434402, 40.209707778970795 ], [ -106.448539158257873, 40.216805090094454 ], [ -106.448235235046212, 40.223913785100798 ], [ -106.447023638413242, 40.230965401293389 ], [ -106.44491576000047, 40.237892004647264 ], [ -106.441931641426677, 40.244626844914244 ], [ -106.438099791247097, 40.251105000106847 ], [ -106.433456919298266, 40.257264004092363 ], [ -106.428047590640404, 40.263044451163985 ], [ -106.421923802137385, 40.268390571652091 ], [ -106.41514448552465, 40.273250772898137 ], [ -106.407774941598504, 40.277578140231029 ], [ -106.399886210904342, 40.281330892962458 ], [ -106.391554386997441, 40.284472790846898 ], [ -106.382859878986551, 40.286973486932922 ], [ -106.373886630640342, 40.288808823257831 ], [ -106.364721303827679, 40.289961066403322 ], [ -106.355452434471587, 40.290419080530597 ], [ -106.346169569511886, 40.290178436140017 ], [ -106.336962393592515, 40.289241453448476 ], [ -106.327919854309442, 40.287617179939026 ], [ -106.319129294873193, 40.285321302302904 ], [ -106.31067560295665, 40.282375993658512 ], [ -106.302640384313236, 40.278809697586119 ], [ -106.29510116946787, 40.274656851152884 ], [ -106.288130661407067, 40.269957549715201 ], [ -106.28179603173011, 40.264757156865109 ], [ -106.276158272179757, 40.259105863429909 ], [ -106.271271607854686, 40.253058199932084 ], [ -106.267182977727458, 40.246672507367101 ], [ -106.263931587360574, 40.2400103715526 ], [ -106.261548537939717, 40.233136026642498 ], [ -106.260056534937007, 40.226115733680231 ], [ -106.259469678891051, 40.219017140283526 ], [ -106.259793339951258, 40.211908627710066 ], [ -106.261024116994818, 40.204858651645708 ], [ -106.263149881292605, 40.197935083086932 ], [ -106.266149903884781, 40.191204555657642 ], [ -106.269995065035118, 40.184731825606896 ], [ -106.274648143373355, 40.178579150583772 ], [ -106.280064181610726, 40.172805693078004 ], [ -106.286190925033765, 40.167466954155088 ], [ -106.292969328345762, 40.16261424280458 ] ] ], [ [ [ -106.331733740514665, 40.423403316081767 ], [ -106.33912391628887, 40.419080564874271 ], [ -106.347031989635667, 40.415331728127676 ], [ -106.3553819237802, 40.412192810109175 ], [ -106.364093474772773, 40.409693951713855 ], [ -106.373082957742696, 40.407859143570434 ], [ -106.382264044707952, 40.406705997847311 ], [ -106.3915485865666, 40.406245580849472 ], [ -106.400847451710803, 40.406482307934638 ], [ -106.410071373578518, 40.407413901704736 ], [ -106.419131799391238, 40.409031413848233 ], [ -106.427941732318928, 40.411319310426251 ], [ -106.436416559366023, 40.414255619814526 ], [ -106.444474857382502, 40.417812141938704 ], [ -106.452039169775475, 40.421954716876883 ], [ -106.459036746724848, 40.426643550354981 ], [ -106.465400241994899, 40.43183359313187 ], [ -106.471068359778855, 40.437474970766353 ], [ -106.475986445416822, 40.443513459782359 ], [ -106.480107014286943, 40.449891005804609 ], [ -106.483390213683791, 40.456546278830153 ], [ -106.485804213065734, 40.463415260434893 ], [ -106.487325518671014, 40.470431857392683 ], [ -106.487939209167379, 40.477528535910075 ], [ -106.48763908970902, 40.48463697045819 ], [ -106.486427762522084, 40.491688701014816 ], [ -106.484316612920253, 40.498615792418867 ], [ -106.481325710458975, 40.505351489487872 ], [ -106.477483625763142, 40.511830861557989 ], [ -106.4728271644003, 40.5179914301781 ], [ -106.467401020010882, 40.523773773822235 ], [ -106.461257349738901, 40.529122103682177 ], [ -106.454455275821232, 40.53398480485918 ], [ -106.447060317980487, 40.53831493759165 ], [ -106.439143762014794, 40.542070693531144 ], [ -106.430781970677771, 40.545215802508537 ], [ -106.422055643582809, 40.547719885712098 ], [ -106.413049033438497, 40.549558751725172 ], [ -106.403849126417285, 40.550714632436232 ], [ -106.394544794869688, 40.551176356435271 ], [ -106.385225930915595, 40.550939458136789 ], [ -106.375982569665666, 40.550006221518622 ], [ -106.366904010947934, 40.548385658026817 ], [ -106.358077948433291, 40.546093418863059 ], [ -106.349589614969901, 40.543151642536266 ], [ -106.348865944824041, 40.542832128229442 ], [ -106.351239568624905, 40.549618040909131 ], [ -106.35274909463422, 40.556636505519108 ], [ -106.353349650822963, 40.563734015036331 ], [ -106.353035167386892, 40.570842235185502 ], [ -106.351808383715237, 40.577892707193783 ], [ -106.349680833130506, 40.584817507164601 ], [ -106.346672742650483, 40.591549901119386 ], [ -106.342812848318616, 40.598024989366827 ], [ -106.338138127488932, 40.604180333930714 ], [ -106.33269345029197, 40.609956562902859 ], [ -106.326531153341392, 40.615297945784583 ], [ -106.319710539557192, 40.620152934139178 ], [ -106.31229730876862, 40.62447466219664 ], [ -106.304362924509462, 40.628221402428373 ], [ -106.295983923118641, 40.631356971539638 ], [ -106.287241171899808, 40.633851082809393 ], [ -106.278219083666542, 40.635679641232642 ], [ -106.269004795494311, 40.636824978487688 ], [ -106.259687319910242, 40.637276025351227 ], [ -106.250356677069448, 40.637028419812403 ], [ -106.241103016687191, 40.636084549785188 ], [ -106.232015738616695, 40.634453529980675 ], [ -106.223182620978832, 40.632151113166884 ], [ -106.214688964664916, 40.629199536708676 ], [ -106.206616762845741, 40.6256273059346 ], [ -106.199043903833839, 40.621468916513699 ], [ -106.192043415265914, 40.616764518637538 ], [ -106.18568275710355, 40.611559526382628 ], [ -106.180023170401768, 40.605904176169481 ], [ -106.175119088173872, 40.599853038733649 ], [ -106.171017613996341, 40.593464489472176 ], [ -106.17046996439521, 40.592344885593974 ], [ -106.167622326889017, 40.593154267513874 ], [ -106.158602200678331, 40.594973461130607 ], [ -106.149391218562286, 40.596109211698334 ], [ -106.140078361102979, 40.596550543038603 ], [ -106.130753603573439, 40.596293187427776 ], [ -106.121507038337725, 40.595339627373761 ], [ -106.112427996007, 40.593699071550184 ], [ -106.103604174271481, 40.591387365126735 ], [ -106.095120783221006, 40.588426835397343 ], [ -106.087059715777983, 40.584846074262956 ], [ -106.079498751578797, 40.580679659761387 ], [ -106.072510802258833, 40.575967819447762 ], [ -106.06616320562614, 40.570756039008856 ], [ -106.060517075660371, 40.565094620035218 ], [ -106.0556267146507, 40.559038191372451 ], [ -106.051539093103202, 40.552645178921082 ], [ -106.048293402310833, 40.54597723914938 ], [ -106.045920683700004, 40.539098661921301 ], [ -106.044443538257411, 40.532075748520633 ], [ -106.043875918508448, 40.524976170968472 ], [ -106.044223004676439, 40.517868318886286 ], [ -106.045481165807772, 40.510820640246564 ], [ -106.047638005813198, 40.503900982381822 ], [ -106.050672493556959, 40.497175939588537 ], [ -106.054555175331615, 40.490710213567674 ], [ -106.059248467294196, 40.484565992791211 ], [ -106.064707024714806, 40.478802356675203 ], [ -106.070878184206563, 40.47347471017823 ], [ -106.077702474471039, 40.468634254133534 ], [ -106.085114190508747, 40.464327496266179 ], [ -106.093042025712677, 40.460595807447689 ], [ -106.101409755787685, 40.457475027304064 ], [ -106.110136968018523, 40.454995122822446 ], [ -106.119139829049359, 40.453179903102154 ], [ -106.128331884033898, 40.452046792870355 ], [ -106.137624879773497, 40.451606666837925 ], [ -106.146929604275357, 40.451863746408726 ], [ -106.156156735039048, 40.452815559683131 ], [ -106.165217688314158, 40.454452965116033 ], [ -106.174025461566202, 40.456760238606741 ], [ -106.182495461441064, 40.459715223217991 ], [ -106.190546309631003, 40.463289540146164 ], [ -106.198100619217001, 40.467448859002083 ], [ -106.205085734292297, 40.472153224913264 ], [ -106.211434425961798, 40.477357439430484 ], [ -106.217085538158599, 40.483011491717122 ], [ -106.221984577124317, 40.489061036024466 ], [ -106.226084238860381, 40.495447911012633 ], [ -106.22663197926164, 40.496567267676475 ], [ -106.229474810502637, 40.495756487315717 ], [ -106.238479644471767, 40.493931950571259 ], [ -106.24767499672538, 40.492789303461329 ], [ -106.256972582437513, 40.492339511827439 ], [ -106.266283145815166, 40.492586889442251 ], [ -106.27551730879118, 40.493529057150951 ], [ -106.284586420791655, 40.495156965662375 ], [ -106.293403401811148, 40.497454981774958 ], [ -106.301883571081063, 40.500401037241858 ], [ -106.302606564255157, 40.500720858732151 ], [ -106.300239675513623, 40.493933787733909 ], [ -106.298737189887262, 40.486914455805803 ], [ -106.298143288985003, 40.479816470295248 ], [ -106.298463407154998, 40.47270820695767 ], [ -106.299694173637448, 40.465658119235947 ], [ -106.30182345608236, 40.458734079158674 ], [ -106.304830488102823, 40.452002724648764 ], [ -106.308686079225637, 40.445528819489454 ], [ -106.313352904838197, 40.439374632043148 ], [ -106.318785873005083, 40.433599338612282 ], [ -106.324932564343968, 40.428258457070307 ], [ -106.331733740514665, 40.423403316081767 ] ] ], [ [ [ -105.940159410933092, 40.584426702189134 ], [ -105.947592727887795, 40.580128605644894 ], [ -105.955541906437517, 40.576406180833551 ], [ -105.963930518841607, 40.573295178126365 ], [ -105.972677953499854, 40.570825470492494 ], [ -105.981700184562015, 40.569020769149816 ], [ -105.990910572845934, 40.567898398011032 ], [ -106.000220690666325, 40.567469128991753 ], [ -106.009541162994466, 40.567737079685834 ], [ -106.01878251724375, 40.568699674339932 ], [ -106.027856033912784, 40.570347668479421 ], [ -106.036674590311577, 40.572665236955217 ], [ -106.045153489651199, 40.57563012460043 ], [ -106.053211267889864, 40.579213858111515 ], [ -106.060770470901772, 40.583382017205793 ], [ -106.067758394765491, 40.588094562559 ], [ -106.074107782259333, 40.593306217498998 ], [ -106.079757468999233, 40.598966899927184 ], [ -106.084652973060599, 40.605022200465079 ], [ -106.088747022388006, 40.61141390237934 ], [ -106.092000014814317, 40.618080538434 ], [ -106.094380406081584, 40.624957979453058 ], [ -106.095865021877785, 40.631980049056345 ], [ -106.096439290572278, 40.639079158759536 ], [ -106.096097394045557, 40.64618695740878 ], [ -106.094842334760116, 40.653234988754306 ], [ -106.09268591800344, 40.660155350858858 ], [ -106.089648649044605, 40.66688135098746 ], [ -106.085759545776085, 40.673348149637015 ], [ -106.08105586825252, 40.679493387437986 ], [ -106.075582767380567, 40.68525778879777 ], [ -106.06939285584869, 40.690585736353881 ], [ -106.062545705201586, 40.695425810566782 ], [ -106.055107273752981, 40.699731289102424 ], [ -106.047149270779059, 40.703460601033292 ], [ -106.038748463134624, 40.706577731318696 ], [ -106.029985931074719, 40.709052571508522 ], [ -106.020946280635002, 40.710861213142103 ], [ -106.011716820417419, 40.71198618088215 ], [ -106.002386711035456, 40.712416603026135 ], [ -105.993046095787875, 40.712148317665871 ], [ -105.983785221348043, 40.71118391341593 ], [ -105.974693557372248, 40.709532704293487 ], [ -105.965858923944737, 40.707210638998845 ], [ -105.957366635687151, 40.704240145510731 ], [ -105.949298671169089, 40.700649912563627 ], [ -105.941732875966522, 40.696474610211311 ], [ -105.934742207330515, 40.691754552290391 ], [ -105.92839402795731, 40.686535304177248 ], [ -105.922749455797955, 40.680867239771594 ], [ -105.917862776221625, 40.674805052136421 ], [ -105.913780922160285, 40.668407222671064 ], [ -105.910543027122358, 40.661735454088316 ], [ -105.908180055182385, 40.654854072802756 ], [ -105.906714511240267, 40.647829406615415 ], [ -105.906160234010528, 40.6407291437949 ], [ -105.90652227335741, 40.633621679808272 ], [ -105.907796852746756, 40.626575458044641 ], [ -105.909971416749372, 40.619658310900803 ], [ -105.913024762711188, 40.612936807563898 ], [ -105.916927254910945, 40.606475614729383 ], [ -105.921641118764185, 40.600336876340016 ], [ -105.927120811906377, 40.594579618221083 ], [ -105.933313468307347, 40.58925918322528 ], [ -105.940159410933092, 40.584426702189134 ] ] ], [ [ [ -106.394855009406058, 40.631054165653403 ], [ -106.401671142234889, 40.626194818293108 ], [ -106.409078635213163, 40.621867444929244 ], [ -106.417006219518584, 40.61811361389735 ], [ -106.425377671048508, 40.614969376682815 ], [ -106.434112539770638, 40.612464924540312 ], [ -106.443126917917709, 40.610624301147546 ], [ -106.452334239879903, 40.609465173932072 ], [ -106.461646106403364, 40.608998666164325 ], [ -106.470973125517673, 40.609229251349589 ], [ -106.480225762488416, 40.61015471087908 ], [ -106.489315191024417, 40.611766155319771 ], [ -106.498154137961095, 40.614048109141144 ], [ -106.506657713694025, 40.616978658095711 ], [ -106.514744220746465, 40.620529657896192 ], [ -106.52233593302563, 40.624667002269078 ], [ -106.529359838550803, 40.62935094791554 ], [ -106.53574833872365, 40.634536493382662 ], [ -106.541439897557041, 40.640173808342922 ], [ -106.546379634681358, 40.64620870930387 ], [ -106.55051985640722, 40.65258317732583 ], [ -106.553820519637725, 40.659235912918476 ], [ -106.556249623991874, 40.66610292292016 ], [ -106.557783528119003, 40.673118133841882 ], [ -106.557992950407908, 40.675501107602159 ], [ -106.559909449929336, 40.678449645610087 ], [ -106.56321239587173, 40.685102043260621 ], [ -106.565643481722446, 40.691968790832824 ], [ -106.567179046778236, 40.698983817463059 ], [ -106.567804029554821, 40.706079605210491 ], [ -106.567512123301483, 40.713187837708141 ], [ -106.566305847785102, 40.720240057294141 ], [ -106.564196536228863, 40.727168324327394 ], [ -106.561204237100441, 40.73390587233915 ], [ -106.55735753127324, 40.740387752680199 ], [ -106.553653890361176, 40.745282127739301 ], [ -106.554794485012422, 40.746672955366748 ], [ -106.558942029909943, 40.753046885642085 ], [ -106.56224880643552, 40.759699162064123 ], [ -106.564682754310169, 40.766565796187678 ], [ -106.566220184326625, 40.773580718382014 ], [ -106.566846016008313, 40.780676411800364 ], [ -106.566553933346341, 40.78778456101702 ], [ -106.565346456714252, 40.794836709148193 ], [ -106.56323492984292, 40.801764917161009 ], [ -106.560239421548275, 40.808502419022254 ], [ -106.556388542734766, 40.814984266346485 ], [ -106.551719180038106, 40.821147956273478 ], [ -106.546276148315002, 40.82693403643772 ], [ -106.54011176502415, 40.83228668108778 ], [ -106.53328535036195, 40.837154232670642 ], [ -106.525862657808261, 40.841489703512494 ], [ -106.51791524049122, 40.845251232602436 ], [ -106.509519759484533, 40.848402492914147 ], [ -106.500757240796602, 40.850913045180171 ], [ -106.491712288387788, 40.852758634558661 ], [ -106.482472261052081, 40.853921427197839 ], [ -106.473126421412715, 40.85439018430371 ], [ -106.463765065604576, 40.854160371943721 ], [ -106.454478642439483, 40.853234205467473 ], [ -106.445356870975317, 40.851620628087474 ], [ -106.436487865429115, 40.849335223829286 ], [ -106.427957276291991, 40.846400065725881 ], [ -106.419847456317299, 40.842843500785953 ], [ -106.412236659769377, 40.838699873903138 ], [ -106.405198282939864, 40.834009193486281 ], [ -106.404868107861475, 40.83374126641079 ], [ -106.405180146794891, 40.837375264495805 ], [ -106.404870716345201, 40.844483227934376 ], [ -106.403645203165183, 40.851533917859008 ], [ -106.401515124317712, 40.858459408294415 ], [ -106.398500727303869, 40.865192958416877 ], [ -106.394630805345301, 40.87166965699646 ], [ -106.389942429255882, 40.877827049951556 ], [ -106.384480598128121, 40.883605744879667 ], [ -106.378297811896644, 40.888949986625605 ], [ -106.371453569661867, 40.893808198206436 ], [ -106.364013798448454, 40.898133481730106 ], [ -106.356050217827317, 40.901884074321082 ], [ -106.347639646533949, 40.905023754496007 ], [ -106.338863257861945, 40.907522194913277 ], [ -106.329805791186146, 40.909355257946366 ], [ -106.320554727468846, 40.910505231097474 ], [ -106.311199437015205, 40.910960999868848 ], [ -106.301830308064339, 40.910718156337026 ], [ -106.292537865025665, 40.909779042324431 ], [ -106.283411885291287, 40.908152726724417 ], [ -106.274540523573535, 40.905854917202831 ], [ -106.266009452631252, 40.902907807164503 ], [ -106.257901029060051, 40.899339859527409 ], [ -106.250293492535093, 40.895185529484671 ], [ -106.243260206512232, 40.890484929046401 ], [ -106.236868947923568, 40.885283436734476 ], [ -106.231181252851087, 40.879631256344787 ], [ -106.22625182453821, 40.873582929190732 ], [ -106.222128009411307, 40.867196804690401 ], [ -106.218849346042688, 40.86053447455653 ], [ -106.216447191203486, 40.853660176187425 ], [ -106.214944426339173, 40.846640171136272 ], [ -106.214355246964729, 40.839542104754685 ], [ -106.214685036628353, 40.832434353261149 ], [ -106.215930326244745, 40.825385364576825 ], [ -106.218078838758714, 40.818462999299996 ], [ -106.219047535514264, 40.816312392677631 ], [ -106.215402651889363, 40.812684936298687 ], [ -106.210479749700042, 40.806635775674202 ], [ -106.206361739077295, 40.800248934900615 ], [ -106.20308810314954, 40.793586012325726 ], [ -106.200690150892854, 40.786711250812232 ], [ -106.199190724042751, 40.779690916163631 ], [ -106.198603986842102, 40.772592656734936 ], [ -106.198935300272367, 40.765484850478707 ], [ -106.200181181567388, 40.758435945768852 ], [ -106.202329348970608, 40.751513802373644 ], [ -106.205358850874177, 40.744785038915921 ], [ -106.209240277681076, 40.73831439306467 ], [ -106.213936053966108, 40.732164100550236 ], [ -106.219400807783572, 40.726393298887004 ], [ -106.22558181328489, 40.721057461427108 ], [ -106.232419502171609, 40.716207867057506 ], [ -106.239848038922744, 40.71189111049744 ], [ -106.247795954201436, 40.708148657754037 ], [ -106.25618683036906, 40.705016450858551 ], [ -106.264940032613353, 40.702524565534979 ], [ -106.27397147883508, 40.70069692495391 ], [ -106.283194441134341, 40.69955107219981 ], [ -106.292520371492444, 40.699098003535212 ], [ -106.301859744061105, 40.699342063984133 ], [ -106.311122906344707, 40.700280906184041 ], [ -106.320220931495399, 40.701905512876927 ], [ -106.329066463934097, 40.704200282826399 ], [ -106.33757455056309, 40.707143179368607 ], [ -106.345663449947651, 40.710705940229701 ], [ -106.353255412015216, 40.714854346680113 ], [ -106.360277421049986, 40.719548549547468 ], [ -106.366661895049717, 40.724743449082105 ], [ -106.37234733485829, 40.730389125164493 ], [ -106.377278916891441, 40.736431313868266 ], [ -106.381409023734335, 40.742811925949184 ], [ -106.384697707406062, 40.749469602423012 ], [ -106.385310860752654, 40.751213905659469 ], [ -106.386742332099018, 40.748814893369236 ], [ -106.390458555458267, 40.743925673710976 ], [ -106.389321387802283, 40.742533163403607 ], [ -106.385190550643429, 40.736152846230169 ], [ -106.381902511383714, 40.729495159013709 ], [ -106.379488719742042, 40.722624294827291 ], [ -106.377972171817603, 40.715606482732326 ], [ -106.377768990400924, 40.713223094669253 ], [ -106.375859397074848, 40.710271433212036 ], [ -106.372573625866877, 40.703613415514695 ], [ -106.370161796862121, 40.696742295694804 ], [ -106.368646887531995, 40.68972430517794 ], [ -106.368043213090118, 40.682627070581802 ], [ -106.368356299198069, 40.675518960939243 ], [ -106.369582839833654, 40.668468428571401 ], [ -106.37171074030006, 40.66154334998317 ], [ -106.374719244533424, 40.654810373121478 ], [ -106.378579145068414, 40.648334277243869 ], [ -106.383253073256512, 40.64217735149446 ], [ -106.388695866603314, 40.63639879807674 ], [ -106.394855009406058, 40.631054165653403 ] ] ], [ [ [ -105.933994755869705, 40.884648563490614 ], [ -105.941461599293334, 40.88035071121638 ], [ -105.949446615876909, 40.876628497781716 ], [ -105.957873034756688, 40.873517670500263 ], [ -105.966659882972678, 40.871048099758603 ], [ -105.975722758453472, 40.869243494725801 ], [ -105.984974634429122, 40.868121177847222 ], [ -105.994326687846012, 40.867691920187369 ], [ -106.003689144174331, 40.86795983912581 ], [ -106.012972130874729, 40.868922359337923 ], [ -106.022086531725989, 40.870570237411876 ], [ -106.030944834210786, 40.872887649872091 ], [ -106.039461962209899, 40.87585234379852 ], [ -106.041738116765544, 40.87686016123638 ], [ -106.04479175725605, 40.877922781819322 ], [ -106.052886415598195, 40.881505904734759 ], [ -106.060480300280986, 40.885673443997355 ], [ -106.067500374806102, 40.890385367366342 ], [ -106.073879072907403, 40.895596405323687 ], [ -106.079554947642052, 40.90125648288241 ], [ -106.084473263743405, 40.907311197619478 ], [ -106.088586527513243, 40.913702339490833 ], [ -106.091854949049207, 40.920368447578795 ], [ -106.094246832175941, 40.927245398558298 ], [ -106.095738888071651, 40.934267021346784 ], [ -106.096316469253026, 40.941365732130919 ], [ -106.095973721296303, 40.948473183741726 ], [ -106.094713650426812, 40.955520923184231 ], [ -106.092548105896228, 40.962441051017599 ], [ -106.089497676881564, 40.969166876232705 ], [ -106.085591504473186, 40.97563356028536 ], [ -106.080867010164141, 40.98177874401653 ], [ -106.07536954309974, 40.987543151327792 ], [ -106.069151949185127, 40.992871163678963 ], [ -106.062274065970556, 40.997711359735341 ], [ -106.054802148025985, 41.002017014812736 ], [ -106.046808228271118, 41.00574655514643 ], [ -106.038369421431042, 41.008863962442838 ], [ -106.029567176432067, 41.011339124655201 ], [ -106.02048648512671, 41.013148129453135 ], [ -106.011215055234274, 41.014273497423495 ], [ -106.001842455792755, 41.014704352643427 ], [ -105.992459243735411, 41.014436528894777 ], [ -105.983156080425132, 41.01347261043945 ], [ -105.974022847096634, 41.01182190693752 ], [ -105.965147768170795, 41.009500362757365 ], [ -105.956616551315562, 41.006530401591682 ], [ -105.954337163054944, 41.005520961247591 ], [ -105.951279002853539, 41.004456017356091 ], [ -105.943174543329576, 41.000865941165443 ], [ -105.935574538871052, 40.996690821291132 ], [ -105.928552277528411, 40.991970970938524 ], [ -105.922175426746321, 40.986751954653521 ], [ -105.916505380220045, 40.981084145268944 ], [ -105.91159666741865, 40.975022234509844 ], [ -105.907496431427276, 40.968624702136388 ], [ -105.904243980016417, 40.961953248897217 ], [ -105.901870414060681, 40.955072198902378 ], [ -105.900398336611872, 40.948047877302045 ], [ -105.899841645092508, 40.940947969372665 ], [ -105.900205408228047, 40.933840867264315 ], [ -105.901485828486045, 40.926795010752613 ], [ -105.90367028995054, 40.919878228364297 ], [ -105.906737490737029, 40.913157085210948 ], [ -105.910657658255531, 40.906696243767975 ], [ -105.915392844863675, 40.90055784368333 ], [ -105.920897300724619, 40.894800906489074 ], [ -105.927117919999645, 40.889480770827433 ], [ -105.933994755869705, 40.884648563490614 ] ] ], [ [ [ -105.355012640596158, 37.03505598842586 ], [ -105.362123517656855, 37.030794498400539 ], [ -105.369720405798986, 37.027111847104138 ], [ -105.377730254201225, 37.024043414975395 ], [ -105.386076074798197, 37.02161867728141 ], [ -105.394677677921209, 37.0198609231294 ], [ -105.40345243748115, 37.01878703355866 ], [ -105.41231607859396, 37.018407320760311 ], [ -105.421183480371511, 37.018725429905736 ], [ -105.429969486481895, 37.019738304486197 ], [ -105.438589716021369, 37.021436215480669 ], [ -105.446961367239169, 37.02380285408109 ], [ -105.455004006712983, 37.026815487118434 ], [ -105.462640336688196, 37.030445173754167 ], [ -105.469796933468544, 37.034657041434905 ], [ -105.476404949977209, 37.039410618556524 ], [ -105.482400775897489, 37.04466022075416 ], [ -105.487726649148044, 37.050355387229473 ], [ -105.492331212850189, 37.056441363051164 ], [ -105.496170012400313, 37.062859622923398 ], [ -105.499205927769665, 37.069548431514058 ], [ -105.501409536712686, 37.076443435072825 ], [ -105.502759405170025, 37.083478278754896 ], [ -105.503242301803482, 37.090585243799424 ], [ -105.502853334287522, 37.09769589849968 ], [ -105.501596005706801, 37.104741756742989 ], [ -105.499482190160336, 37.111654937800047 ], [ -105.49653202744777, 37.118368821002136 ], [ -105.492773737502844, 37.124818688967224 ], [ -105.488243356035383, 37.13094235311889 ], [ -105.482984393638787, 37.136680755388433 ], [ -105.477047421405217, 37.141978540199005 ], [ -105.470489586855649, 37.146784591098779 ], [ -105.463374064728598, 37.151052526739534 ], [ -105.455769447868647, 37.154741151279943 ], [ -105.447749084104885, 37.157814854731875 ], [ -105.43939036560127, 37.160243959252973 ], [ -105.430773977686499, 37.162005007920015 ], [ -105.421983114623202, 37.163080993086275 ], [ -105.413102670147595, 37.163461522027298 ], [ -105.404218410895737, 37.163142918207541 ], [ -105.395416141027056, 37.162128257145994 ], [ -105.386780866456021, 37.160427336517834 ], [ -105.378395967107991, 37.158056580790685 ], [ -105.370342385524438, 37.15503888135374 ], [ -105.362697839958386, 37.151403373745666 ], [ -105.355536069824353, 37.147185154217645 ], [ -105.34892612100478, 37.142424938472473 ], [ -105.342931678069789, 37.137168665993869 ], [ -105.337610449949167, 37.131467053915131 ], [ -105.333013615008241, 37.125375104867807 ], [ -105.329185330836225, 37.118951573694368 ], [ -105.326162313360754, 37.11225839829887 ], [ -105.32397348916939, 37.105360100244184 ], [ -105.322639724153973, 37.098323160979682 ], [ -105.322173630809999, 37.091215379797518 ], [ -105.322579455726185, 37.084105219767871 ], [ -105.32385304800161, 37.077061147993646 ], [ -105.325981908536264, 37.070150976551901 ], [ -105.328945319362475, 37.063441210454513 ], [ -105.332714551429888, 37.056996408866773 ], [ -105.337253148528319, 37.050878565668334 ], [ -105.342517284339976, 37.045146515232986 ], [ -105.348456188957783, 37.039855369040936 ], [ -105.355012640596158, 37.03505598842586 ] ] ], [ [ [ -104.999224093471483, 37.185300485707273 ], [ -105.006368988686802, 37.181060399613393 ], [ -105.01399815196649, 37.177400591353162 ], [ -105.02203822553335, 37.174356221844583 ], [ -105.030411934033154, 37.171956535472674 ], [ -105.039038822797366, 37.170224581291784 ], [ -105.047836025441484, 37.169176993383232 ], [ -105.056719053681775, 37.168823832395482 ], [ -105.065602602076979, 37.169168489727859 ], [ -105.074401360283431, 37.170207655239928 ], [ -105.083030825353461, 37.171931348783858 ], [ -105.091408106606153, 37.174323015268897 ], [ -105.099452715658515, 37.177359682382075 ], [ -105.107087334322088, 37.181012179510454 ], [ -105.114238553245954, 37.185245415843923 ], [ -105.120837574420946, 37.190018715086786 ], [ -105.126820870951605, 37.195286203676702 ], [ -105.132130797850408, 37.200997248905672 ], [ -105.136716148013747, 37.207096942862506 ], [ -105.140532647997176, 37.213526627676757 ], [ -105.143543388719166, 37.22022445714093 ], [ -105.145719186783865, 37.227125989428792 ], [ -105.14703887272232, 37.234164805312929 ], [ -105.147489503103984, 37.241273146021051 ], [ -105.14706649416263, 37.248382564658598 ], [ -105.145773675306629, 37.255424584969518 ], [ -105.143623261639632, 37.262331361109098 ], [ -105.140635745393851, 37.269036332065212 ], [ -105.136839706971415, 37.275474864387839 ], [ -105.132271547087342, 37.281584876972765 ], [ -105.126975142306264, 37.28730744179429 ], [ -105.121001427050999, 37.292587354691996 ], [ -105.114407905928374, 37.297373670588748 ], [ -105.107258100954809, 37.301620197847512 ], [ -105.099620938961735, 37.305285946861339 ], [ -105.091570085110007, 37.308335528411334 ], [ -105.083183229033253, 37.310739497815419 ], [ -105.074541330654881, 37.312474641423407 ], [ -105.065727833172829, 37.313524202585022 ], [ -105.056827851075909, 37.313878044820072 ], [ -105.04792734133683, 37.313532750549001 ], [ -105.039112266118437, 37.312491654389724 ], [ -105.030467755425633, 37.310764810684454 ], [ -105.022077278136578, 37.308368895583918 ], [ -105.0140218297514, 37.305327044674343 ], [ -105.006379145007244, 37.301668627780259 ], [ -104.999222943227565, 37.297428963206173 ], [ -104.992622213906273, 37.29264897428218 ], [ -104.986640549577729, 37.287374791651551 ], [ -104.981335532500566, 37.281657305270308 ], [ -104.976758181093118, 37.27555167057875 ], [ -104.97295246140969, 37.269116773745395 ], [ -104.969954868250056, 37.262414661271407 ], [ -104.967794079757482, 37.255509939575418 ], [ -104.966490688593851, 37.248469150450951 ], [ -104.966057011994238, 37.241360128500062 ], [ -104.966496982204816, 37.23425134679686 ], [ -104.967806118009335, 37.227211257120572 ], [ -104.969971577256644, 37.220307631123461 ], [ -104.972972289523653, 37.213606908760504 ], [ -104.976779167293486, 37.207173560211942 ], [ -104.981355393300191, 37.201069467373728 ], [ -104.986656781000178, 37.195353330780087 ], [ -104.992632204476294, 37.190080107558991 ], [ -104.999224093471483, 37.185300485707273 ] ] ], [ [ [ -105.598401422333623, 37.207212375514324 ], [ -105.60495623509378, 37.202399318863201 ], [ -105.612068458222652, 37.198122945012123 ], [ -105.619669662659589, 37.194424344486528 ], [ -105.627686754798802, 37.191339050158867 ], [ -105.636042676183735, 37.188896698354206 ], [ -105.644657139849713, 37.187120746362005 ], [ -105.653447396444179, 37.186028248963986 ], [ -105.662329023016483, 37.185629696038511 ], [ -105.671216727189787, 37.185928912735875 ], [ -105.680025159306965, 37.186923023140501 ], [ -105.688669725080459, 37.188602477751409 ], [ -105.697067391273279, 37.190951144523993 ], [ -105.705137476993599, 37.193946462631509 ], [ -105.712802423300076, 37.19755965752497 ], [ -105.719988533988072, 37.20175601530422 ], [ -105.726626680657247, 37.206495213860791 ], [ -105.732652965450029, 37.211731707723501 ], [ -105.738009335195244, 37.217415163032051 ], [ -105.742644141092356, 37.223490938588611 ], [ -105.746512638526838, 37.229900608494695 ], [ -105.749577422114939, 37.236582521477587 ], [ -105.751808791634403, 37.243472391647977 ], [ -105.753185045102441, 37.250503915114308 ], [ -105.753692695912122, 37.257609406612509 ], [ -105.75332661162652, 37.264720450094899 ], [ -105.752090072753731, 37.271768557063055 ], [ -105.749994750578637, 37.278685826327575 ], [ -105.747060603901929, 37.285405598836356 ], [ -105.743315695327809, 37.291863101232011 ], [ -105.738795928539886, 37.297996071881144 ], [ -105.73354470880183, 37.303745363261967 ], [ -105.727612529706647, 37.309055514802822 ], [ -105.721056489966401, 37.313875290531449 ], [ -105.713939744773626, 37.318158176220493 ], [ -105.706330896965639, 37.321862831097555 ], [ -105.698303333876126, 37.324953489623837 ], [ -105.689934516353389, 37.32740030932986 ], [ -105.681305226954095, 37.329179661225908 ], [ -105.672498784777716, 37.330274359872796 ], [ -105.663600234781185, 37.330673830798588 ], [ -105.654695519703267, 37.330374213574451 ], [ -105.645870642924933, 37.329378399508187 ], [ -105.637210830696503, 37.327696003572235 ], [ -105.628799702170241, 37.325343270845643 ], [ -105.620718455588971, 37.322342918408808 ], [ -105.613045078798947, 37.318723914278422 ], [ -105.605853591981301, 37.314521195601486 ], [ -105.599213330134546, 37.30977532893295 ], [ -105.593188272397128, 37.304532115996132 ], [ -105.587836424780875, 37.298842148861375 ], [ -105.583209262299746, 37.292760318971681 ], [ -105.579351235833542, 37.286345284889109 ], [ -105.576299348371506, 37.279658904027414 ], [ -105.574082804545711, 37.272765633972696 ], [ -105.572722736598095, 37.265731909271054 ], [ -105.572232009138602, 37.258625499778027 ], [ -105.572615104253543, 37.251514856819007 ], [ -105.573868087722445, 37.244468453500708 ], [ -105.575978656307527, 37.237554125542907 ], [ -105.5789262652997, 37.230838418965995 ], [ -105.582682334746522, 37.224385950877121 ], [ -105.58721053205764, 37.218258789445386 ], [ -105.592467127986836, 37.21251585894872 ], [ -105.598401422333623, 37.207212375514324 ] ] ], [ [ [ -105.515395390348047, 37.320693179971322 ], [ -105.524203143963206, 37.31961016359277 ], [ -105.533101262548243, 37.319221180597843 ], [ -105.542004296651072, 37.319529964645504 ], [ -105.550826750491993, 37.320533548447827 ], [ -105.559483895963183, 37.322222292101145 ], [ -105.567892579551824, 37.32457997496666 ], [ -105.575972014759515, 37.327583950252013 ], [ -105.583644552705621, 37.331205360866065 ], [ -105.590836423775499, 37.335409414552977 ], [ -105.597478443406217, 37.340155715760375 ], [ -105.603506675391969, 37.345398651166462 ], [ -105.608863046436895, 37.351087825285887 ], [ -105.613495906085234, 37.357168542098947 ], [ -105.617360526615514, 37.363582328206633 ], [ -105.620419537993143, 37.370267492611156 ], [ -105.622643293536839, 37.377159717859101 ], [ -105.624010162559557, 37.384192676969455 ], [ -105.624506746896131, 37.391298670301083 ], [ -105.624128018920217, 37.398409276301315 ], [ -105.622877379378039, 37.40545600991738 ], [ -105.620766634121154, 37.412370982352549 ], [ -105.617815889597253, 37.41908755580701 ], [ -105.614053367750557, 37.425540986863915 ], [ -105.609515141783007, 37.431669052263793 ], [ -105.604244795026972, 37.437412650954698 ], [ -105.598293005968614, 37.442716376513047 ], [ -105.591717063230817, 37.447529054297398 ], [ -105.584580315065125, 37.451804238024756 ], [ -105.576951558603767, 37.455500660842453 ], [ -105.568904374776281, 37.458582636404607 ], [ -105.560516415391405, 37.461020405948673 ], [ -105.551868649414459, 37.46279042789655 ], [ -105.543044575926885, 37.463875607073717 ], [ -105.534129411628641, 37.464265461240906 ], [ -105.525209261033297, 37.463956223260247 ], [ -105.516370277702066, 37.462950877864216 ], [ -105.507697824965518, 37.461259132654249 ], [ -105.499275644588693, 37.458897323618316 ], [ -105.491185041744956, 37.455888256116495 ], [ -105.483504094480239, 37.452260982932245 ], [ -105.476306895572279, 37.448050521617766 ], [ -105.469662834326257, 37.443297513967742 ], [ -105.46363592540186, 37.438047831029131 ], [ -105.458284191246136, 37.432352127590931 ], [ -105.458016372822414, 37.431999701388314 ], [ -105.454271769461684, 37.437036713872757 ], [ -105.448989109433413, 37.442773470522681 ], [ -105.443025855366869, 37.448069451391554 ], [ -105.436439407798602, 37.452873556305569 ], [ -105.429293217665247, 37.457139421597795 ], [ -105.421656174508001, 37.460825870382379 ], [ -105.413601940442248, 37.463897312755982 ], [ -105.405208236404121, 37.46632409193073 ], [ -105.396556087714615, 37.468082772832645 ], [ -105.387729036456307, 37.469156370269573 ], [ -105.378812328530969, 37.469534514374416 ], [ -105.369892083553083, 37.469213551656772 ], [ -105.36105445592932, 37.468196580643848 ], [ -105.35238479557465, 37.466493421749142 ], [ -105.343966816720453, 37.464120521670779 ], [ -105.335881783178635, 37.46110079328043 ], [ -105.328207718238815, 37.457463392612226 ], [ -105.321018647098427, 37.453243435191474 ], [ -105.314383879359511, 37.448481654547912 ], [ -105.308367338678579, 37.443224006331164 ], [ -105.303026946133883, 37.437521221981605 ], [ -105.29841406328471, 37.431428316400428 ], [ -105.294573000248832, 37.425004054506417 ], [ -105.291540593426745, 37.418310381956459 ], [ -105.289345856763461, 37.411411825640656 ], [ -105.288009709670234, 37.404374869838051 ], [ -105.28754478394039, 37.397267314132648 ], [ -105.287955311193457, 37.390157619341039 ], [ -105.289237091579665, 37.383114247792165 ], [ -105.291377543682373, 37.376205004325946 ], [ -105.294355834774876, 37.369496384343151 ], [ -105.298143089830077, 37.363052935142242 ], [ -105.302702676950958, 37.356936636626784 ], [ -105.307990566195329, 37.351206307256312 ], [ -105.313955758110964, 37.34591704085171 ], [ -105.320540777686602, 37.341119679554012 ], [ -105.327682228858293, 37.336860327876522 ], [ -105.335311404196744, 37.333179912389845 ], [ -105.343354943939914, 37.330113791139986 ], [ -105.351735538127542, 37.327691416425715 ], [ -105.360372665243545, 37.32593605405885 ], [ -105.369183360478402, 37.324864561700927 ], [ -105.378083006486705, 37.324487228321331 ], [ -105.386986139338134, 37.324807676254416 ], [ -105.395807262239785, 37.325822826756088 ], [ -105.404461659547607, 37.327522929374794 ], [ -105.412866203583036, 37.32989165486444 ], [ -105.420940146827718, 37.332906250781733 ], [ -105.428605892185175, 37.336537758331872 ], [ -105.435789734172502, 37.340751288459906 ], [ -105.442422564137459, 37.345506354634125 ], [ -105.448440532886877, 37.350757259238428 ], [ -105.45378566445828, 37.356453529985522 ], [ -105.454053190837101, 37.356805972177149 ], [ -105.457793875661352, 37.35176892471938 ], [ -105.463069550318011, 37.346031733642548 ], [ -105.46902338106662, 37.340734714521474 ], [ -105.475598000819033, 37.3359287842733 ], [ -105.482730112160951, 37.331660129876738 ], [ -105.490351096146966, 37.32796976726528 ], [ -105.498387670536857, 37.324893149893427 ], [ -105.506762591235642, 37.322459830610178 ], [ -105.515395390348047, 37.320693179971322 ] ] ], [ [ [ -105.639796451556336, 37.498022105474192 ], [ -105.646373651245412, 37.493206780559127 ], [ -105.653510728950295, 37.488927890512443 ], [ -105.661139016823725, 37.485226549043624 ], [ -105.669185161681099, 37.482138314405589 ], [ -105.677571827146579, 37.479692850294633 ], [ -105.686218432600299, 37.477913643134833 ], [ -105.695041922033724, 37.476817778357315 ], [ -105.703957555682308, 37.476415777736214 ], [ -105.712879717124736, 37.476711499277222 ], [ -105.721722728417419, 37.477702100576614 ], [ -105.73040166577006, 37.479378065984712 ], [ -105.738833168265742, 37.481723297319505 ], [ -105.746936232183685, 37.484715267292074 ], [ -105.754632983597631, 37.48832523422638 ], [ -105.761849422095423, 37.492518516089568 ], [ -105.768516128695907, 37.497254821298291 ], [ -105.774568931328346, 37.502488633235735 ], [ -105.779949521584442, 37.508169644909579 ], [ -105.784606016854497, 37.514243239704896 ], [ -105.788493462414948, 37.520651013744143 ], [ -105.791574268543016, 37.527331334962419 ], [ -105.793818578293227, 37.53421993364352 ], [ -105.795204562176934, 37.541250518846226 ], [ -105.795718636636693, 37.548355414881932 ], [ -105.795355603898244, 37.555466211790602 ], [ -105.794118711508062, 37.562514423601186 ], [ -105.792019630619819, 37.569432148060983 ], [ -105.789078352870746, 37.576152721476063 ], [ -105.785323006482898, 37.582611362323149 ], [ -105.78078959302519, 37.588745797374756 ], [ -105.775521647073504, 37.594496864222599 ], [ -105.769569821796608, 37.599809084289596 ], [ -105.762991404267922, 37.604631200687358 ], [ -105.75584976504598, 37.608916675601435 ], [ -105.748213747270782, 37.612624142268842 ], [ -105.74015700118008, 37.615717807047744 ], [ -105.736864530864906, 37.616678228111923 ], [ -105.738150658296462, 37.616720433382241 ], [ -105.747010559806796, 37.617708938739334 ], [ -105.755706334949409, 37.619382824595718 ], [ -105.764154462298592, 37.621726012895991 ], [ -105.772273779536164, 37.624715996222719 ], [ -105.77998625751944, 37.628324052317375 ], [ -105.787217745445403, 37.632515517912864 ], [ -105.793898680175104, 37.637250119345182 ], [ -105.799964753071549, 37.642482356881501 ], [ -105.805357528049029, 37.648161939197415 ], [ -105.810025004933948, 37.654234263959488 ], [ -105.813922122692588, 37.66064094002806 ], [ -105.817011197590375, 37.667320346390262 ], [ -105.819262291906526, 37.674208222571409 ], [ -105.820653509434976, 37.681238284955512 ], [ -105.821171214653944, 37.688342863178434 ], [ -105.820810173138113, 37.69545355054116 ], [ -105.819573611513761, 37.70250186223118 ], [ -105.817473196013651, 37.709419895036554 ], [ -105.814528929467684, 37.716140982195377 ], [ -105.810768967360218, 37.722600337040916 ], [ -105.806229354388535, 37.728735679183728 ], [ -105.800953683758678, 37.734487837115026 ], [ -105.794992682248605, 37.739801321320243 ], [ -105.78840372484143, 37.744624862258391 ], [ -105.781250283477519, 37.748911907887653 ], [ -105.773601315179434, 37.752621075799404 ], [ -105.765530595463304, 37.755716555458619 ], [ -105.757116003549555, 37.758168456532061 ], [ -105.748438766421927, 37.759953099815114 ], [ -105.739582669242978, 37.761053247835498 ], [ -105.730633240014498, 37.761458272812696 ], [ -105.721676916662645, 37.761164260279152 ], [ -105.712800204928683, 37.760174047315424 ], [ -105.704088835551488, 37.758497195010193 ], [ -105.695626929237164, 37.756149895418915 ], [ -105.687496177822865, 37.753154813954929 ], [ -105.679775049859572, 37.749540868796622 ], [ -105.672538028561888, 37.745342949525629 ], [ -105.665854889709507, 37.74060157781792 ], [ -105.659790026638291, 37.735362513584505 ], [ -105.654401828936599, 37.729676310495762 ], [ -105.649742120872034, 37.723597825317029 ], [ -105.645855664924255, 37.717185685928236 ], [ -105.642779735099339, 37.710501723293298 ], [ -105.640543763960963, 37.703610372980606 ], [ -105.639169066542294, 37.6965780521139 ], [ -105.638668643510144, 37.689472517848785 ], [ -105.639047065149427, 37.682362213624067 ], [ -105.640300436929934, 37.675315609528717 ], [ -105.64241644661783, 37.668400543153396 ], [ -105.645374492110037, 37.661683567262884 ], [ -105.649145888406039, 37.655229310531453 ], [ -105.653694151398469, 37.649099857432184 ], [ -105.658975355463483, 37.643354153162399 ], [ -105.664938561172761, 37.638047439226831 ], [ -105.671526308832625, 37.63323072498914 ], [ -105.67867517298825, 37.628950300144702 ], [ -105.686316372512735, 37.625247292668391 ], [ -105.694376430436918, 37.622157276352091 ], [ -105.697669706810316, 37.621198033802301 ], [ -105.696383518039426, 37.62115538786351 ], [ -105.687523816888273, 37.62016307890886 ], [ -105.678829400292059, 37.618484154011433 ], [ -105.670384224029007, 37.616134825085773 ], [ -105.662269817296149, 37.613137776890227 ], [ -105.654564489917064, 37.609521946255427 ], [ -105.647342571871192, 37.605322240554024 ], [ -105.640673692712028, 37.600579198234691 ], [ -105.63462210799625, 37.595338594817939 ], [ -105.629246079323877, 37.589650998288633 ], [ -105.624597314001747, 37.583571278313322 ], [ -105.620720469693211, 37.577158074155733 ], [ -105.617652728719818, 37.570473226555876 ], [ -105.615423445941161, 37.56358117917496 ], [ -105.614053873370096, 37.556548355484672 ], [ -105.61355696389009, 37.549442517196653 ], [ -105.613937255639186, 37.542332110480842 ], [ -105.61519083782116, 37.535285606313607 ], [ -105.617305397906833, 37.528370841324531 ], [ -105.620260349404674, 37.521654365477779 ], [ -105.624027038619232, 37.515200802830705 ], [ -105.628569028082453, 37.509072231459697 ], [ -105.633842453645059, 37.503327588436235 ], [ -105.639796451556336, 37.498022105474192 ] ] ], [ [ [ -105.332102483571248, 37.638920576983388 ], [ -105.339271549936981, 37.634660606888644 ], [ -105.346930378550553, 37.630979481181591 ], [ -105.355005325661352, 37.627912563785394 ], [ -105.363418781036884, 37.62548931380627 ], [ -105.37208990941275, 37.623733004760879 ], [ -105.380935421672291, 37.62266050286668 ], [ -105.389870368607234, 37.622282106438846 ], [ -105.398808949933155, 37.622601447871986 ], [ -105.407665331112923, 37.623615459106475 ], [ -105.41635446048187, 37.625314400895491 ], [ -105.424792879165153, 37.627681955601169 ], [ -105.432899516336448, 37.630695382663809 ], [ -105.440596462481253, 37.634325735309879 ], [ -105.447809713503759, 37.638538136498305 ], [ -105.4544698787481, 37.643292111554302 ], [ -105.460512846295217, 37.648541974409703 ], [ -105.465880399244057, 37.654237263865241 ], [ -105.470520777089121, 37.660323225813983 ], [ -105.474389176763935, 37.666741336924893 ], [ -105.477448188431708, 37.673429864881612 ], [ -105.479668161664975, 37.680324459910722 ], [ -105.481027498265931, 37.687358772017859 ], [ -105.481512868632095, 37.694465088084094 ], [ -105.481119349265697, 37.701574982761151 ], [ -105.47985047975348, 37.708619976945734 ], [ -105.477718238301449, 37.715532197512722 ], [ -105.474742935689818, 37.722245031946464 ], [ -105.47095302830968, 37.728693771530168 ], [ -105.466384851746525, 37.734816236836359 ], [ -105.461082277179045, 37.740553379406855 ], [ -105.455096293654023, 37.745849853718596 ], [ -105.448484520072029, 37.750654553800182 ], [ -105.441310651461848, 37.754921109191777 ], [ -105.433643844827671, 37.758608335325569 ], [ -105.425558050508386, 37.761680633841316 ], [ -105.417131295587609, 37.764108338838106 ], [ -105.408444926424579, 37.765868005594122 ], [ -105.399582817833306, 37.766942638855888 ], [ -105.390630556813377, 37.767321858400116 ], [ -105.381674609024245, 37.76700200020008 ], [ -105.372801476390833, 37.765986152174634 ], [ -105.36409685433064, 37.764284124158209 ], [ -105.355644797096474, 37.761912352391697 ], [ -105.347526899637529, 37.758893739495406 ], [ -105.339821504194092, 37.755257431532868 ], [ -105.33260293956134, 37.751038534405716 ], [ -105.325940800590573, 37.74627777242484 ], [ -105.319899275045657, 37.741021092476366 ], [ -105.314536524407856, 37.735319217736446 ], [ -105.309904124628815, 37.729227155380066 ], [ -105.306046572179781, 37.722803663172442 ], [ -105.303000860043781, 37.716110680221142 ], [ -105.300796127555472, 37.70921272750121 ], [ -105.299453387221803, 37.702176284040064 ], [ -105.298985330863687, 37.695069144862607 ], [ -105.299396216615605, 37.687959766948516 ], [ -105.300681837514816, 37.680916609542408 ], [ -105.302829571612705, 37.67400747518375 ], [ -105.305818512757924, 37.667298857788019 ], [ -105.309619680439184, 37.660855304014881 ], [ -105.314196306343163, 37.654738794005354 ], [ -105.319504194585349, 37.649008147360036 ], [ -105.325492151913735, 37.643718459967985 ], [ -105.332102483571248, 37.638920576983388 ] ] ], [ [ [ -105.539526320385875, 38.054024906885878 ], [ -105.546159077606646, 38.049215182685252 ], [ -105.553355238077287, 38.044942281721106 ], [ -105.561045567793045, 38.041247258277714 ], [ -105.569156120102008, 38.038165608262659 ], [ -105.577608943411803, 38.035726930764511 ], [ -105.586322825867697, 38.033954646004958 ], [ -105.595214070061402, 38.032865772287749 ], [ -105.604197290591699, 38.032470763998774 ], [ -105.61318622711886, 38.032773412145616 ], [ -105.622094565433684, 38.033770808348969 ], [ -105.630836759000573, 38.03545337261319 ], [ -105.639328843430775, 38.037804944618131 ], [ -105.647489236398172, 38.040802937688788 ], [ -105.655239515625127, 38.044418554022954 ], [ -105.662505167738573, 38.048617059190299 ], [ -105.669216301029252, 38.053358113366222 ], [ -105.675308315435885, 38.058596156234778 ], [ -105.6807225234231, 38.064280841989344 ], [ -105.68540671582484, 38.070357520385308 ], [ -105.689315667182768, 38.076767759356592 ], [ -105.692411575620142, 38.083449904304331 ], [ -105.694664432853628, 38.090339668803551 ], [ -105.696052320555424, 38.097370751157179 ], [ -105.696561629932916, 38.104475470958953 ], [ -105.696187202088211, 38.111585419611565 ], [ -105.694932387450805, 38.118632118586589 ], [ -105.692809023337205, 38.125547679109722 ], [ -105.689837329475267, 38.132265456912904 ], [ -105.686045722131894, 38.138720695713303 ], [ -105.681470548290022, 38.144851153159962 ], [ -105.676155742129907, 38.150597703132313 ], [ -105.670152406867132, 38.155904908480309 ], [ -105.663518325779435, 38.160721558562905 ], [ -105.656317407004451, 38.165001166266819 ], [ -105.648619067401953, 38.168702419570806 ], [ -105.640497561436575, 38.171789583156141 ], [ -105.632031261642524, 38.174232846049485 ], [ -105.623301897768968, 38.176008611813678 ], [ -105.614393762168831, 38.177099728370706 ], [ -105.605392889374343, 38.177495655142842 ], [ -105.59638621809637, 38.177192565825322 ], [ -105.587460744085206, 38.176193385751674 ], [ -105.578702672395607, 38.174507763471318 ], [ -105.570196577606424, 38.172151976823429 ], [ -105.562024580455045, 38.169148774450633 ], [ -105.554265549160704, 38.165527154347075 ], [ -105.546994333431059, 38.161322081665745 ], [ -105.540281038778261, 38.156574148617928 ], [ -105.534190348319001, 38.151329179871077 ], [ -105.528780898705548, 38.145637787389212 ], [ -105.524104716238369, 38.139554879152037 ], [ -105.520206718555769, 38.133139126633807 ], [ -105.517124286589819, 38.126452396314583 ], [ -105.514886910731363, 38.119559150831236 ], [ -105.513515914370046, 38.11252582565195 ], [ -105.513024257177506, 38.105420187372729 ], [ -105.513416419692561, 38.098310679887085 ], [ -105.514688369956872, 38.091265764769886 ], [ -105.516827612145349, 38.084353262243496 ], [ -105.519813316347339, 38.077639699059965 ], [ -105.523616527887526, 38.071189669537972 ], [ -105.528200453839432, 38.065065215840193 ], [ -105.533520823681712, 38.059325233367652 ], [ -105.539526320385875, 38.054024906885878 ] ] ], [ [ [ -105.010746030639751, 38.064687863166526 ], [ -105.017974920121361, 38.06044769599918 ], [ -105.025693883183294, 38.056787656317582 ], [ -105.033828702245884, 38.05374290448399 ], [ -105.042301196299192, 38.05134268610977 ], [ -105.051029967627244, 38.049610053339734 ], [ -105.059931178170203, 38.048561645257671 ], [ -105.068919348335513, 38.048207529436787 ], [ -105.077908170891078, 38.048551106093939 ], [ -105.086811332456534, 38.049589075728584 ], [ -105.095543335048376, 38.051311470543702 ], [ -105.10402031013534, 38.053701749359618 ], [ -105.112160817718035, 38.056736955147095 ], [ -105.119886623065426, 38.06038793372916 ], [ -105.127123443915735, 38.064619611635301 ], [ -105.13380166118489, 38.069391330542324 ], [ -105.139856986517344, 38.074657235206907 ], [ -105.145231080364539, 38.080366711291369 ], [ -105.149872114681685, 38.08646486900998 ], [ -105.153735274795125, 38.092893068082638 ], [ -105.156783195506364, 38.099589479080322 ], [ -105.158986327064582, 38.106489675886763 ], [ -105.160323227252306, 38.113527253685618 ], [ -105.160780776487556, 38.120634466618156 ], [ -105.160354313543252, 38.127742879042813 ], [ -105.159047690219396, 38.134784024171999 ], [ -105.156873244066091, 38.141690063761772 ], [ -105.153851689042199, 38.148394442491096 ], [ -105.150011924796516, 38.154832530689994 ], [ -105.145390766067692, 38.160942249160492 ], [ -105.140032594508156, 38.16666466998192 ], [ -105.133988936035649, 38.171944587401455 ], [ -105.127317967593854, 38.176731053182181 ], [ -105.120083957953483, 38.18097787111035 ], [ -105.112356647893193, 38.184644045750396 ], [ -105.104210575760504, 38.187694180975932 ], [ -105.095724355013616, 38.190098824293514 ], [ -105.08697991087854, 38.191834753508878 ], [ -105.078061683714822, 38.192885202856573 ], [ -105.069055807058092, 38.193240026317916 ], [ -105.060049268595492, 38.192895796481565 ], [ -105.051129062524367, 38.191855837949639 ], [ -105.042381341842827, 38.190130194952111 ], [ -105.033890579122186, 38.187735533495619 ], [ -105.025738744213726, 38.184694979033125 ], [ -105.01800450715038, 38.181037891289584 ], [ -105.010762474217472, 38.176799578508266 ], [ -105.004082464792688, 38.172020953987669 ], [ -104.998028836098527, 38.166748138350236 ], [ -104.992659862478106, 38.161032011518216 ], [ -104.988027175204948, 38.154927718861067 ], [ -104.984175268177864, 38.148494136420013 ], [ -104.981141074144631, 38.141793300502556 ], [ -104.978953615348445, 38.134889807270831 ], [ -104.977633731713837, 38.127850188219796 ], [ -104.977193888890071, 38.120742267651586 ], [ -104.977638067661303, 38.11363450840156 ], [ -104.978961735422814, 38.106595352156404 ], [ -104.981151899620173, 38.099692560729125 ], [ -104.984187242261498, 38.092992564616843 ], [ -104.988038333848507, 38.086559825069365 ], [ -104.992667924338335, 38.080456215740298 ], [ -104.99803130804807, 38.074740429780604 ], [ -105.004076758756156, 38.069467417969832 ], [ -105.010746030639751, 38.064687863166526 ] ] ], [ [ [ -105.405486187871745, 38.14465145549039 ], [ -105.412699932989128, 38.140387131601905 ], [ -105.420407394223616, 38.136701267018893 ], [ -105.428534461741478, 38.133629269508333 ], [ -105.437003026752393, 38.131200645432507 ], [ -105.445731727630672, 38.129438718585156 ], [ -105.454636725996394, 38.128360408054135 ], [ -105.46363250556756, 38.127976067156226 ], [ -105.472632686414471, 38.128289384925012 ], [ -105.481550847128673, 38.129297351055037 ], [ -105.490301347356777, 38.130990284622513 ], [ -105.498800143147363, 38.133351926315818 ], [ -105.506965587616548, 38.136359593325317 ], [ -105.514719209552169, 38.139984395464552 ], [ -105.521986462752125, 38.144191510528991 ], [ -105.528697439123846, 38.148940516348993 ], [ -105.534787538862759, 38.154185776463521 ], [ -105.540198091375686, 38.159876875837625 ], [ -105.544876921018002, 38.165959102570916 ], [ -105.548778852173641, 38.172373971103738 ], [ -105.551866148717863, 38.17905978202306 ], [ -105.554108883466981, 38.185952213209383 ], [ -105.555485233829998, 38.192984936749397 ], [ -105.555981700533479, 38.200090255771777 ], [ -105.555593246987698, 38.207199755149119 ], [ -105.554323357594498, 38.214244959849744 ], [ -105.552184014059364, 38.221157994621251 ], [ -105.549195589556135, 38.227872238645737 ], [ -105.545386661394275, 38.234322968826547 ], [ -105.540793743648734, 38.240447985447972 ], [ -105.53546094202143, 38.246188214093301 ], [ -105.529439534003174, 38.251488277914063 ], [ -105.522787478185123, 38.256297034609787 ], [ -105.515568857319721, 38.260568072805711 ], [ -105.507853260443099, 38.26426016289841 ], [ -105.499715110034415, 38.267337657877007 ], [ -105.491232940792244, 38.269770840113232 ], [ -105.482488637146048, 38.271536210644456 ], [ -105.473566637083806, 38.272616718042819 ], [ -105.464553110257015, 38.273001924566337 ], [ -105.455535118617021, 38.272688107915641 ], [ -105.446599768035611, 38.271678297568123 ], [ -105.437833359467191, 38.269982245320584 ], [ -105.429320548214406, 38.267616330334853 ], [ -105.421143519768577, 38.264603399642134 ], [ -105.413381190506783, 38.260972545710686 ], [ -105.406108441246317, 38.256758823313142 ], [ -105.399395391286504, 38.252002908536042 ], [ -105.393306720114126, 38.246750703348106 ], [ -105.387901043418793, 38.241052889679352 ], [ -105.383230349466217, 38.234964437455979 ], [ -105.379339501219761, 38.228544071478645 ], [ -105.376265808893137, 38.221853702422749 ], [ -105.374038676868366, 38.214957827573066 ], [ -105.37267932813495, 38.207922907179764 ], [ -105.372200608607088, 38.200816722537247 ], [ -105.372606872864992, 38.193707722037907 ], [ -105.373893952055809, 38.186664361542007 ], [ -105.376049203883696, 38.179754445430937 ], [ -105.379051643830749, 38.173044474675358 ], [ -105.382872155982909, 38.166599008153916 ], [ -105.387473781098208, 38.160480043304226 ], [ -105.392812078852913, 38.154746421977926 ], [ -105.398835560539311, 38.14945326710879 ], [ -105.405486187871745, 38.14465145549039 ] ] ], [ [ [ -105.746474511344132, 38.157773385457055 ], [ -105.753102795007564, 38.152952105217238 ], [ -105.760296786184909, 38.148666624500329 ], [ -105.767987270126639, 38.144958118060103 ], [ -105.776100297446447, 38.141862210784488 ], [ -105.784557891901855, 38.139408638044522 ], [ -105.793278795340598, 38.13762096237302 ], [ -105.802179242868291, 38.136516349086762 ], [ -105.811173761054036, 38.136105402916932 ], [ -105.820175981809328, 38.136392067148158 ], [ -105.829099464454657, 38.13737358618971 ], [ -105.837858518424454, 38.139040531918596 ], [ -105.846369019058244, 38.141376893548212 ], [ -105.854549208979591, 38.144360230191765 ], [ -105.86232047767966, 38.147961884712601 ], [ -105.869608112093545, 38.152147256887076 ], [ -105.876342011188996, 38.156876133355951 ], [ -105.882457357875523, 38.162103071309772 ], [ -105.887895241887435, 38.167777832349444 ], [ -105.892603227696441, 38.173845862486829 ], [ -105.896535861966626, 38.180248813808618 ], [ -105.899655115573992, 38.186925102921471 ], [ -105.901930755774245, 38.193810500933822 ], [ -105.903340644712173, 38.200838749412256 ], [ -105.903870961119267, 38.207942196481198 ], [ -105.903516342741625, 38.215052447018813 ], [ -105.902279947770765, 38.22210102074019 ], [ -105.900173434310247, 38.229020011855233 ], [ -105.897216857695739, 38.235742743944634 ], [ -105.893438486286641, 38.242204413714148 ], [ -105.888874537156838, 38.248342717366917 ], [ -105.883568833920847, 38.254098453474647 ], [ -105.877572389731796, 38.259416096433242 ], [ -105.870942919268188, 38.264244334852201 ], [ -105.863744284278624, 38.268536569552523 ], [ -105.85604587796773, 38.272251366227941 ], [ -105.847921954171241, 38.275352858259183 ], [ -105.839450907875957, 38.277811095654904 ], [ -105.830714514181508, 38.27960233662079 ], [ -105.821797133266458, 38.28070927882662 ], [ -105.812784889306087, 38.281121228041293 ], [ -105.803764831584985, 38.280834202433404 ], [ -105.794824086251907, 38.27985097148138 ], [ -105.786049007271799, 38.278181029096665 ], [ -105.777524335140143, 38.275840501226753 ], [ -105.769332371837194, 38.272851988866051 ], [ -105.76155218031559, 38.269244348052503 ], [ -105.754258816536876, 38.265052409060779 ], [ -105.747522601705782, 38.260316637610067 ], [ -105.741408441900731, 38.255082741480436 ], [ -105.735975201771609, 38.249401226469622 ], [ -105.731275138380838, 38.243326906116337 ], [ -105.727353400607456, 38.236918370062298 ], [ -105.7242475988281, 38.230237416317628 ], [ -105.721987448841489, 38.223348453031726 ], [ -105.720594493225022, 38.216317875648286 ], [ -105.720081902512916, 38.209213425540554 ], [ -105.720454357775083, 38.202103536376235 ], [ -105.721708015363134, 38.195056674553072 ], [ -105.72383055378485, 38.188140680074568 ], [ -105.726801301877103, 38.181422114202064 ], [ -105.730591446679682, 38.174965620125754 ], [ -105.7351643186731, 38.1688333027449 ], [ -105.740475751339815, 38.16308413343986 ], [ -105.746474511344132, 38.157773385457055 ] ] ], [ [ [ -105.13855541668002, 38.726946166741286 ], [ -105.143978088136151, 38.732654971109092 ], [ -105.14866110486922, 38.738752413871133 ], [ -105.1525592439626, 38.745179863720864 ], [ -105.155634798047714, 38.751875500275922 ], [ -105.157857944773582, 38.758774906382151 ], [ -105.159207041764972, 38.765811685956578 ], [ -105.15966884393508, 38.772918101517512 ], [ -105.159238640721895, 38.78002572533665 ], [ -105.158745281726908, 38.782660610924722 ], [ -105.161200468634377, 38.781504191566285 ], [ -105.169411152861073, 38.778450265407351 ], [ -105.177964107528354, 38.77604037892926 ], [ -105.186777166362418, 38.774297675114951 ], [ -105.195765687130987, 38.773238888109162 ], [ -105.20484335790988, 38.772874183927208 ], [ -105.213923018666804, 38.773207063718765 ], [ -105.222917490616453, 38.774234330474677 ], [ -105.231740405740467, 38.775946119480942 ], [ -105.240307028865146, 38.778325992239438 ], [ -105.248535064747585, 38.781351092991684 ], [ -105.256345442737981, 38.784992366405135 ], [ -105.263663071761954, 38.78921483441718 ], [ -105.270417558600613, 38.793977929683123 ], [ -105.276543882739148, 38.799235882545275 ], [ -105.281983021404557, 38.804938157937585 ], [ -105.286682518820257, 38.811029938165547 ], [ -105.290596994167331, 38.817452647060236 ], [ -105.293688583258145, 38.82414451060324 ], [ -105.29592730949652, 38.831041148757038 ], [ -105.297291380313808, 38.838076192920632 ], [ -105.297767405933627, 38.84518192316331 ], [ -105.297350538019771, 38.852289919175568 ], [ -105.296044526502115, 38.85933171871725 ], [ -105.293861693644317, 38.866239477242274 ], [ -105.29082282521145, 38.87294662233807 ], [ -105.286956979405232, 38.879388496638512 ], [ -105.282301215053366, 38.885502982951834 ], [ -105.276900241357438, 38.891231105490306 ], [ -105.274581335895945, 38.893242785054468 ], [ -105.274589120030086, 38.893359448548978 ], [ -105.274169690371792, 38.900467312639449 ], [ -105.272860535665018, 38.907508806374686 ], [ -105.270674007899856, 38.914416087974871 ], [ -105.267630927971169, 38.92112258941922 ], [ -105.263760394293087, 38.927563659324356 ], [ -105.259099510614533, 38.933677188022834 ], [ -105.253693035343446, 38.93940420872898 ], [ -105.247592955495733, 38.944689468887091 ], [ -105.24085798917524, 38.949481966066543 ], [ -105.233553021250017, 38.95373544309642 ], [ -105.225748477610892, 38.957408837518408 ], [ -105.217519644068346, 38.96046668087471 ], [ -105.208945936555551, 38.962879443836677 ], [ -105.200110129848127, 38.964623823711577 ], [ -105.191097552477885, 38.965682971436287 ], [ -105.181995255901299, 38.966046655771542 ], [ -105.172891166276116, 38.965711363039283 ], [ -105.163873227399577, 38.964680331395513 ], [ -105.155028543461967, 38.96296351929179 ], [ -105.14644253027295, 38.960577508442555 ], [ -105.138198083520138, 38.957545342277335 ], [ -105.130374772425384, 38.953896301506447 ], [ -105.123048066874915, 38.949665619059914 ], [ -105.116288605720484, 38.944894137265045 ], [ -105.110161513485579, 38.939627910701724 ], [ -105.104725772170767, 38.93391775870812 ], [ -105.100033654243802, 38.92781877200089 ], [ -105.096130222231665, 38.921389778314705 ], [ -105.093052899613241, 38.914692772354584 ], [ -105.090831116953169, 38.907792315685398 ], [ -105.089486036427658, 38.900754912455547 ], [ -105.089030357085605, 38.893648367062092 ], [ -105.089468202368025, 38.886541130013747 ], [ -105.090795090590007, 38.879501638333089 ], [ -105.092997988276537, 38.872597656862837 ], [ -105.096055445448627, 38.865895626802853 ], [ -105.099937811183793, 38.859460027705111 ], [ -105.104607527032869, 38.853352758998398 ], [ -105.110019495169865, 38.84763254690165 ], [ -105.112341571252571, 38.845624113216701 ], [ -105.112334057726571, 38.845507437448404 ], [ -105.112769298799321, 38.838400058051235 ], [ -105.113264731050876, 38.835765388441196 ], [ -105.110806905641681, 38.836920793965412 ], [ -105.102587000800568, 38.839970585294253 ], [ -105.094023850883588, 38.842374942416356 ], [ -105.085200128521862, 38.844110644386568 ], [ -105.076201045029748, 38.845160926510054 ], [ -105.067113520734452, 38.845515643693275 ], [ -105.058025338060958, 38.845171369322181 ], [ -105.049024285911102, 38.844131428669407 ], [ -105.04019730397485, 38.842405866492797 ], [ -105.031629635613243, 38.840011349152149 ], [ -105.023403997853819, 38.8369710022316 ], [ -105.015599776844496, 38.833314185305262 ], [ -105.008292256821463, 38.829076206113598 ], [ -105.001551890267734, 38.824297977023789 ], [ -104.995443616475896, 38.819025617219339 ], [ -104.990026235188864, 38.813310004598385 ], [ -104.985351841384386, 38.807206281849354 ], [ -104.98298085812155, 38.803281983536287 ], [ -104.976157039006878, 38.804618198610463 ], [ -104.967161325748307, 38.80566008895277 ], [ -104.958078284314098, 38.806006328026747 ], [ -104.948995653549062, 38.805653571507911 ], [ -104.940001168258036, 38.80460522696891 ], [ -104.931181704062553, 38.802871420661688 ], [ -104.922622430932776, 38.800468898827823 ], [ -104.914405983928077, 38.797420864532938 ], [ -104.906611659483517, 38.79375675167087 ], [ -104.899314645288243, 38.789511938413398 ], [ -104.899016005822943, 38.789299629151792 ], [ -104.89405087200636, 38.79217477505302 ], [ -104.88624653610961, 38.795825582680557 ], [ -104.878021806832578, 38.798859591308187 ], [ -104.869456061948611, 38.801247502851595 ], [ -104.860632000130707, 38.802966255843906 ], [ -104.851634836575457, 38.8039992500333 ], [ -104.842551473271342, 38.80433650810339 ], [ -104.833469652254422, 38.8039747728861 ], [ -104.824477100388521, 38.8029175390866 ], [ -104.815660674303871, 38.801175019200919 ], [ -104.807105514126334, 38.798764043971111 ], [ -104.798894214528161, 38.795707898383391 ], [ -104.791106021433535, 38.792036094863661 ], [ -104.783816062419675, 38.78778408595501 ], [ -104.777094618473271, 38.782992919365299 ], [ -104.771006444296319, 38.777708838844802 ], [ -104.765610143815707, 38.771982834885982 ], [ -104.760957606939968, 38.765870149726084 ], [ -104.757093512940074, 38.759429741571651 ], [ -104.754054905112113, 38.752723713350434 ], [ -104.751870840623013, 38.745816711624499 ], [ -104.750562118652951, 38.73877530156814 ], [ -104.750141089141422, 38.731667324122682 ], [ -104.750611543627926, 38.724561241586066 ], [ -104.751968688860174, 38.717525477978299 ], [ -104.754199203034673, 38.71062776054535 ], [ -104.757281373741336, 38.703934468722863 ], [ -104.761185315915242, 38.697509996781164 ], [ -104.765873267360021, 38.691416136214059 ], [ -104.771299958704844, 38.685711483721192 ], [ -104.777413053995375, 38.680450880366394 ], [ -104.78415365750341, 38.675684887180381 ], [ -104.791456881771836, 38.671459302113838 ], [ -104.799252471395945, 38.667814722845861 ], [ -104.807465476579736, 38.664786159510477 ], [ -104.816016970099312, 38.662402700931054 ], [ -104.824824800954602, 38.660687237448165 ], [ -104.83380437769857, 38.659656242898457 ], [ -104.84286947419811, 38.659319617752509 ], [ -104.851933050405009, 38.659680594855246 ], [ -104.860908080598037, 38.66073570863567 ], [ -104.869708381499024, 38.662474828069719 ], [ -104.878249432666578, 38.664881253093952 ], [ -104.886449181630667, 38.667931873585438 ], [ -104.894228826350528, 38.671597389445978 ], [ -104.901513567755373, 38.675842589764891 ], [ -104.901811743330299, 38.676054896165631 ], [ -104.906768525341221, 38.673179352762943 ], [ -104.914558473665949, 38.669527081008589 ], [ -104.92276683504393, 38.666490416044169 ], [ -104.931314726079464, 38.664098524288995 ], [ -104.940120029739333, 38.662374376782189 ], [ -104.949098178382556, 38.661334530404112 ], [ -104.958162959312304, 38.660988970237092 ], [ -104.96447572233825, 38.661234221359656 ], [ -104.965414827565766, 38.659178801184204 ], [ -104.969297738198932, 38.652747313204884 ], [ -104.97396513533532, 38.646645046853102 ], [ -104.979371945941637, 38.640930680485155 ], [ -104.985158081604297, 38.635925553129951 ], [ -104.977483961923198, 38.633077160761864 ], [ -104.969704232542938, 38.629417157296885 ], [ -104.962420159486868, 38.625176169980556 ], [ -104.955701968205318, 38.620395139510137 ], [ -104.949614383703278, 38.615120211328815 ], [ -104.944216006272484, 38.609402287298813 ], [ -104.939558748204178, 38.603296531576149 ], [ -104.935687336862003, 38.596861835597316 ], [ -104.932638888780332, 38.590160247475438 ], [ -104.930442558697706, 38.58325637143345 ], [ -104.929119266651597, 38.576216743173525 ], [ -104.928681505455671, 38.56910918729114 ], [ -104.929133230066313, 38.562002162990666 ], [ -104.930469829529812, 38.554964104443428 ], [ -104.932678181394053, 38.548062762152114 ], [ -104.935736787676788, 38.541364551646126 ], [ -104.939615990715026, 38.534933915733404 ], [ -104.944278266481135, 38.528832706377166 ], [ -104.949678592249938, 38.523119592053305 ], [ -104.955764884838956, 38.517849496179288 ], [ -104.962478505027889, 38.513073071890616 ], [ -104.96975482319553, 38.508836218080944 ], [ -104.975459354499151, 38.506151401838757 ], [ -104.975136247880371, 38.505808880850523 ], [ -104.970483045823428, 38.499704248730232 ], [ -104.966614420506971, 38.493270462618163 ], [ -104.963567462734204, 38.486569561685776 ], [ -104.961371314132762, 38.479666143436127 ], [ -104.960046894327718, 38.472626739141667 ], [ -104.959606708371354, 38.465519171301828 ], [ -104.960054735938755, 38.458411899376337 ], [ -104.961386402984544, 38.451373360135371 ], [ -104.963588635749048, 38.444471308990593 ], [ -104.96663999621218, 38.43777216863252 ], [ -104.970510897325894, 38.431340391200415 ], [ -104.975163895618593, 38.425237840054734 ], [ -104.980554058063476, 38.419523197009227 ], [ -104.986629399441867, 38.414251400615463 ], [ -104.99333138581612, 38.409473120777712 ], [ -105.000595499159985, 38.405234274616703 ], [ -105.00835185767717, 38.401575588097941 ], [ -105.016525885876746, 38.398532207501077 ], [ -105.025039028066132, 38.396133364332314 ], [ -105.033809498571586, 38.394402096778983 ], [ -105.042753061702655, 38.393355030276616 ], [ -105.051783834241419, 38.393002219210025 ], [ -105.060815103060406, 38.393347051204721 ], [ -105.069760150355123, 38.394386214888065 ], [ -105.078533078917872, 38.39610973141626 ], [ -105.08704962987882, 38.398501049477311 ], [ -105.09522798539966, 38.401537202896002 ], [ -105.102989548922537, 38.405189029390954 ], [ -105.110259695753243, 38.409421448467796 ], [ -105.11696848699286, 38.414193795884017 ], [ -105.123051340124746, 38.419460211591897 ], [ -105.128449649914245, 38.42517007756279 ], [ -105.133111353685678, 38.431268501421741 ], [ -105.136991435502651, 38.437696841381438 ], [ -105.140052364294121, 38.444393267561587 ], [ -105.142264461534936, 38.45129335442001 ], [ -105.143606194705413, 38.458330698706582 ], [ -105.144064393414325, 38.465437557086048 ], [ -105.143634385771236, 38.472545497362539 ], [ -105.14232005333065, 38.479586057081839 ], [ -105.140133803697083, 38.486491403187173 ], [ -105.137096460670477, 38.493194986365694 ], [ -105.133237072617632, 38.49963218374441 ], [ -105.128592640568783, 38.505740923678736 ], [ -105.123207768352074, 38.51146228652442 ], [ -105.117134237881785, 38.51674107549254 ], [ -105.11043051349867, 38.5215263519583 ], [ -105.103161180014993, 38.525771929924311 ], [ -105.097459854805152, 38.528462954557412 ], [ -105.097783641968206, 38.528805136023536 ], [ -105.102449464844369, 38.534904666126572 ], [ -105.106332408627267, 38.541333903449932 ], [ -105.109394913596404, 38.548031009652199 ], [ -105.111607284815832, 38.554931552746687 ], [ -105.112947985798854, 38.561969125113379 ], [ -105.113403854720133, 38.569075981162833 ], [ -105.112970240758287, 38.576183688584592 ], [ -105.111651058889635, 38.583223786955621 ], [ -105.109458762221948, 38.59012844738475 ], [ -105.106414231747891, 38.596831126829549 ], [ -105.10254658420601, 38.603267210744647 ], [ -105.097892899551738, 38.609374637804542 ], [ -105.092497870355984, 38.615094500591631 ], [ -105.086720876798907, 38.620104945636243 ], [ -105.094397923468208, 38.622946176790514 ], [ -105.102183278043114, 38.626597887412338 ], [ -105.109475712454326, 38.630830163494707 ], [ -105.116205073997065, 38.635602342943955 ], [ -105.122306582337231, 38.640868568132113 ], [ -105.127721452304854, 38.646578223667241 ], [ -105.132397460913879, 38.652676419971954 ], [ -105.136289453117527, 38.659104518160781 ], [ -105.139359781325098, 38.665800691304369 ], [ -105.141578674273845, 38.672700516808135 ], [ -105.142924531466079, 38.679737594318205 ], [ -105.143384140043722, 38.686844183301524 ], [ -105.142952811675073, 38.69395185423447 ], [ -105.141634437767024, 38.700992147176002 ], [ -105.139441462085713, 38.707897231402463 ], [ -105.13639477065999, 38.714600559740354 ], [ -105.132523499651811, 38.721037511256284 ], [ -105.132177500629865, 38.721491225131288 ], [ -105.132445388780965, 38.72168088181963 ], [ -105.13855541668002, 38.726946166741286 ] ] ], [ [ [ -105.169247546930222, 39.124021584725654 ], [ -105.176573899170265, 39.119772206999535 ], [ -105.184398848627396, 39.116102153980563 ], [ -105.19264716204664, 39.11304667862813 ], [ -105.201239572854092, 39.110635126260682 ], [ -105.210093538049833, 39.108890655016175 ], [ -105.219124025233285, 39.107830015357465 ], [ -105.228244322482439, 39.107463390650757 ], [ -105.237366863631109, 39.107794300281142 ], [ -105.246404061367855, 39.108819566193617 ], [ -105.255269140520994, 39.110529343165268 ], [ -105.263876963892386, 39.112907212530054 ], [ -105.272144843061042, 39.115930338493946 ], [ -105.279993326694054, 39.119569685603537 ], [ -105.287346959079116, 39.123790295365723 ], [ -105.294135001826206, 39.128551619468297 ], [ -105.30029211198017, 39.133807906522229 ], [ -105.305758970135443, 39.139508638744196 ], [ -105.310482852552127, 39.14559901452234 ], [ -105.314418141735615, 39.152020472368832 ], [ -105.317526770459082, 39.158711251358817 ], [ -105.319778594777247, 39.165606982794628 ], [ -105.321151692198256, 39.172641307517694 ], [ -105.321632581843929, 39.179746513023943 ], [ -105.321216364134884, 39.186854184323771 ], [ -105.319906778278693, 39.193895862328574 ], [ -105.317716176612436, 39.200803703443889 ], [ -105.314665415648179, 39.207511134007873 ], [ -105.310783664484049, 39.213953493233532 ], [ -105.306108132066143, 39.22006865839522 ], [ -105.300683715609352, 39.225797646144677 ], [ -105.294562573297782, 39.231085184049689 ], [ -105.287803625179166, 39.235880246716334 ], [ -105.280471986931801, 39.240136551184463 ], [ -105.272638341906614, 39.243813006670521 ], [ -105.264378257521543, 39.246874114170744 ], [ -105.255771452701026, 39.249290311924909 ], [ -105.246901023599733, 39.251038263274069 ], [ -105.237852635319697, 39.252101084015663 ], [ -105.228713687716137, 39.25246850696486 ], [ -105.219572463682894, 39.252136982060222 ], [ -105.210517268509122, 39.251109711001703 ], [ -105.201635569002178, 39.24939661606961 ], [ -105.193013141073905, 39.247014243438585 ], [ -105.184733234391359, 39.243985601962045 ], [ -105.176875762497076, 39.240339939052888 ], [ -105.169516526514499, 39.236112455918089 ], [ -105.16272648017258, 39.231343965010595 ], [ -105.156571043418538, 39.226080493135939 ], [ -105.151109471345166, 39.220372834185866 ], [ -105.146394284546957, 39.214276055961726 ], [ -105.142470766347884, 39.207848965992554 ], [ -105.139376531621437, 39.201153541641077 ], [ -105.137141171160494, 39.194254330122149 ], [ -105.135785974762939, 39.187217824330808 ], [ -105.135323735384773, 39.180111820587484 ], [ -105.135758635891023, 39.173004764557284 ], [ -105.137086219109676, 39.165965091684626 ], [ -105.139293441079332, 39.15906056850865 ], [ -105.142358806581839, 39.152357641185837 ], [ -105.14625258527596, 39.14592079744758 ], [ -105.150937106003411, 39.139811948063901 ], [ -105.156367126130874, 39.134089833672455 ], [ -105.16249027212416, 39.128809462566991 ], [ -105.169247546930222, 39.124021584725654 ] ] ], [ [ [ -105.561978344514429, 39.177892220725823 ], [ -105.56928636812782, 39.173618313237448 ], [ -105.57709657081331, 39.169922024989546 ], [ -105.585333858034005, 39.166838860375201 ], [ -105.593919066659282, 39.164398429799078 ], [ -105.602769720966023, 39.162624167645369 ], [ -105.611800819095322, 39.161533109194387 ], [ -105.620925642688704, 39.161135728537822 ], [ -105.630056582248287, 39.161435838979614 ], [ -105.639105970643016, 39.162430556833485 ], [ -105.647986917121941, 39.164110328946137 ], [ -105.656614134191585, 39.166459023690486 ], [ -105.664904749771054, 39.169454084590271 ], [ -105.672779097153196, 39.173066745161812 ], [ -105.680161475474193, 39.177262302993753 ], [ -105.686980873626339, 39.182000450537011 ], [ -105.693171650839474, 39.187235659547881 ], [ -105.698674167504919, 39.192917615623784 ], [ -105.703435360220965, 39.198991698795957 ], [ -105.707409255499712, 39.205399505701564 ], [ -105.710557417090101, 39.212079408453299 ], [ -105.712849322438686, 39.218967144962463 ], [ -105.71426266442559, 39.225996435152673 ], [ -105.71478357517546, 39.233099617233776 ], [ -105.714406769446157, 39.240208297987948 ], [ -105.713135605839213, 39.247254010858654 ], [ -105.71098206484703, 39.254168875529139 ], [ -105.707966643548474, 39.260886252632211 ], [ -105.704118167577448, 39.267341387250681 ], [ -105.699473521812365, 39.273472034946131 ], [ -105.694077302056442, 39.279219064196113 ], [ -105.687981390793098, 39.284527029323534 ], [ -105.681244460895584, 39.289344708267684 ], [ -105.673931411935925, 39.293625599871099 ], [ -105.666112744465082, 39.297328375738623 ], [ -105.657863878313933, 39.300417282160431 ], [ -105.649264421583709, 39.302862488076002 ], [ -105.640397397544987, 39.304640375586054 ], [ -105.631348437138996, 39.305733770088636 ], [ -105.622204945165535, 39.306132107718028 ], [ -105.61305524854285, 39.305831538393996 ], [ -105.60398773523039, 39.304834963437671 ], [ -105.595089992513877, 39.303152007370485 ], [ -105.586447953359752, 39.300798924178295 ], [ -105.578145059454513, 39.297798438984366 ], [ -105.570261449353694, 39.294179526726452 ], [ -105.562873179879517, 39.289977130065886 ], [ -105.556051488529292, 39.285231819365031 ], [ -105.54986210419456, 39.279989398144046 ], [ -105.544364612951469, 39.274300457966483 ], [ -105.539611885073228, 39.268219887195421 ], [ -105.535649568745782, 39.26180633850737 ], [ -105.532515655246371, 39.255121660441624 ], [ -105.530240119583141, 39.248230298598109 ], [ -105.528844639800752, 39.241198672371524 ], [ -105.52834239734419, 39.234094533323706 ], [ -105.52873796004846, 39.226986311447831 ], [ -105.530027248497063, 39.219942455666235 ], [ -105.532197585674353, 39.213030774929521 ], [ -105.535227829036558, 39.206317786249279 ], [ -105.539088583347308, 39.199868075899516 ], [ -105.543742491877708, 39.193743679868462 ], [ -105.549144602859016, 39.188003489431871 ], [ -105.555242807407197, 39.182702687455929 ], [ -105.561978344514429, 39.177892220725823 ] ] ], [ [ [ -105.00132182020036, 39.375824130646187 ], [ -105.008113796337298, 39.371045791596174 ], [ -105.01547561175164, 39.366806711056249 ], [ -105.023336447272115, 39.363147613841029 ], [ -105.031620727092118, 39.360103647027167 ], [ -105.040248841671072, 39.357704044978718 ], [ -105.049137907799931, 39.355971850880721 ], [ -105.058202558763739, 39.354923697346372 ], [ -105.067355757298401, 39.3545696481156 ], [ -105.076509623860744, 39.354913102298738 ], [ -105.085576272612641, 39.355950762044053 ], [ -105.094468647460474, 39.357672663924852 ], [ -105.103101350491059, 39.360062273758182 ], [ -105.111391455203275, 39.36309664398496 ], [ -105.119259297053532, 39.366746632164784 ], [ -105.126629234009243, 39.370977178576361 ], [ -105.133430370040344, 39.375747640364906 ], [ -105.139597234773049, 39.381012179151 ], [ -105.145070412881623, 39.386720198511817 ], [ -105.149797117203477, 39.392816827272519 ], [ -105.153731700026839, 39.39924344410489 ], [ -105.156836097520284, 39.40593823852798 ], [ -105.159080202844109, 39.412836803044371 ], [ -105.160442164104225, 39.419872750830535 ], [ -105.160908603976026, 39.426978353132988 ], [ -105.160474758534278, 39.434085190308416 ], [ -105.159144533569759, 39.441124810286688 ], [ -105.156930477450331, 39.448029388135303 ], [ -105.153853670384365, 39.454732380362536 ], [ -105.1499435307623, 39.461169167617392 ], [ -105.145237540078043, 39.467277679527228 ], [ -105.139780888758537, 39.472998995560225 ], [ -105.133626046045777, 39.478277916007315 ], [ -105.129189871658156, 39.481402901012338 ], [ -105.132110982009294, 39.483448558084469 ], [ -105.138287273253894, 39.488713052581303 ], [ -105.143768806094769, 39.494421012405873 ], [ -105.148502712477452, 39.500517567339926 ], [ -105.15244327463401, 39.506944097118314 ], [ -105.15555237021367, 39.513638792405821 ], [ -105.157799845993267, 39.520537246910585 ], [ -105.159163816321325, 39.52757307505312 ], [ -105.159630883116662, 39.534678549343468 ], [ -105.159196274952123, 39.541785251404626 ], [ -105.157863903499646, 39.548824730422155 ], [ -105.155646336391058, 39.5557291626981 ], [ -105.15256468635026, 39.562432005946981 ], [ -105.148648417271716, 39.5688686419915 ], [ -105.143935068747581, 39.574977001599009 ], [ -105.138469901374037, 39.580698165344899 ], [ -105.132305465984302, 39.585976934597937 ], [ -105.12550110075523, 39.59076236699152 ], [ -105.11812236090222, 39.595008271074363 ], [ -105.110240386406332, 39.598673655219926 ], [ -105.101931213895085, 39.601723126313431 ], [ -105.093275039418103, 39.604127234224485 ], [ -105.084355439406679, 39.605862758606513 ], [ -105.075258557579502, 39.606912935136599 ], [ -105.066072265942879, 39.607267618914634 ], [ -105.056885308330649, 39.606923383371438 ], [ -105.047786435128671, 39.605883553686439 ], [ -105.038863537931107, 39.604158174376103 ], [ -105.030202792875528, 39.601763911380935 ], [ -105.021887821305356, 39.598723889640127 ], [ -105.013998876208163, 39.595067467793363 ], [ -105.00661206258485, 39.590829952281481 ], [ -104.999798599518527, 39.586052253722279 ], [ -104.99362413124156, 39.580780489012263 ], [ -104.988148093951253, 39.575065533137945 ], [ -104.98342314450683, 39.568962525170996 ], [ -104.979494656463189, 39.562530333361764 ], [ -104.976400288168662, 39.555830984632685 ], [ -104.974169626886123, 39.548929064103305 ], [ -104.972823912098235, 39.541891090549228 ], [ -104.972375840340291, 39.534784873906567 ], [ -104.972829453075946, 39.527678861080183 ], [ -104.974180108303344, 39.52064147639792 ], [ -104.976414535759773, 39.513740463074406 ], [ -104.979510974790529, 39.507042232007954 ], [ -104.983439393169618, 39.500611224133706 ], [ -104.984436512899208, 39.499322923673937 ], [ -104.979167609148902, 39.495621640138879 ], [ -104.97300270570463, 39.490348700032641 ], [ -104.967535455216975, 39.484632686696209 ], [ -104.962818430076013, 39.478528749025287 ], [ -104.958896927914864, 39.472095763867763 ], [ -104.955808540423291, 39.465395765448008 ], [ -104.953582798086472, 39.458493344834579 ], [ -104.952240894005428, 39.451455025353759 ], [ -104.951795489138092, 39.444348620060282 ], [ -104.9522506004744, 39.437242577523669 ], [ -104.953601572831559, 39.430205322272229 ], [ -104.955835134137516, 39.423304596258134 ], [ -104.958929533269483, 39.416606807667073 ], [ -104.962854758737265, 39.410176393295338 ], [ -104.967572835755249, 39.404075200559639 ], [ -104.973038198537182, 39.398361894991275 ], [ -104.979198133981299, 39.393091398800301 ], [ -104.985993292290999, 39.388314365780666 ], [ -104.991041547730561, 39.385409797185616 ], [ -104.995165066911454, 39.381095814043022 ], [ -105.00132182020036, 39.375824130646187 ] ] ], [ [ [ -105.334560187004129, 39.456114339516873 ], [ -105.341911029395106, 39.451854703942935 ], [ -105.349764193741976, 39.448173632876383 ], [ -105.358044175611852, 39.445106483848967 ], [ -105.366671404911997, 39.442682713042124 ], [ -105.375563005649241, 39.440925594739461 ], [ -105.384633586072951, 39.439851999771989 ], [ -105.393796051896388, 39.439472234991968 ], [ -105.402962435112869, 39.439789945248137 ], [ -105.412044730801725, 39.440802078759944 ], [ -105.420955734258882, 39.442498916205871 ], [ -105.429609870784788, 39.444864163257506 ], [ -105.437924010518799, 39.447875105708128 ], [ -105.445818260826485, 39.451502825769246 ], [ -105.45321672892085, 39.455712477544616 ], [ -105.460048247632173, 39.460463619142857 ], [ -105.466247057534318, 39.465710598360921 ], [ -105.471753438984251, 39.47140298836851 ], [ -105.476514288040221, 39.477486069347691 ], [ -105.480483630685328, 39.48390135160215 ], [ -105.483623070302315, 39.490587135245804 ], [ -105.485902163913551, 39.497479101219106 ], [ -105.48729872332008, 39.504510928064164 ], [ -105.48779903793853, 39.511614928621725 ], [ -105.487398016841624, 39.518722700597465 ], [ -105.48609924825297, 39.525765784784035 ], [ -105.483914975521159, 39.532676324622464 ], [ -105.480865989400016, 39.539387720742951 ], [ -105.479382250188365, 39.541850576647832 ], [ -105.482637735262117, 39.541204869533395 ], [ -105.491719609335078, 39.540122871744764 ], [ -105.500894571044228, 39.539734598039239 ], [ -105.510074533274022, 39.540043774552487 ], [ -105.519171361789063, 39.541047431101617 ], [ -105.528097713554388, 39.542735929510222 ], [ -105.536767867793301, 39.545093055379773 ], [ -105.545098542162577, 39.548096172463019 ], [ -105.553009686540179, 39.551716438219408 ], [ -105.560425247096376, 39.555919078568962 ], [ -105.567273893551189, 39.560663719312124 ], [ -105.573489702813944, 39.565904771155132 ], [ -105.579012792549761, 39.571591864776948 ], [ -105.583789898625113, 39.577670331898958 ], [ -105.58777489084639, 39.584081727877354 ], [ -105.590929221923517, 39.590764390934353 ], [ -105.593222305158932, 39.597654032781371 ], [ -105.594631816982243, 39.604684355070162 ], [ -105.595143921115053, 39.611787685839531 ], [ -105.594753411858306, 39.618895629907769 ], [ -105.593463774739391, 39.625939727000919 ], [ -105.591287163531263, 39.632852111301496 ], [ -105.588244293457933, 39.639566166059382 ], [ -105.584364251218474, 39.646017166922995 ], [ -105.579684223289448, 39.652142907728752 ], [ -105.574249144794408, 39.657884302628553 ], [ -105.568111272047645, 39.663185958640277 ], [ -105.561329682680238, 39.6679967129717 ], [ -105.553969708026884, 39.672270129794256 ], [ -105.546102303184512, 39.67596495152533 ], [ -105.537803360835028, 39.679045500114732 ], [ -105.529152975547817, 39.68148202431663 ], [ -105.520234665831524, 39.683250989458998 ], [ -105.511134561681772, 39.684335306793074 ], [ -105.501940565764116, 39.684724500108409 ], [ -105.492741496673148, 39.684414807928867 ], [ -105.490914133145296, 39.684213274814276 ], [ -105.489493610032568, 39.687334343055781 ], [ -105.485601722906949, 39.693782066560324 ], [ -105.480909749016803, 39.699903851667408 ], [ -105.47546273913126, 39.705640650187057 ], [ -105.469313065271649, 39.710937113055152 ], [ -105.462519919692411, 39.715742127247992 ], [ -105.455148746126838, 39.720009312086077 ], [ -105.447270608720459, 39.723697469990597 ], [ -105.438961504757458, 39.726770987192545 ], [ -105.430301627907838, 39.729200180381604 ], [ -105.421374589276937, 39.730961585812963 ], [ -105.412266604015315, 39.732038187961102 ], [ -105.40306565163948, 39.73241958541356 ], [ -105.393860618514069, 39.732102092327487 ], [ -105.384740431152011, 39.731088774421487 ], [ -105.37579318909512, 39.729389419136901 ], [ -105.367105306142989, 39.72702044026817 ], [ -105.358760668602159, 39.724004718024332 ], [ -105.350839819033098, 39.720371376135219 ], [ -105.343419173680758, 39.71615549824849 ], [ -105.336570281391843, 39.711397786471196 ], [ -105.330359131353759, 39.706144165484226 ], [ -105.324845516443546, 39.700445336194122 ], [ -105.320082458358357, 39.694356283379456 ], [ -105.316115700022607, 39.687935742230721 ], [ -105.312983270038146, 39.681245629073636 ], [ -105.310715123175171, 39.674350441897289 ], [ -105.309332860102558, 39.667316636582221 ], [ -105.30884952873636, 39.660211984935493 ], [ -105.309269508755435, 39.653104920788763 ], [ -105.310588480003545, 39.646063880501529 ], [ -105.31279347467418, 39.63915664423601 ], [ -105.315863012370187, 39.632449684331498 ], [ -105.319767316348674, 39.626007527008021 ], [ -105.324468608511935, 39.619892133473044 ], [ -105.329921479992038, 39.614162306293345 ], [ -105.336073333505539, 39.608873126629177 ], [ -105.342864893029983, 39.604075427615165 ], [ -105.350230775778144, 39.599815308812332 ], [ -105.358100120923154, 39.596133696254924 ], [ -105.366397269059476, 39.593065952176673 ], [ -105.375042485971662, 39.590641538028549 ], [ -105.383952723928473, 39.588883733898022 ], [ -105.393042413422592, 39.587809416913345 ], [ -105.40222427803792, 39.58742890066857 ], [ -105.411410164946886, 39.587745837141888 ], [ -105.413234769706889, 39.587948639148671 ], [ -105.414656737065073, 39.584828442618296 ], [ -105.416143675597866, 39.582366413968536 ], [ -105.41288563546938, 39.583010267520585 ], [ -105.403796891975588, 39.584086132871967 ], [ -105.394615478024875, 39.584466771350172 ], [ -105.385430089794895, 39.584148504530376 ], [ -105.376329462563504, 39.583134405581824 ], [ -105.367401505510003, 39.581434269357473 ], [ -105.358732444854169, 39.579064516957111 ], [ -105.350405983983734, 39.576048035726998 ], [ -105.342502489026572, 39.572413956309262 ], [ -105.335098208033628, 39.568197368987867 ], [ -105.328264531556769, 39.56343898218428 ], [ -105.322067301938858, 39.558184726531003 ], [ -105.31656617808828, 39.552485308487434 ], [ -105.311814061895902, 39.546395717954177 ], [ -105.307856591776499, 39.539974694784846 ], [ -105.304731708091708, 39.533284159484218 ], [ -105.302469294443753, 39.526388613713877 ], [ -105.301090898032712, 39.51935451650008 ], [ -105.30060953145248, 39.51224964225014 ], [ -105.301029557472901, 39.505142426833629 ], [ -105.302346657526982, 39.498101308069849 ], [ -105.304547883802542, 39.491194066988491 ], [ -105.307611794033562, 39.484487176191173 ], [ -105.311508667307521, 39.478045161544216 ], [ -105.316200798456222, 39.471929983276794 ], [ -105.321642867885956, 39.466200442346796 ], [ -105.327782383032712, 39.460911617672856 ], [ -105.334560187004129, 39.456114339516873 ] ] ], [ [ [ -105.634023866350049, 39.675656872746814 ], [ -105.641379198092125, 39.671378420985391 ], [ -105.649240924250776, 39.667677186309874 ], [ -105.657533456492573, 39.66458871890957 ], [ -105.66617710324374, 39.662142678546651 ], [ -105.675088830642721, 39.66036255211408 ], [ -105.684183054193682, 39.659265430104448 ], [ -105.693372453802624, 39.658861844041844 ], [ -105.702568804695744, 39.659155666366303 ], [ -105.711683816598125, 39.660144073685792 ], [ -105.72062997348857, 39.661817573728854 ], [ -105.729321366241948, 39.664160095747391 ], [ -105.737674510527285, 39.667149143536918 ], [ -105.745609142443456, 39.670756009666384 ], [ -105.753048984549068, 39.674946048945699 ], [ -105.759922475174434, 39.679679008610414 ], [ -105.766163454195663, 39.684909412174591 ], [ -105.771711798798478, 39.690586993399613 ], [ -105.776514003165772, 39.696657176350676 ], [ -105.78052369648475, 39.703061597072079 ], [ -105.783702094185386, 39.709738662006437 ], [ -105.786018377890926, 39.716624137921052 ], [ -105.787450000179305, 39.723651767785 ], [ -105.787982910919297, 39.730753906771945 ], [ -105.787611702651972, 39.737862172345004 ], [ -105.786339673233243, 39.744908102218261 ], [ -105.784178804728896, 39.751823813883178 ], [ -105.781149658355361, 39.758542659343078 ], [ -105.777281186078909, 39.764999868714547 ], [ -105.772610460314297, 39.771133176431725 ], [ -105.767182323994348, 39.776883423930919 ], [ -105.761048964102116, 39.782195132894991 ], [ -105.754269412560163, 39.787017043402066 ], [ -105.74690897914482, 39.791302611646643 ], [ -105.739038621827135, 39.795010462282377 ], [ -105.730734260628054, 39.798104790871086 ], [ -105.722076041700248, 39.800555712406968 ], [ -105.713147558906684, 39.80233955241485 ], [ -105.704035040646346, 39.803439077690193 ], [ -105.694826510072929, 39.803843664351859 ], [ -105.685610927157597, 39.803549401507013 ], [ -105.6764773212563, 39.802559129476833 ], [ -105.667513922951741, 39.800882412193339 ], [ -105.658807303950056, 39.798535444042614 ], [ -105.650441533719658, 39.795540892092966 ], [ -105.642497361368811, 39.791927675298716 ], [ -105.635051430969796, 39.787730682903735 ], [ -105.628175538157677, 39.782990434877732 ], [ -105.621935935365912, 39.777752687794617 ], [ -105.616392692515845, 39.772067990100126 ], [ -105.611599119362552, 39.765991191210169 ], [ -105.607601255022985, 39.759580909326139 ], [ -105.604437429484861, 39.752898963245059 ], [ -105.60213790112573, 39.746009773777914 ], [ -105.60072457347178, 39.738979740664043 ], [ -105.60021079360601, 39.73187660108448 ], [ -105.600601233803701, 39.724768776027894 ], [ -105.601891857141865, 39.717724710851655 ], [ -105.604069967005358, 39.710812216405827 ], [ -105.60711433960509, 39.704097817052329 ], [ -105.610995437840728, 39.697646111814741 ], [ -105.615675704088176, 39.691519154739581 ], [ -105.621109928776491, 39.68577586034025 ], [ -105.627245690945742, 39.680471439731043 ], [ -105.634023866350049, 39.675656872746814 ] ] ], [ [ [ -105.30054485939786, 39.780499320283106 ], [ -105.307355653073358, 39.775703765631754 ], [ -105.314741922780613, 39.771445943330995 ], [ -105.322632612384496, 39.767766756737593 ], [ -105.330951858351725, 39.764701544246179 ], [ -105.339619715430558, 39.762279742554746 ], [ -105.348552919909224, 39.760524606336475 ], [ -105.357665683357041, 39.759452986898502 ], [ -105.366870509513703, 39.759075171860388 ], [ -105.376079026813471, 39.759394787322492 ], [ -105.385202828909812, 39.760408763419576 ], [ -105.394154315506142, 39.762107363573257 ], [ -105.402847525795252, 39.764474277173633 ], [ -105.411198956868304, 39.767486774838162 ], [ -105.413454326854705, 39.768519112976861 ], [ -105.420996291753156, 39.76820600593291 ], [ -105.430206238174378, 39.768521318989087 ], [ -105.439332001733774, 39.769531027936232 ], [ -105.448285963527042, 39.771225436997511 ], [ -105.456982139287774, 39.773588275661226 ], [ -105.465336998007984, 39.77659685356371 ], [ -105.47327025804654, 39.780222276531404 ], [ -105.480705653376461, 39.784429721795462 ], [ -105.48757166285543, 39.789178769842984 ], [ -105.493802195696915, 39.794423789842163 ], [ -105.499337226669653, 39.800114375074287 ], [ -105.504123374960628, 39.806195824332356 ], [ -105.508114421101268, 39.812609664803759 ], [ -105.511271756874137, 39.81929421155148 ], [ -105.513564763688962, 39.826185158345503 ], [ -105.514971115537321, 39.833216194279032 ], [ -105.515477003302493, 39.840319640335402 ], [ -105.515077277910891, 39.847427099855615 ], [ -105.513775510558304, 39.854470116694387 ], [ -105.511583969023064, 39.861380834749966 ], [ -105.508523509882323, 39.868092652507535 ], [ -105.50462338726885, 39.87454086625484 ], [ -105.499920979637224, 39.880663295707564 ], [ -105.494461436839245, 39.886400885924658 ], [ -105.488297250631405, 39.891698279599019 ], [ -105.481487752540318, 39.896504354075034 ], [ -105.474098543786539, 39.900772717771083 ], [ -105.466200862701555, 39.904462161067435 ], [ -105.457870895758006, 39.907537057158102 ], [ -105.4491890389574, 39.909967708850509 ], [ -105.440239116876853, 39.911730637829372 ], [ -105.431107567154157, 39.91280881347118 ], [ -105.421882598584119, 39.913191818899648 ], [ -105.412653331302423, 39.912875952603301 ], [ -105.404893097580512, 39.91201745003476 ], [ -105.406088462843499, 39.91803441603173 ], [ -105.406583820740025, 39.925138288899923 ], [ -105.406172431116389, 39.932245330777697 ], [ -105.404857976416466, 39.939287088878743 ], [ -105.402652845787273, 39.946195718520968 ], [ -105.399578026158125, 39.952904637586954 ], [ -105.395662909762507, 39.9593491695803 ], [ -105.390945019582219, 39.965467169015881 ], [ -105.385469655026412, 39.971199623025328 ], [ -105.37928946098161, 39.976491223265391 ], [ -105.372463924173545, 39.981290902483337 ], [ -105.365058801556572, 39.985552330420909 ], [ -105.357145486181977, 39.98923436412224 ], [ -105.348800316681761, 39.992301448148538 ], [ -105.340103837129618, 39.994723960690493 ], [ -105.331140014597338, 39.996478502100224 ], [ -105.321995422202917, 39.997548122937459 ], [ -105.312758395839921, 39.997922489227442 ], [ -105.303518173079553, 39.997597983260292 ], [ -105.294364022941679, 39.996577738910553 ], [ -105.285384375337159, 39.994871611118185 ], [ -105.276665958987962, 39.992496079838226 ], [ -105.268292956533827, 39.989474089428946 ], [ -105.260346185337525, 39.985834825099801 ], [ -105.252902312206032, 39.981613428673377 ], [ -105.246033109859766, 39.976850656522771 ], [ -105.239804762509081, 39.971592483120169 ], [ -105.234277227347874, 39.965889654168542 ], [ -105.229503658152609, 39.959797193779693 ], [ -105.225529896494493, 39.953373870604274 ], [ -105.222394035339761, 39.94668162820809 ], [ -105.220126059040069, 39.939784985320792 ], [ -105.218747562911631, 39.93275041185553 ], [ -105.218271554778269, 39.925645686808394 ], [ -105.218702340020045, 39.918539244295594 ], [ -105.220035490835642, 39.911499514070407 ], [ -105.222257899601331, 39.904594262885652 ], [ -105.22534791540177, 39.897889943027749 ], [ -105.229275562024284, 39.891451054249593 ], [ -105.234002834956542, 39.885339525172284 ], [ -105.239484074212612, 39.879614120013166 ], [ -105.2456664091401, 39.874329876233041 ], [ -105.252490270735109, 39.869537578380331 ], [ -105.259889966415528, 39.865283273051297 ], [ -105.267794311679637, 39.861607829483148 ], [ -105.276127312608679, 39.858546549858261 ], [ -105.279575717528232, 39.85758630813028 ], [ -105.277361336200102, 39.852862953184612 ], [ -105.275090999275278, 39.8459672814218 ], [ -105.273708819848594, 39.838933259511862 ], [ -105.273227842643877, 39.831828661341262 ], [ -105.273652422261335, 39.82472192008732 ], [ -105.27497819191349, 39.817681468733433 ], [ -105.277192116148768, 39.810775081386687 ], [ -105.280272626645669, 39.804069221725392 ], [ -105.284189839378058, 39.797628404804897 ], [ -105.288905850700587, 39.791514578293729 ], [ -105.294375109188962, 39.785786529000035 ], [ -105.30054485939786, 39.780499320283106 ] ] ], [ [ [ -105.127269199655743, 39.988732820919843 ], [ -105.134112682600687, 39.983947549032941 ], [ -105.141532033365664, 39.979700843706873 ], [ -105.149455879837859, 39.976033500768715 ], [ -105.157808042164461, 39.972980744326954 ], [ -105.166508261364044, 39.970571891146108 ], [ -105.175472965481219, 39.968830071472532 ], [ -105.184616066165447, 39.967772008880871 ], [ -105.193849778317642, 39.967407861162933 ], [ -105.203085455268948, 39.967741123718405 ], [ -105.212234431837174, 39.968768596331742 ], [ -105.221208867546011, 39.970480413638796 ], [ -105.229922582291067, 39.972860139003046 ], [ -105.238291876795145, 39.975884920939841 ], [ -105.246236330312499, 39.97952571065268 ], [ -105.253679568218359, 39.983747538681982 ], [ -105.260549992355422, 39.988509848119314 ], [ -105.266781467302962, 39.993766881312744 ], [ -105.272313956086606, 39.999468116485964 ], [ -105.277094099256175, 40.005558750220302 ], [ -105.281075731725096, 40.011980221308093 ], [ -105.284220332285187, 40.018670771082824 ], [ -105.286497401284535, 40.025566034969593 ], [ -105.287884762578813, 40.032599659683434 ], [ -105.288368786537319, 40.039703940235036 ], [ -105.28794453159675, 40.046810470687937 ], [ -105.286615802606775, 40.053850802451748 ], [ -105.284395124992827, 40.060757103792284 ], [ -105.281303634569085, 40.067462814197754 ], [ -105.277370883659287, 40.073903287258354 ], [ -105.272634565017384, 40.080016415798156 ], [ -105.267140155874145, 40.085743233141741 ], [ -105.260940485261898, 40.091028484605381 ], [ -105.254095228574897, 40.095821163569724 ], [ -105.246670334099662, 40.100075006819658 ], [ -105.238737386986173, 40.10374894422084 ], [ -105.230372916816691, 40.106807498241984 ], [ -105.22165765555502, 40.10922112931938 ], [ -105.212675753215578, 40.110966523593234 ], [ -105.203513959069866, 40.112026820117769 ], [ -105.1942607766007, 40.112391775251467 ], [ -105.185005600715613, 40.112057862565827 ], [ -105.175837845935206, 40.111028307260781 ], [ -105.166846074376494, 40.109313054738003 ], [ -105.158117132353951, 40.106928673648724 ], [ -105.149735304321595, 40.10389819439596 ], [ -105.141781492680678, 40.100250884722378 ], [ -105.13433243168042, 40.096021964647328 ], [ -105.127459943251921, 40.091252263623446 ], [ -105.121230242140157, 40.085987823357485 ], [ -105.11570329714668, 40.080279450275142 ], [ -105.110932254672335, 40.074182222100099 ], [ -105.106962930066032, 40.067754953459364 ], [ -105.103833371550564, 40.061059625814714 ], [ -105.101573500721528, 40.054160787350362 ], [ -105.100204832810121, 40.047124928718986 ], [ -105.099740279075334, 40.040019840757267 ], [ -105.100184032855978, 40.032913960429603 ], [ -105.101531539978225, 40.025875711342771 ], [ -105.103769553388119, 40.018972845195648 ], [ -105.106876271069638, 40.012271790488775 ], [ -105.110821555525135, 40.005837014717514 ], [ -105.115567232342585, 39.999730406115731 ], [ -105.121067464658822, 39.99401068080256 ], [ -105.127269199655743, 39.988732820919843 ] ] ], [ [ [ -105.453508207434595, 40.211812781387856 ], [ -105.460932195805441, 40.207545761583916 ], [ -105.468865068785902, 40.203856667388486 ], [ -105.47723055801471, 40.200780930751023 ], [ -105.485948275484347, 40.198348087899589 ], [ -105.494934480963735, 40.19658149812382 ], [ -105.504102880188057, 40.195498121491795 ], [ -105.513365446443927, 40.195108357540029 ], [ -105.522633257997654, 40.19541594641418 ], [ -105.531817343693135, 40.196417933363612 ], [ -105.540829528984119, 40.198104696912431 ], [ -105.549583274663178, 40.200460040446359 ], [ -105.557994500605446, 40.203461346373786 ], [ -105.565982386962474, 40.207079791444606 ], [ -105.573470145414944, 40.211280621247823 ], [ -105.580385753327803, 40.216023481360395 ], [ -105.586662643943541, 40.221262802092703 ], [ -105.592240346099814, 40.226948233272751 ], [ -105.597065067366145, 40.233025125036448 ], [ -105.601090214958532, 40.239435050150632 ], [ -105.604276849310466, 40.246116362990485 ], [ -105.606594065751295, 40.253004789930642 ], [ -105.608019300364987, 40.260034045591283 ], [ -105.608538556772871, 40.267136469110639 ], [ -105.608146551295334, 40.274243674398512 ], [ -105.606846774699093, 40.281287208162759 ], [ -105.604651469518572, 40.28819920939543 ], [ -105.601581522748972, 40.294913063960585 ], [ -105.597666274534973, 40.301364047941163 ], [ -105.592943244315606, 40.307489953481337 ], [ -105.587457776723369, 40.31323169100154 ], [ -105.581262610364391, 40.318533861867216 ], [ -105.574417373416509, 40.32334529585777 ], [ -105.56698801076314, 40.327619548106988 ], [ -105.559046148121865, 40.331315350568673 ], [ -105.550668399318326, 40.334397013497167 ], [ -105.541935623487376, 40.336834772918863 ], [ -105.532932139545366, 40.338605080601546 ], [ -105.523744905761674, 40.339690833598738 ], [ -105.514462672655725, 40.340081541050594 ], [ -105.505175117752628, 40.339773426552959 ], [ -105.495971970939777, 40.338769465056089 ], [ -105.486942139276124, 40.33707935391751 ], [ -105.478172840112592, 40.334719418398699 ], [ -105.469748751286943, 40.33171245256024 ], [ -105.461751186960115, 40.328087497160979 ], [ -105.454257307367484, 40.323879556801479 ], [ -105.44733937037158, 40.319129259160427 ], [ -105.441064032229889, 40.313882459747823 ], [ -105.43549170443859, 40.308189796136929 ], [ -105.430675972889631, 40.302106196129245 ], [ -105.426663084894017, 40.295690344750732 ], [ -105.423491508887565, 40.289004115367725 ], [ -105.421191570858056, 40.282111970544008 ], [ -105.419785170724765, 40.275080338534266 ], [ -105.419285581072373, 40.267976971521136 ], [ -105.419697329803469, 40.260870291852349 ], [ -105.421016167434615, 40.253828732621109 ], [ -105.423229118931218, 40.246920078955945 ], [ -105.426314619163279, 40.240210816348934 ], [ -105.43024273027649, 40.233765492252282 ], [ -105.434975438516958, 40.2276460970172 ], [ -105.44046702732831, 40.221911470037213 ], [ -105.446664522864936, 40.216616736693723 ], [ -105.453508207434595, 40.211812781387856 ] ] ], [ [ [ -105.085216837663523, 40.311633693711627 ], [ -105.092674932893829, 40.307390315373148 ], [ -105.100639534752659, 40.303726470470806 ], [ -105.109034073533437, 40.300677348456141 ], [ -105.11777788548703, 40.298272230305301 ], [ -105.126786982746708, 40.296534209719496 ], [ -105.135974853762775, 40.295479973345302 ], [ -105.145253286859415, 40.295119642032176 ], [ -105.154533209346411, 40.295456674582432 ], [ -105.163725534500372, 40.296487834874547 ], [ -105.17274200866926, 40.298203222660376 ], [ -105.181496050753438, 40.300586367753084 ], [ -105.189903576375372, 40.303614386742758 ], [ -105.197883799167215, 40.307258200801527 ], [ -105.205360001783177, 40.311482812577857 ], [ -105.212260269478875, 40.316247639632287 ], [ -105.218518179394948, 40.321506901339731 ], [ -105.224073439035436, 40.327210055681114 ], [ -105.228872467841356, 40.33330228187355 ], [ -105.232868916228028, 40.339725004348111 ], [ -105.236024116976253, 40.346416453180623 ], [ -105.238307464442855, 40.353312255720112 ], [ -105.239696717682023, 40.360346053842235 ], [ -105.24017822424122, 40.367450140987984 ], [ -105.239747062111292, 40.374556112932069 ], [ -105.238407098063803, 40.381595526065013 ], [ -105.236199592484994, 40.388412155268455 ], [ -105.235866113806381, 40.393901416553923 ], [ -105.234525371756433, 40.400940763335548 ], [ -105.232288207608534, 40.407845698820417 ], [ -105.229175911830723, 40.4145496747593 ], [ -105.225218233616218, 40.420988060369865 ], [ -105.220453103043766, 40.427098767359212 ], [ -105.214926272945064, 40.432822851055718 ], [ -105.2086908836487, 40.438105081738748 ], [ -105.201806954579595, 40.442894480523712 ], [ -105.194340807475569, 40.447144814486954 ], [ -105.186364426723699, 40.450815046100878 ], [ -105.177954763009453, 40.453869732488101 ], [ -105.169192987102434, 40.456279370492283 ], [ -105.160163701161892, 40.458020684096432 ], [ -105.150954115427297, 40.459076851292238 ], [ -105.141653198553939, 40.459437668109409 ], [ -105.132350810156325, 40.45909964814615 ], [ -105.124727936925098, 40.458244596594653 ], [ -105.122817783443537, 40.462340381173568 ], [ -105.1188471565562, 40.468775093103979 ], [ -105.114069015295811, 40.4748813849437 ], [ -105.108529238495777, 40.480600354080266 ], [ -105.102281092084652, 40.485876819687505 ], [ -105.095384719441029, 40.49065985815357 ], [ -105.087906563374219, 40.494903297683251 ], [ -105.079918725246984, 40.498566167149257 ], [ -105.071498267447197, 40.501613094706912 ], [ -105.062726466045078, 40.504014652175783 ], [ -105.053688021032656, 40.505747641726295 ], [ -105.04447023202242, 40.506795321981855 ], [ -105.035162147676985, 40.507147571253725 ], [ -105.02710078516489, 40.506847463244895 ], [ -105.026149881943624, 40.508383252792051 ], [ -105.021360527595903, 40.514485674975965 ], [ -105.015809619341411, 40.520200164810724 ], [ -105.009550531121917, 40.525471584301819 ], [ -105.00264351265335, 40.530249058227177 ], [ -104.995155110345408, 40.534486468281592 ], [ -104.987157525385186, 40.538142901416734 ], [ -104.978727915203052, 40.541183047896077 ], [ -104.969947645169327, 40.543577545073795 ], [ -104.960901497928759, 40.545303263441376 ], [ -104.951676848260931, 40.546343532059254 ], [ -104.942362811747657, 40.546688301097426 ], [ -104.933049375829825, 40.546334239841791 ], [ -104.923826522038766, 40.545284769174188 ], [ -104.914783348289433, 40.543550028197771 ], [ -104.906007200121707, 40.54114677534578 ], [ -104.897582819672934, 40.538098224975144 ], [ -104.889591520959797, 40.534433821097366 ], [ -104.882110399745756, 40.530188950531752 ], [ -104.875211585875164, 40.525404598371821 ], [ -104.868961545473582, 40.520126949229102 ], [ -104.863420439853499, 40.514406938252016 ], [ -104.858641547334386, 40.50829975640719 ], [ -104.854670753493849, 40.501864314949572 ], [ -104.851546114625194, 40.495162674393967 ], [ -104.849297498393639, 40.48825944362855 ], [ -104.847946304871314, 40.481221155080156 ], [ -104.847505270299138, 40.474115622048188 ], [ -104.8479783550831, 40.467011284468512 ], [ -104.849360716691706, 40.45997654945031 ], [ -104.85163876729068, 40.453079132948126 ], [ -104.854790315138118, 40.446385408888808 ], [ -104.858784787975964, 40.439959771970827 ], [ -104.863583535898456, 40.433864020193312 ], [ -104.869140210461595, 40.428156762957187 ], [ -104.875401216122896, 40.422892860313105 ], [ -104.882306229474722, 40.418122898615223 ], [ -104.889788781157321, 40.41389270747775 ], [ -104.897776894815252, 40.410242922529207 ], [ -104.905183773685351, 40.407572755681969 ], [ -104.905088059861725, 40.4072793228625 ], [ -104.903732648714737, 40.400241582321122 ], [ -104.903286251758814, 40.393136155626188 ], [ -104.903752882261742, 40.386031481987295 ], [ -104.90512776094711, 40.37899597210864 ], [ -104.907397372977968, 40.372097349812627 ], [ -104.910539608613419, 40.36540200107541 ], [ -104.914523985782452, 40.358974336693393 ], [ -104.919311952064831, 40.352876174639867 ], [ -104.924857262852072, 40.347166147956585 ], [ -104.931106431787398, 40.341899143757722 ], [ -104.937999248957567, 40.337125778607813 ], [ -104.945469361732236, 40.332891915174542 ], [ -104.953444912624121, 40.329238224654034 ], [ -104.961849228074257, 40.326199799026966 ], [ -104.970601551655719, 40.323805816730257 ], [ -104.979617814834498, 40.322079264826925 ], [ -104.988811438131592, 40.321036720230062 ], [ -104.991384332673746, 40.320940193491104 ], [ -104.996723842833859, 40.319007512459365 ], [ -105.005474005837513, 40.316610888634571 ], [ -105.014488423233587, 40.314881616868682 ], [ -105.02368053304852, 40.313836300100732 ], [ -105.032962083394281, 40.313484973890162 ], [ -105.042243971944416, 40.313831010964869 ], [ -105.051437093185854, 40.314871089148561 ], [ -105.060453185698847, 40.316595222961347 ], [ -105.069205671716745, 40.318986858603502 ], [ -105.073474869447637, 40.320529184023293 ], [ -105.078336992461573, 40.316415842813932 ], [ -105.085216837663523, 40.311633693711627 ] ] ], [ [ [ -105.129085073284941, 40.51750733166854 ], [ -105.136563134324561, 40.513261244324582 ], [ -105.144549621608093, 40.509594471178325 ], [ -105.152967755620949, 40.506542229062319 ], [ -105.161736646873706, 40.504133828224994 ], [ -105.170772067943417, 40.50239239327891 ], [ -105.179987256140009, 40.50133464315018 ], [ -105.189293739390976, 40.500970732048167 ], [ -105.198602177758445, 40.501304152912468 ], [ -105.207823212883781, 40.502331704220431 ], [ -105.21686831759402, 40.504043520458097 ], [ -105.225650637903641, 40.506423165974624 ], [ -105.234085819703708, 40.509447791359953 ], [ -105.242092812547682, 40.513088350911154 ], [ -105.249594643120133, 40.517309879190854 ], [ -105.25651915121064, 40.522071824133867 ], [ -105.262799681309602, 40.527328433630991 ], [ -105.26837572329606, 40.533029192017032 ], [ -105.273193496098216, 40.53911930241614 ], [ -105.277206468675288, 40.545540210457382 ], [ -105.280375813191498, 40.552230164469933 ], [ -105.282670785829595, 40.559124806905707 ], [ -105.2840690313176, 40.566157791420189 ], [ -105.284556807916104, 40.573261419774305 ], [ -105.284129130331095, 40.580367292503801 ], [ -105.282789828771953, 40.587406967142286 ], [ -105.280551523162487, 40.594312617680181 ], [ -105.277435512325994, 40.601017688898516 ], [ -105.275007163404538, 40.604962974328927 ], [ -105.277588736088475, 40.605886019393516 ], [ -105.285609596573551, 40.609523457266683 ], [ -105.293124954180485, 40.613742043348431 ], [ -105.300062519303694, 40.618501254187564 ], [ -105.306355511316525, 40.623755364348888 ], [ -105.311943300439637, 40.629453882631005 ], [ -105.316771992540126, 40.635542034161254 ], [ -105.320794951199048, 40.641961283882736 ], [ -105.32397325190847, 40.648649896546438 ], [ -105.326276063834854, 40.655543527958258 ], [ -105.327680955212642, 40.662575841914638 ], [ -105.32817411910635, 40.669679146991001 ], [ -105.32775051699673, 40.676785047131972 ], [ -105.326413938402794, 40.683825099830017 ], [ -105.324929708635693, 40.688407658514677 ], [ -105.326323936835365, 40.691339414814351 ], [ -105.328628489075697, 40.69823294168193 ], [ -105.330034554072853, 40.705265170498151 ], [ -105.33052831300202, 40.712368410720934 ], [ -105.330104720996047, 40.719474266950748 ], [ -105.330080478068766, 40.71960191757865 ], [ -105.337526929026026, 40.716176665654153 ], [ -105.345962094592807, 40.713110403620917 ], [ -105.354750952087215, 40.710687359509663 ], [ -105.363809082737831, 40.708930797570325 ], [ -105.373049506761632, 40.707857581029138 ], [ -105.382383511277695, 40.707478011721385 ], [ -105.39172149405826, 40.707795732167313 ], [ -105.400973815394153, 40.708807690985715 ], [ -105.410051650289418, 40.710504171959464 ], [ -105.418867833198632, 40.712868886485445 ], [ -105.427337687577051, 40.715879128560488 ], [ -105.435379832631256, 40.719505990881622 ], [ -105.442916959832814, 40.723714640076267 ], [ -105.449876571993386, 40.72846464853135 ], [ -105.456191677992749, 40.73371037976257 ], [ -105.461801436604219, 40.739401423763454 ], [ -105.466651743271385, 40.745483078298989 ], [ -105.470695754157674, 40.751896871668244 ], [ -105.471452861076131, 40.753479167073458 ], [ -105.473140167731358, 40.750727973120298 ], [ -105.477904965214023, 40.744607186046885 ], [ -105.48343474369787, 40.738870812913589 ], [ -105.489676158835451, 40.733573994095067 ], [ -105.496569068660122, 40.728767632125709 ], [ -105.504047114027756, 40.724497905643197 ], [ -105.512038356753251, 40.720805828840469 ], [ -105.520465969336442, 40.717726860510119 ], [ -105.529248969754875, 40.715290566293369 ], [ -105.538302994443711, 40.713520337245235 ], [ -105.547541102282622, 40.712433167301647 ], [ -105.556874602170666, 40.712039491688351 ], [ -105.565166254072537, 40.712309069407233 ], [ -105.565176766714401, 40.712303056501618 ], [ -105.573163133485366, 40.708606771990418 ], [ -105.581586346918399, 40.705523363828895 ], [ -105.590365466713607, 40.703082440228386 ], [ -105.599416166102358, 40.70130743658229 ], [ -105.608651535501963, 40.700215392515524 ], [ -105.617982909805235, 40.699816789864713 ], [ -105.627320711705991, 40.700115453070985 ], [ -105.63657530333991, 40.701108512894336 ], [ -105.645657838457694, 40.702786433778357 ], [ -105.654481107343614, 40.705133104611733 ], [ -105.658566353931334, 40.706575168238025 ], [ -105.658548135434046, 40.706330408697482 ], [ -105.658936734974773, 40.69922358420056 ], [ -105.660238561492122, 40.692179952162427 ], [ -105.662440796965882, 40.685267318559355 ], [ -105.665521972634551, 40.678552207688433 ], [ -105.669452185700393, 40.672099223372591 ], [ -105.674193396068773, 40.665970429354992 ], [ -105.679699799931925, 40.660224754750622 ], [ -105.6859182763272, 40.654917430158456 ], [ -105.69278890216539, 40.650099459725404 ], [ -105.700245530642476, 40.645817134094671 ], [ -105.708216427418179, 40.642111588771208 ], [ -105.716624958470874, 40.639018411998876 ], [ -105.725390323121403, 40.636567305772751 ], [ -105.734428325358721, 40.63478180310959 ], [ -105.743652176300785, 40.63367904417413 ], [ -105.752973320381798, 40.633269613312855 ], [ -105.762302277675829, 40.633557438485582 ], [ -105.771549494643395, 40.634539754012202 ], [ -105.780626195525031, 40.636207126971101 ], [ -105.789445226601444, 40.638543547004488 ], [ -105.797921885595713, 40.641526578704237 ], [ -105.805974728606955, 40.645127575178869 ], [ -105.813526347139813, 40.649311950838658 ], [ -105.820504108025531, 40.654039510888978 ], [ -105.826840849323304, 40.659264834494181 ], [ -105.832475525639452, 40.664937708070596 ], [ -105.837353796710246, 40.671003604693205 ], [ -105.841428553558217, 40.677404205158069 ], [ -105.844660377051298, 40.684077955837367 ], [ -105.847017924267035, 40.690960658100366 ], [ -105.848478238687804, 40.697986083753982 ], [ -105.849026980923838, 40.705086610685569 ], [ -105.848658577375971, 40.712193872671413 ], [ -105.847376285002682, 40.719239417150064 ], [ -105.845192171142898, 40.726155364652037 ], [ -105.842127008158087, 40.732875063530237 ], [ -105.838210083488875, 40.739333733648813 ], [ -105.833478926563444, 40.745469092763905 ], [ -105.827978954838429, 40.751221959468921 ], [ -105.821763042088406, 40.756536826777463 ], [ -105.814891012877553, 40.761362400680646 ], [ -105.807429067935075, 40.765652098337952 ], [ -105.799449145905129, 40.769364500940732 ], [ -105.791028227641334, 40.772463756722466 ], [ -105.782247589855118, 40.774919930073587 ], [ -105.773192015496335, 40.776709293248985 ], [ -105.763948968736813, 40.777814557725208 ], [ -105.754607742831425, 40.778225042868314 ], [ -105.74525858944493, 40.777936780202602 ], [ -105.735991838246989, 40.77695255222104 ], [ -105.726897015691492, 40.775281865340617 ], [ -105.718061971906877, 40.77294085727258 ], [ -105.713971387748643, 40.771500960365508 ], [ -105.713989830488657, 40.77174570657273 ], [ -105.713606781588368, 40.778852582407445 ], [ -105.712309033447681, 40.78589667842148 ], [ -105.710108801709495, 40.792810128253045 ], [ -105.707027013760296, 40.799526303476306 ], [ -105.703093117301918, 40.805980457098528 ], [ -105.698344805711088, 40.812110349652343 ], [ -105.692827662482429, 40.817856851756595 ], [ -105.686594727887396, 40.823164517222452 ], [ -105.679705991799324, 40.827982121044322 ], [ -105.672227817423703, 40.832263156939931 ], [ -105.664232301422686, 40.835966289484382 ], [ -105.655796576621313, 40.839055756318629 ], [ -105.647002064123015, 40.841501716398369 ], [ -105.637933682230283, 40.84328054077956 ], [ -105.635062431341893, 40.8436201923396 ], [ -105.634166928616892, 40.8442455908786 ], [ -105.637267444506207, 40.845965483059508 ], [ -105.644253642498782, 40.850703476875829 ], [ -105.65059562721342, 40.855938262850721 ], [ -105.656232300587561, 40.861619536954088 ], [ -105.661109300461519, 40.867692691812934 ], [ -105.665179527047059, 40.874099338530876 ], [ -105.668403601514612, 40.880777865206326 ], [ -105.670750252096596, 40.887664026916184 ], [ -105.672196623730272, 40.894691561613307 ], [ -105.672728507937649, 40.901792826115873 ], [ -105.67234049035676, 40.908899446147608 ], [ -105.671036014095321, 40.915942974224919 ], [ -105.668827357866817, 40.922855549080168 ], [ -105.66573552868492, 40.929570550263328 ], [ -105.661790069726678, 40.936023241579797 ], [ -105.657028784820127, 40.94215139709798 ], [ -105.651497381858889, 40.947895903601072 ], [ -105.645249038284334, 40.953201333558908 ], [ -105.638343892596097, 40.958016482961071 ], [ -105.630848466642703, 40.962294868675244 ], [ -105.622835024194799, 40.965995180377156 ], [ -105.614380872005199, 40.969081682533727 ], [ -105.605567610199714, 40.971524562406735 ], [ -105.596480339413773, 40.97330022057529 ], [ -105.587206832581046, 40.97439150104573 ], [ -105.577836679685262, 40.974787858622207 ], [ -105.568460414098681, 40.974485461841645 ], [ -105.559168629342963, 40.973487230427764 ], [ -105.550051095221392, 40.971802806881833 ], [ -105.541195882278046, 40.969448462495187 ], [ -105.532688503444689, 40.96644693873273 ], [ -105.524611081537415, 40.962827225590225 ], [ -105.517041550968457, 40.958624279163011 ], [ -105.510052901646901, 40.953878681272705 ], [ -105.503712472563109, 40.948636244575724 ], [ -105.500920438843593, 40.945815856011201 ], [ -105.5003664365465, 40.946389074866381 ], [ -105.494106050732427, 40.95168638675311 ], [ -105.487189986338905, 40.95649254848469 ], [ -105.479684872063004, 40.960761163564044 ], [ -105.471663066611811, 40.964451016015936 ], [ -105.463201958784964, 40.967526471451933 ], [ -105.45438321701711, 40.969957824084027 ], [ -105.445291995805206, 40.971721586195265 ], [ -105.43601610693652, 40.972800717147472 ], [ -105.426645163834806, 40.973184789610222 ], [ -105.420519395839264, 40.972979257659269 ], [ -105.415456670429677, 40.974816576099968 ], [ -105.406635176823059, 40.977244286423122 ], [ -105.397541654446769, 40.979004291578754 ], [ -105.38826393760479, 40.980079587345394 ], [ -105.378891657591836, 40.980459783590035 ], [ -105.369515368603942, 40.980141205666385 ], [ -105.360225664285977, 40.97912693031337 ], [ -105.351112293866407, 40.977426755688199 ], [ -105.342263286835689, 40.975057105835525 ], [ -105.333764095025543, 40.972040870558978 ], [ -105.325696760745814, 40.968407182313712 ], [ -105.318139119335896, 40.964191132373031 ], [ -105.311164044094156, 40.959433429130684 ], [ -105.304838741067059, 40.954180001975935 ], [ -105.299224100618389, 40.948481554715187 ], [ -105.294374112066023, 40.942393073006592 ], [ -105.290335346978679, 40.935973290716078 ], [ -105.28714651597879, 40.929284120492859 ], [ -105.284838103109408, 40.922390054193592 ], [ -105.283432081005515, 40.915357539056885 ], [ -105.282941709271086, 40.908254335739436 ], [ -105.283371417616308, 40.901148864473406 ], [ -105.284716774461216, 40.894109545688266 ], [ -105.286645868085742, 40.88818323165669 ], [ -105.286421735928201, 40.888103463468546 ], [ -105.278367204657016, 40.884466367865322 ], [ -105.270822140218058, 40.880247114088966 ], [ -105.26385929390662, 40.875486441158024 ], [ -105.257545753336331, 40.870230306764569 ], [ -105.251942295174345, 40.864529440434708 ], [ -105.247102800888896, 40.858438850729243 ], [ -105.246015413444511, 40.8567058981345 ], [ -105.242727741440603, 40.858211535020963 ], [ -105.234269442668463, 40.86127024084832 ], [ -105.225456312370071, 40.863684114057186 ], [ -105.216373451450835, 40.865429836577029 ], [ -105.207108591040992, 40.866490542893985 ], [ -105.197751237624132, 40.866855984539725 ], [ -105.188391800188342, 40.866522630080681 ], [ -105.179120708228353, 40.865493699594126 ], [ -105.170027529533243, 40.863779133280936 ], [ -105.161200096697087, 40.861395494531905 ], [ -105.152723651188765, 40.858365808428459 ], [ -105.144680013615087, 40.854719337310982 ], [ -105.137146788509554, 40.85049129568138 ], [ -105.130196611584779, 40.845722507313901 ], [ -105.123896446903842, 40.840459008023309 ], [ -105.118306940864812, 40.834751598074455 ], [ -105.11348183925864, 40.828655348708921 ], [ -105.109467472967651, 40.822229067705237 ], [ -105.106302317124573, 40.815534729277061 ], [ -105.104016627766867, 40.808636873943954 ], [ -105.102632159203054, 40.801601984279849 ], [ -105.102161964472032, 40.794497842653463 ], [ -105.102610280430255, 40.787392877220988 ], [ -105.103972498155883, 40.780355502514247 ], [ -105.105935534758046, 40.774367679887874 ], [ -105.10121109393684, 40.775271826961898 ], [ -105.091956912184159, 40.776323288631325 ], [ -105.082611570465261, 40.776679382891601 ], [ -105.073265360898432, 40.776336669045541 ], [ -105.064008584141476, 40.775298457953731 ], [ -105.054930668476047, 40.773574779748053 ], [ -105.046119297725511, 40.771182286010522 ], [ -105.037659556826341, 40.768144087407769 ], [ -105.029633103670179, 40.764489528423418 ], [ -105.028264737798892, 40.763718437377101 ], [ -105.025725550181178, 40.765849851437416 ], [ -105.018794864235957, 40.770628098193626 ], [ -105.011280565399375, 40.774866381739479 ], [ -105.003255105100052, 40.778523779693344 ], [ -104.994795910718452, 40.781564972158456 ], [ -104.985984634626121, 40.783960585633253 ], [ -104.976906360676026, 40.785687479192845 ], [ -104.967648776061452, 40.786728970056231 ], [ -104.958301316858311, 40.787074996261325 ], [ -104.948954295867281, 40.786722214802076 ], [ -104.939698021577087, 40.785674034234006 ], [ -104.9306219171729, 40.783940581418356 ], [ -104.921813648513236, 40.781538602741676 ], [ -104.913358269894673, 40.778491300811467 ], [ -104.905337396218556, 40.774828108280161 ], [ -104.897828409870087, 40.770584401081862 ], [ -104.890903710222844, 40.76580115397357 ], [ -104.884630013198645, 40.760524541844816 ], [ -104.879067707748902, 40.754805490794851 ], [ -104.874270275490133, 40.748699183464758 ], [ -104.870283779031624, 40.742264523552493 ], [ -104.86714642378719, 40.735563564823849 ], [ -104.864888197277068, 40.728660910261134 ], [ -104.863530589109743, 40.721623087260014 ], [ -104.863086393998131, 40.714517904992185 ], [ -104.86355959932007, 40.707413800195404 ], [ -104.864945357889439, 40.700379177734497 ], [ -104.867230045769844, 40.69348175229522 ], [ -104.870391404147256, 40.686787897530806 ], [ -104.874398763487974, 40.680362008877836 ], [ -104.875404573992711, 40.679088582316552 ], [ -104.873982668573291, 40.674740517436135 ], [ -104.872625182488548, 40.667702735659894 ], [ -104.872180364238417, 40.660597520904091 ], [ -104.872652207996339, 40.653493310253104 ], [ -104.874035880462088, 40.646458509665806 ], [ -104.876317778512131, 40.63956083565617 ], [ -104.87947567084413, 40.632866664417648 ], [ -104.883478921845352, 40.626440394609055 ], [ -104.888288795157379, 40.620343829858832 ], [ -104.893858833690913, 40.614635586829891 ], [ -104.900135312168999, 40.609370534419547 ], [ -104.90705775764863, 40.604599269352796 ], [ -104.914559532893549, 40.600367633066 ], [ -104.922568476946637, 40.596716274375162 ], [ -104.931007596781541, 40.593680261983231 ], [ -104.939795803501255, 40.59128875040723 ], [ -104.948848686197024, 40.589564702404374 ], [ -104.958079316285193, 40.588524670449665 ], [ -104.967399074902801, 40.588178639270488 ], [ -104.976718495765098, 40.588529930881641 ], [ -104.98594811576956, 40.589575172990429 ], [ -104.994999325571982, 40.591304331061146 ], [ -105.003785212360214, 40.593700803745591 ], [ -105.012221387110813, 40.596741580806146 ], [ -105.020226788732586, 40.600397462084082 ], [ -105.027724457678801, 40.604633335503593 ], [ -105.034642271847702, 40.609408511555344 ], [ -105.040913637886206, 40.614677111176711 ], [ -105.04647813136728, 40.620388503444389 ], [ -105.05128207972291, 40.626487789021368 ], [ -105.055279082284699, 40.632916324861064 ], [ -105.056075318034488, 40.634608278720322 ], [ -105.063872611027563, 40.633116025092761 ], [ -105.073107441165391, 40.63206680574428 ], [ -105.07526287981662, 40.631984745210566 ], [ -105.075307533270617, 40.631279956243858 ], [ -105.076669474847151, 40.624242713094361 ], [ -105.078929764738533, 40.617341021855466 ], [ -105.082066378961869, 40.610641298505271 ], [ -105.086048885644743, 40.604207996151999 ], [ -105.090838746673583, 40.598102986976563 ], [ -105.096389695858477, 40.592384969605632 ], [ -105.097514317053026, 40.591436973036295 ], [ -105.096284990066934, 40.587712985296278 ], [ -105.094905945328506, 40.580677726795344 ], [ -105.094438166549338, 40.57357327834913 ], [ -105.094885870524024, 40.566468070937262 ], [ -105.096244457445806, 40.559430521458609 ], [ -105.098500566269976, 40.552528374254926 ], [ -105.101632214008887, 40.545828049915322 ], [ -105.10560901721152, 40.539394007584008 ], [ -105.110392493122987, 40.533288126835032 ], [ -105.115936437299865, 40.527569114964109 ], [ -105.122187373781074, 40.522291945280585 ], [ -105.129085073284941, 40.51750733166854 ] ], [ [ -105.474777788972162, 40.830648145714662 ], [ -105.470728534133002, 40.824234611379538 ], [ -105.467527048321003, 40.817550364787216 ], [ -105.466528641235243, 40.814589198368871 ], [ -105.465974682509213, 40.815299919939385 ], [ -105.46510877527875, 40.819903048077045 ], [ -105.462881751307052, 40.826811897889066 ], [ -105.460015023945346, 40.833000112791382 ], [ -105.462268597519738, 40.833602414726471 ], [ -105.470755779206044, 40.836609314475069 ], [ -105.478814892992673, 40.840232981591271 ], [ -105.486368468215687, 40.844438613761263 ], [ -105.493343850285683, 40.849185812796961 ], [ -105.499673896893285, 40.854428969707968 ], [ -105.502461998196466, 40.857249455801046 ], [ -105.503015246771156, 40.856676222463044 ], [ -105.504289301325841, 40.855596500573952 ], [ -105.498561365550941, 40.852409348565025 ], [ -105.491585273931491, 40.847662471742659 ], [ -105.48525650965442, 40.842418857562421 ], [ -105.479635998580136, 40.836729114983882 ], [ -105.474777788972162, 40.830648145714662 ] ] ], [ [ [ -104.327138541303924, 36.958741647093611 ], [ -104.3337515788551, 36.953998991318855 ], [ -104.340911222010263, 36.949798940751343 ], [ -104.348548595849593, 36.946181853795451 ], [ -104.356590267798936, 36.943182482444975 ], [ -104.364958950231653, 36.940829640749918 ], [ -104.373574238730924, 36.939145930047438 ], [ -104.382353379134102, 36.938147523500078 ], [ -104.391212056249742, 36.937844011933464 ], [ -104.400065196965272, 36.938238312398447 ], [ -104.40882778034829, 36.939326640303172 ], [ -104.417415647288706, 36.94109854537539 ], [ -104.425746302231602, 36.943537011126679 ], [ -104.433739699612474, 36.946618616905326 ], [ -104.441319007726563, 36.950313761045663 ], [ -104.448411342943174, 36.954586943055581 ], [ -104.454948467412493, 36.959397102233758 ], [ -104.46086744370777, 36.964698009579031 ], [ -104.466111240196639, 36.970438709351527 ], [ -104.470629281343591, 36.976564006171444 ], [ -104.474377937606803, 36.983014993102948 ], [ -104.477320950107369, 36.989729615770457 ], [ -104.477353281486344, 36.989835621237702 ], [ -104.478990820114618, 36.989778302299285 ], [ -104.487850506955766, 36.990166105780474 ], [ -104.496620363450575, 36.991248001985042 ], [ -104.505216161291969, 36.993013602166215 ], [ -104.513555329495844, 36.995445950210701 ], [ -104.521557741526436, 36.998521684123212 ], [ -104.529146479906771, 37.002211258620967 ], [ -104.536248571218906, 37.006479226784641 ], [ -104.542795684636303, 37.011284578162183 ], [ -104.548724787423581, 37.016581130192925 ], [ -104.553978751191835, 37.022317969316184 ], [ -104.558506903103265, 37.028439937654866 ], [ -104.562265516681492, 37.03488816072592 ], [ -104.565218237397303, 37.041600611228851 ], [ -104.567336438764116, 37.048512703605887 ], [ -104.568599505288148, 37.055557913755777 ], [ -104.568995039273645, 37.062668418021758 ], [ -104.568954522545098, 37.063273380111433 ], [ -104.573994657389761, 37.062692823871188 ], [ -104.582867192480634, 37.062375109353859 ], [ -104.591735916908817, 37.062755210115753 ], [ -104.600515661349306, 37.063829477292501 ], [ -104.609122103399002, 37.065587595127965 ], [ -104.617472570806555, 37.06801267917762 ], [ -104.62548682952567, 37.071081437117726 ], [ -104.63308784931094, 37.074764390679846 ], [ -104.640202539753687, 37.079026156662884 ], [ -104.646762449891696, 37.083825784425024 ], [ -104.652704424820058, 37.08911714672881 ], [ -104.657971213081922, 37.094849380309427 ], [ -104.662512019023822, 37.100967372061717 ], [ -104.666282994762128, 37.107412286303592 ], [ -104.669247666920143, 37.114122128171587 ], [ -104.671377293860004, 37.121032337846664 ], [ -104.67265114974343, 37.128076409996659 ], [ -104.673056732411339, 37.135186532558883 ], [ -104.672589892764748, 37.14229423877854 ], [ -104.671254884058214, 37.149331066264509 ], [ -104.669064330272931, 37.156229216729706 ], [ -104.666039113514756, 37.162922210048819 ], [ -104.662208181174279, 37.169345526293021 ], [ -104.657608274385737, 37.17543722949118 ], [ -104.6522835801171, 37.181138567019254 ], [ -104.646285310009787, 37.186394538733929 ], [ -104.639671209850505, 37.191154430242079 ], [ -104.632505004292582, 37.195372305031704 ], [ -104.624855782137701, 37.199007450580488 ], [ -104.616797328134794, 37.202024774001195 ], [ -104.608407407838328, 37.204395143274994 ], [ -104.59976701258816, 37.206095670658421 ], [ -104.590959572117967, 37.207109935423283 ], [ -104.582070142661678, 37.207428143693406 ], [ -104.57318457870447, 37.207047223772435 ], [ -104.564388696709145, 37.205970856004896 ], [ -104.555767439239546, 37.204209436872162 ], [ -104.547404047897544, 37.20177997768689 ], [ -104.53937925338974, 37.198705938908091 ], [ -104.531770490845034, 37.195017001745079 ], [ -104.524651148219519, 37.190748779346478 ], [ -104.518089855252597, 37.185942470471211 ], [ -104.51214981998622, 37.180644459108343 ], [ -104.506888219332978, 37.174905864042053 ], [ -104.502355649585922, 37.168782042845073 ], [ -104.498595642114054, 37.162332055220666 ], [ -104.495644248789006, 37.155618090998296 ], [ -104.493529700951498, 37.148704868415479 ], [ -104.492272144960836, 37.14165900858773 ], [ -104.491883456583977, 37.134548392276493 ], [ -104.491924630218307, 37.133943468524919 ], [ -104.486879180646866, 37.13452049035525 ], [ -104.477997906963154, 37.134830953734131 ], [ -104.469121448662079, 37.13444229255304 ], [ -104.460335533528749, 37.133358262265759 ], [ -104.451725006998174, 37.131589333631396 ], [ -104.443373006071994, 37.129152590674956 ], [ -104.435360150440957, 37.126071564286974 ], [ -104.433289324704674, 37.125064213976373 ], [ -104.426186365462598, 37.12530938726546 ], [ -104.417311334489511, 37.12491685738204 ], [ -104.408527308879002, 37.123829001115965 ], [ -104.399919115606053, 37.122056326341081 ], [ -104.391569868857729, 37.119615953399311 ], [ -104.383560161388701, 37.116531448341405 ], [ -104.375967281234566, 37.112832593495369 ], [ -104.368864461602641, 37.108555097669054 ], [ -104.362320171387552, 37.103740248894525 ], [ -104.356397453306087, 37.09843451318951 ], [ -104.351153316117973, 37.092689083340801 ], [ -104.346638186808306, 37.086559382200008 ], [ -104.342895427956606, 37.080104525417937 ], [ -104.339960924820687, 37.073386748927717 ], [ -104.338873882434399, 37.069803837007633 ], [ -104.332772163937051, 37.066124241492147 ], [ -104.326233792962455, 37.061307425081658 ], [ -104.320316871895557, 37.055999907207436 ], [ -104.315078353383285, 37.050252897648001 ], [ -104.310568610128044, 37.044121834263976 ], [ -104.306830952786086, 37.037665845595924 ], [ -104.30390121755326, 37.030947178232083 ], [ -104.301807427224816, 37.024030594583529 ], [ -104.30056952875124, 37.016982746971877 ], [ -104.300199209528301, 37.009871534141311 ], [ -104.300699793864794, 37.002765446451868 ], [ -104.302066220276515, 36.995732906092506 ], [ -104.304285099466966, 36.988841608673795 ], [ -104.307334852082064, 36.982157872517817 ], [ -104.31118592457625, 36.975746001863172 ], [ -104.315801080804746, 36.969667670043407 ], [ -104.321135766270331, 36.963981328483662 ], [ -104.327138541303924, 36.958741647093611 ] ] ], [ [ [ -104.875650106325011, 37.051724404195902 ], [ -104.882237331742914, 37.046951168242856 ], [ -104.88937573316008, 37.042718024414562 ], [ -104.896996635550082, 37.039065648584803 ], [ -104.905026760897869, 37.036029130831537 ], [ -104.913388929468425, 37.033637640715625 ], [ -104.92200279715594, 37.031914149173538 ], [ -104.930785622039494, 37.030875209595884 ], [ -104.939653053036963, 37.03053080011388 ], [ -104.94851993337376, 37.030884228548089 ], [ -104.957301111465199, 37.031932100895972 ], [ -104.965912251753224, 37.033664353648483 ], [ -104.974270638038377, 37.036064349638629 ], [ -104.9822959619068, 37.039109036538953 ], [ -104.989911088970118, 37.04276916654667 ], [ -104.997042795811964, 37.047009575227932 ], [ -105.003622470769812, 37.05178951694284 ], [ -105.009586771972266, 37.057063053742475 ], [ -105.014878236401003, 37.062779494125785 ], [ -105.019445834151668, 37.068883877569156 ], [ -105.023245462525992, 37.075317500302006 ], [ -105.026240375100059, 37.082018477399302 ], [ -105.028401541474281, 37.088922335903085 ], [ -105.029707934019982, 37.095962633371336 ], [ -105.030146738589849, 37.103071595988979 ], [ -105.02971348685044, 37.110180770165229 ], [ -105.028412108622106, 37.117221681385971 ], [ -105.026254903364716, 37.12412649399355 ], [ -105.023262430724714, 37.130828665529023 ], [ -105.019463320849951, 37.137263589296751 ], [ -105.014894005976174, 37.143369218898556 ], [ -105.009598375585185, 37.149086668634077 ], [ -105.003627358219575, 37.154360783875561 ], [ -104.997038433804306, 37.159140675798582 ], [ -104.989895081059359, 37.163380215180894 ], [ -104.982266165284386, 37.167038480370394 ], [ -104.974225272441927, 37.170080154963337 ], [ -104.965849996054999, 37.172475871223085 ], [ -104.957221183956278, 37.174202495803584 ], [ -104.94842215237442, 37.175243354912261 ], [ -104.939537875209425, 37.175588396650689 ], [ -104.930654156628904, 37.175234288900789 ], [ -104.92185679530597, 37.174184451771076 ], [ -104.913230748714739, 37.172449024276801 ], [ -104.904859305897915, 37.170044765589559 ], [ -104.896823277025362, 37.166994891851104 ], [ -104.889200207871909, 37.163328850192805 ], [ -104.882063627061612, 37.159082032230955 ], [ -104.875482333557272, 37.154295429911244 ], [ -104.869519731425967, 37.149015237146138 ], [ -104.864233218387398, 37.143292401221451 ], [ -104.859673634063284, 37.137182128437146 ], [ -104.855884773198028, 37.130743348886782 ], [ -104.852902968425383, 37.124038145667804 ], [ -104.850756746420331, 37.117131154144325 ], [ -104.84946656051018, 37.110088937157528 ], [ -104.849044602033999, 37.10297934228776 ], [ -104.849494691943377, 37.095870847422709 ], [ -104.850812253340777, 37.088831900971158 ], [ -104.852984364859822, 37.081930263086512 ], [ -104.8559898940171, 37.075232354225982 ], [ -104.859799708910941, 37.068802617274251 ], [ -104.86437696591689, 37.062702899304298 ], [ -104.869677470339084, 37.056991858836916 ], [ -104.875650106325011, 37.051724404195902 ] ] ], [ [ [ -104.789444265624468, 37.175676765321384 ], [ -104.798077016020713, 37.173962368306711 ], [ -104.806877919476563, 37.172932677457247 ], [ -104.815762452779992, 37.172597582359103 ], [ -104.824645296263213, 37.172960301777067 ], [ -104.83344114618464, 37.174017352974928 ], [ -104.842065526970856, 37.175758584858315 ], [ -104.850435595847799, 37.17816727463557 ], [ -104.858470932450885, 37.181220287107401 ], [ -104.866094306121454, 37.184888295117396 ], [ -104.867049402139543, 37.185456708788259 ], [ -104.872232927397533, 37.185258681472483 ], [ -104.881117536227904, 37.185617170154458 ], [ -104.889915652110233, 37.18667003112229 ], [ -104.898542777954916, 37.188407153344727 ], [ -104.906916044944694, 37.190811853349288 ], [ -104.914955002380339, 37.193861034143318 ], [ -104.922582385251687, 37.197525405304745 ], [ -104.929724852416086, 37.201769762211626 ], [ -104.936313688501997, 37.206553321829084 ], [ -104.942285462948007, 37.21183011194239 ], [ -104.947582639936357, 37.217549410221629 ], [ -104.952154133386159, 37.223656229029032 ], [ -104.955955801630864, 37.230091841439808 ], [ -104.958950876916987, 37.236794343546215 ], [ -104.961110325423874, 37.243699247754854 ], [ -104.962413134114257, 37.250740101474427 ], [ -104.962846521378864, 37.257849125327411 ], [ -104.962406069131717, 37.264957864808721 ], [ -104.961095774739903, 37.27199784915932 ], [ -104.958928021928287, 37.278901251126292 ], [ -104.955923470576934, 37.285601541244105 ], [ -104.952110866122666, 37.292034130296855 ], [ -104.947526770075626, 37.298136993708574 ], [ -104.94221521395913, 37.303851271758937 ], [ -104.936227279768971, 37.309121839733336 ], [ -104.929620610814297, 37.313897842389792 ], [ -104.922458857539212, 37.318133187456823 ], [ -104.914811063621741, 37.321786993265114 ], [ -104.906750998294115, 37.324823986056465 ], [ -104.898356441418983, 37.327214843003603 ], [ -104.889708428378583, 37.328936477508094 ], [ -104.880890462282736, 37.329972263914932 ], [ -104.871987701368369, 37.330312199386682 ], [ -104.863086129743749, 37.329953001309072 ], [ -104.854271719818783, 37.328898139247954 ], [ -104.845629594857542, 37.327157801136238 ], [ -104.83882679113799, 37.325203740757047 ], [ -104.835644315527674, 37.327081853501674 ], [ -104.827991429304078, 37.330730031365206 ], [ -104.819926934566325, 37.333761095087887 ], [ -104.811528654555175, 37.33614577923133 ], [ -104.80287766112663, 37.337861057005682 ], [ -104.794057486584606, 37.338890364394302 ], [ -104.785153310780331, 37.33922376141814 ], [ -104.776251131634979, 37.33885802891816 ], [ -104.767436927429756, 37.337796699882389 ], [ -104.758795819301085, 37.336050025003097 ], [ -104.750411242375847, 37.33363487281229 ], [ -104.742364133883314, 37.330574565402053 ], [ -104.734732146387415, 37.326898651383473 ], [ -104.72758889399941, 37.322642618366253 ], [ -104.721003239060039, 37.317847547843328 ], [ -104.715038626328678, 37.312559715935002 ], [ -104.70975247119074, 37.30683014397875 ], [ -104.705195607802722, 37.300714103438182 ], [ -104.701411802443687, 37.294270580044063 ], [ -104.69843733664348, 37.28756170246514 ], [ -104.696300663919885, 37.280652141136898 ], [ -104.695022143189888, 37.273608483146205 ], [ -104.694613851132161, 37.266498589279642 ], [ -104.695079474981256, 37.259390939490217 ], [ -104.696414286434077, 37.25235397312283 ], [ -104.698605196557168, 37.24545543026062 ], [ -104.701630890807309, 37.238761700515965 ], [ -104.705462042522001, 37.232337185491119 ], [ -104.710061602511587, 37.226243680976253 ], [ -104.715385161692907, 37.22053978474095 ], [ -104.721381383052844, 37.215280335509384 ], [ -104.727992498621717, 37.210515888395825 ], [ -104.735154866576579, 37.206292231715643 ], [ -104.741711992881307, 37.203168177610742 ], [ -104.74561301458148, 37.198984341320958 ], [ -104.751605433218302, 37.19372332849386 ], [ -104.758212771116675, 37.188957163417022 ], [ -104.765371422516452, 37.184731651008029 ], [ -104.773012519019346, 37.18108739337665 ], [ -104.781062589993255, 37.178059402312378 ], [ -104.789444265624468, 37.175676765321384 ] ] ], [ [ [ -104.933371930349693, 37.454510294319626 ], [ -104.940546064157786, 37.450274397655591 ], [ -104.948205680633919, 37.446619017279332 ], [ -104.956277130828468, 37.443579270805643 ], [ -104.964682839783123, 37.441184357600513 ], [ -104.973342047580473, 37.439457280436038 ], [ -104.982171579769897, 37.438414626305608 ], [ -104.99108664002955, 37.438066408422216 ], [ -105.000001617747927, 37.438415970855786 ], [ -105.008830903091493, 37.439459956687905 ], [ -105.017489702065305, 37.44118833997706 ], [ -105.025894844074188, 37.443584521240048 ], [ -105.033965574550706, 37.446625485570699 ], [ -105.041624325333601, 37.45028202193842 ], [ -105.048797455657208, 37.454519001643263 ], [ -105.055415956846048, 37.459295713353796 ], [ -105.061416114101547, 37.464566251624532 ], [ -105.066740119116957, 37.470279955286358 ], [ -105.071336627661552, 37.476381891628371 ], [ -105.0751612567352, 37.482813381849624 ], [ -105.078177016406926, 37.489512562857477 ], [ -105.080354672013968, 37.496414980128996 ], [ -105.081673033008812, 37.503454206038505 ], [ -105.082119165395895, 37.510562477789669 ], [ -105.081688525394071, 37.51767134887973 ], [ -105.080385012690172, 37.524712347866654 ], [ -105.078220942406361, 37.531617638113175 ], [ -105.075216935684935, 37.538320672143371 ], [ -105.07140172958897, 37.544756834271404 ], [ -105.06681190782021, 37.550864065248398 ], [ -105.061491554555957, 37.556583462821862 ], [ -105.055491834497644, 37.561859852313425 ], [ -105.048870502993367, 37.566642321592191 ], [ -105.041691350837709, 37.570884715152275 ], [ -105.034023589052595, 37.574546082390228 ], [ -105.025941179604786, 37.577591075618436 ], [ -105.017522118609733, 37.579990293839764 ], [ -105.00884767909713, 37.581720568841462 ], [ -105.000001620866314, 37.58276519073798 ], [ -104.991069375329332, 37.583114070695423 ], [ -104.982137213522563, 37.582763839200503 ], [ -104.973291405658799, 37.581717878883488 ], [ -104.964617380687841, 37.579986291565042 ], [ -104.956198894333809, 37.577585799858461 ], [ -104.948117213980751, 37.574539584319169 ], [ -104.940450328586635, 37.570877057780031 ], [ -104.93327219152323, 37.566633579141005 ], [ -104.92665200386854, 37.561850109484695 ], [ -104.920653545226756, 37.556572813960884 ], [ -104.915334558623485, 37.550852613415877 ], [ -104.910746195431045, 37.544744690231411 ], [ -104.906932525625734, 37.538307953278348 ], [ -104.903930117979215, 37.531604467277006 ], [ -104.90176769404421, 37.524698852187498 ], [ -104.900465859026127, 37.517657658524769 ], [ -104.900036911840161, 37.51054872470403 ], [ -104.90048473585415, 37.503440522670822 ], [ -104.901804771013659, 37.49640149815589 ], [ -104.903984067251471, 37.489499411919418 ], [ -104.907001418302926, 37.482800688310114 ], [ -104.910827574290636, 37.476369777368021 ], [ -104.915425530713833, 37.470268536543195 ], [ -104.9207508907825, 37.46455563789106 ], [ -104.926752297382905, 37.459286006340783 ], [ -104.933371930349693, 37.454510294319626 ] ] ], [ [ [ -104.7771396192514, 37.558701054301764 ], [ -104.783777558038963, 37.553933856250325 ], [ -104.790969647633204, 37.549707162508376 ], [ -104.798646698693986, 37.546061585289955 ], [ -104.806734896233053, 37.543032147892021 ], [ -104.815156505909428, 37.540647950666227 ], [ -104.823830616541159, 37.538931893617111 ], [ -104.832673911916658, 37.5379004581903 ], [ -104.841601464754646, 37.537563550265013 ], [ -104.850527545486401, 37.537924405798009 ], [ -104.85936643841724, 37.538979559988476 ], [ -104.868033257765973, 37.540718880248733 ], [ -104.876444756081682, 37.543125662677852 ], [ -104.884520117596949, 37.54617679115109 ], [ -104.892181729195144, 37.549842957559676 ], [ -104.899355921846066, 37.554088941169802 ], [ -104.905973675599768, 37.558873944519611 ], [ -104.911971281521673, 37.564151982743915 ], [ -104.917290954301691, 37.569872322712648 ], [ -104.921881389677097, 37.5759799678954 ], [ -104.925698261269176, 37.582416184424218 ], [ -104.928704651947839, 37.58911906342545 ], [ -104.930871415402748, 37.596024114332103 ], [ -104.932177464211492, 37.603064883574852 ], [ -104.932609981351291, 37.61017359278619 ], [ -104.932164552796678, 37.617281790441702 ], [ -104.930845219576184, 37.624321010706559 ], [ -104.928664448420477, 37.631223433159313 ], [ -104.925643020916326, 37.637922537027322 ], [ -104.921809841877845, 37.644353743593669 ], [ -104.917201668449863, 37.650455040521869 ], [ -104.911862762261407, 37.656167581994808 ], [ -104.905844467738021, 37.661436258776575 ], [ -104.899204720453341, 37.666210232578152 ], [ -104.892007490141623, 37.670443429440716 ], [ -104.88432216369425, 37.674094987238206 ], [ -104.876222874115456, 37.677129652842254 ], [ -104.867787782006317, 37.679518124982884 ], [ -104.859098316671989, 37.681237339371684 ], [ -104.850238384399191, 37.68227069322711 ], [ -104.841293551819547, 37.682608206945126 ], [ -104.832350212556989, 37.682246621288421 ], [ -104.823494745546171, 37.681189429116337 ], [ -104.814812673504591, 37.679446841335803 ], [ -104.806387830038048, 37.677035687417799 ], [ -104.798301543761426, 37.673979251482258 ], [ -104.79063184762289, 37.670307045602065 ], [ -104.783452721334513, 37.666054522605606 ], [ -104.776833374439391, 37.661262731260415 ], [ -104.770837577091285, 37.655977917290777 ], [ -104.765523045093431, 37.650251074214594 ], [ -104.760940885147477, 37.644137448472264 ], [ -104.757135105609606, 37.637696003760219 ], [ -104.754142197347676, 37.630988849866938 ], [ -104.751990788551211, 37.624080641639829 ], [ -104.750701376574213, 37.617037953981196 ], [ -104.750286139099074, 37.609928638981415 ], [ -104.750748826107838, 37.602821171444816 ], [ -104.752084733343608, 37.595783989148401 ], [ -104.754280757149303, 37.588884834196442 ], [ -104.757315529789764, 37.582190101794417 ], [ -104.761159633605658, 37.575764202667564 ], [ -104.765775891618148, 37.569668945191758 ], [ -104.771119731509614, 37.563962943092442 ], [ -104.7771396192514, 37.558701054301764 ] ] ], [ [ [ -104.192659597265205, 37.599659056118988 ], [ -104.199888977770939, 37.595468777141662 ], [ -104.20759898373295, 37.591861989052482 ], [ -104.215715488127003, 37.58887334306484 ], [ -104.224160488784491, 37.586531548721013 ], [ -104.23285285330121, 37.584859100176047 ], [ -104.241709092824877, 37.583872061798239 ], [ -104.250644157557474, 37.583579915067318 ], [ -104.259572246635827, 37.583985468184316 ], [ -104.268407624939627, 37.58508482922894 ], [ -104.277065439321106, 37.586867443115729 ], [ -104.285462526753633, 37.589316192012646 ], [ -104.293518206959547, 37.592407558301481 ], [ -104.301155052197942, 37.596111848582176 ], [ -104.308299627073794, 37.600393476657082 ], [ -104.314883191467956, 37.605211302882751 ], [ -104.320842359983601, 37.610519026747646 ], [ -104.326119711658379, 37.616265629032796 ], [ -104.330664344101308, 37.622395859438747 ], [ -104.334432366677802, 37.628850765124376 ], [ -104.337387327883803, 37.635568255203395 ], [ -104.339500572617908, 37.642483695886945 ], [ -104.34075152567668, 37.649530530649834 ], [ -104.341127898457046, 37.65664091953721 ], [ -104.340625816550087, 37.663746391520569 ], [ -104.339249866644082, 37.670778503660003 ], [ -104.337013061916693, 37.677669500736307 ], [ -104.333936725881813, 37.684352968983902 ], [ -104.330050295454555, 37.690764477583649 ], [ -104.325391044804334, 37.696842201666776 ], [ -104.320003732368619, 37.702527520734797 ], [ -104.313940174192197, 37.707765586617292 ], [ -104.307258747527456, 37.71250585536616 ], [ -104.300023829370915, 37.716702577822403 ], [ -104.292305175311043, 37.720315243983144 ], [ -104.284177244711344, 37.723308976742935 ], [ -104.275718478842407, 37.725654871076337 ], [ -104.267010539098891, 37.727330275266709 ], [ -104.258137512882968, 37.728319011360924 ], [ -104.249185095099648, 37.728611532636272 ], [ -104.240239753484531, 37.728205016497995 ], [ -104.231387886167596, 37.727103391875104 ], [ -104.22271497996374, 37.725317300841859 ], [ -104.214304777872144, 37.722863994856247 ], [ -104.206238464160151, 37.719767166664163 ], [ -104.198593875207266, 37.716056719564854 ], [ -104.191444743992449, 37.711768476360049 ], [ -104.184859985728565, 37.70694383090968 ], [ -104.178903031687753, 37.701629345784418 ], [ -104.173631217726992, 37.695876300034378 ], [ -104.169095233422439, 37.689740191576924 ], [ -104.165338637063272, 37.683280199142288 ], [ -104.162397441049762, 37.676558609096325 ], [ -104.160299771495716, 37.669640212786057 ], [ -104.159065605061855, 37.662591680318698 ], [ -104.158706585254478, 37.655480916890234 ], [ -104.159225919621889, 37.648376407922385 ], [ -104.160618358477819, 37.641346559347248 ], [ -104.162870254987055, 37.634459039397314 ], [ -104.165959705669337, 37.627780128215292 ], [ -104.169856769621632, 37.621374081496157 ], [ -104.174523764033069, 37.615302514212956 ], [ -104.179915632875122, 37.60962381026286 ], [ -104.185980384999013, 37.604392563601742 ], [ -104.192659597265205, 37.599659056118988 ] ] ], [ [ [ -104.804006353282588, 37.890189340879928 ], [ -104.811229966001818, 37.88596174164077 ], [ -104.818940874551615, 37.882315143373205 ], [ -104.827064939693358, 37.8792845780996 ], [ -104.83552408417404, 37.876899156038242 ], [ -104.844237038444305, 37.875181788144396 ], [ -104.853120115801786, 37.874148967825541 ], [ -104.862088009781644, 37.873810613843752 ], [ -104.871054606440168, 37.874169975853071 ], [ -104.879933804060116, 37.875223603441192 ], [ -104.888640332748651, 37.87696137896139 ], [ -104.897090566398759, 37.879366613853229 ], [ -104.905203319545237, 37.882416207566472 ], [ -104.912900621764308, 37.886080867625346 ], [ -104.920108462443309, 37.890325388804371 ], [ -104.926757498981914, 37.895108988837819 ], [ -104.93278372178051, 37.900385697555457 ], [ -104.938129069721143, 37.906104795834388 ], [ -104.94274199025385, 37.912211300282543 ], [ -104.94657793866277, 37.918646489129713 ], [ -104.94959981160136, 37.925348464400223 ], [ -104.951778310551958, 37.932252745081705 ], [ -104.953092231478038, 37.939292885691444 ], [ -104.953528677596466, 37.946401114376734 ], [ -104.953083192894624, 37.953508984475455 ], [ -104.951759814750616, 37.96054803330658 ], [ -104.949571044777713, 37.967450441863349 ], [ -104.946537737799375, 37.97414968904404 ], [ -104.942688909661541, 37.980581194079562 ], [ -104.938061465397368, 37.986682940903641 ], [ -104.932699850065774, 37.992396078360599 ], [ -104.926655625381201, 37.997665490357022 ], [ -104.919986976027857, 38.002440330336732 ], [ -104.912758150297478, 38.006674514789268 ], [ -104.905038840395619, 38.010327170891216 ], [ -104.896903508417651, 38.013363033819857 ], [ -104.888430664593898, 38.015752789769699 ], [ -104.879702104932747, 38.017473361235211 ], [ -104.870802115845549, 38.018508131696386 ], [ -104.861816653709255, 38.018847107447471 ], [ -104.852832507606493, 38.018487014939971 ], [ -104.843936453674246, 38.017431332659086 ], [ -104.83521440958782, 38.015690257212995 ], [ -104.826750597704745, 38.01328060397757 ], [ -104.818626725294962, 38.010225643298845 ], [ -104.810921190088365, 38.006554873903411 ], [ -104.803708319084137, 38.002303735796197 ], [ -104.797057648191355, 37.997513265528532 ], [ -104.791033249812443, 37.992229697290171 ], [ -104.785693114949439, 37.986504013811249 ], [ -104.781088595812918, 37.980391451548613 ], [ -104.777263914255244, 37.97395096506974 ], [ -104.774255740643312, 37.967244655934039 ], [ -104.772092847038323, 37.960337171700516 ], [ -104.770795837774699, 37.953295080961496 ], [ -104.770376959733653, 37.946186230511309 ], [ -104.770839993800976, 37.939079090905899 ], [ -104.772180228190763, 37.932042096754152 ], [ -104.774384513517447, 37.925142988103374 ], [ -104.777431398713759, 37.918448159242899 ], [ -104.781291346131297, 37.912022021149603 ], [ -104.785927023428258, 37.905926383642445 ], [ -104.791293669152367, 37.900219863100666 ], [ -104.797339528270157, 37.894957321334033 ], [ -104.804006353282588, 37.890189340879928 ] ] ], [ [ [ -103.645236383709971, 37.912784590417317 ], [ -103.651977527496499, 37.908083072492133 ], [ -103.659267032693052, 37.9039272387094 ], [ -103.667034783770433, 37.900357019661044 ], [ -103.675206104124271, 37.897406714950144 ], [ -103.683702470214456, 37.895104666053484 ], [ -103.692442261245347, 37.893472986104527 ], [ -103.701341537416681, 37.89252734909627 ], [ -103.710314839547806, 37.892276840452745 ], [ -103.719276002706593, 37.892723870351269 ], [ -103.728138976364264, 37.893864150599136 ], [ -103.736818643543529, 37.895686735284741 ], [ -103.745231631434251, 37.898174124835677 ], [ -103.753297106015367, 37.901302432533086 ], [ -103.760937543346287, 37.90504161195453 ], [ -103.768079470373479, 37.909355743252945 ], [ -103.77465416833941, 37.914203375631338 ], [ -103.780598332180887, 37.919537922845294 ], [ -103.785854679660204, 37.925308108064613 ], [ -103.790372504386568, 37.931458453953475 ], [ -103.794108167353784, 37.937929813392408 ], [ -103.79702552214151, 37.944659935866483 ], [ -103.799096269500879, 37.951584064189738 ], [ -103.800300237665382, 37.958635555926143 ], [ -103.800625585392581, 37.965746523609511 ], [ -103.800068925447704, 37.972848487658823 ], [ -103.798635366978317, 37.979873035737171 ], [ -103.796338475997828, 37.986752482211287 ], [ -103.793200153985239, 37.993420521339495 ], [ -103.789250435412583, 37.999812867848121 ], [ -103.784527205821533, 38.00586787865096 ], [ -103.779075842878584, 38.011527149625117 ], [ -103.772948783633311, 38.016736081576227 ], [ -103.766205021978408, 38.02144440980787 ], [ -103.758909541052006, 38.025606692050388 ], [ -103.758723421961676, 38.025692286027237 ], [ -103.758920003947452, 38.025750277890516 ], [ -103.766999905898331, 38.028877832825067 ], [ -103.774654120489615, 38.032616282680536 ], [ -103.78180904280994, 38.036929715009911 ], [ -103.788395829490028, 38.041776686168028 ], [ -103.794351059280174, 38.047110616729213 ], [ -103.799617343291033, 38.052880236265956 ], [ -103.804143879045171, 38.059030073349639 ], [ -103.807886942954553, 38.065500986197968 ], [ -103.810810316362677, 38.072230728995059 ], [ -103.812885640862405, 38.079154548555209 ], [ -103.81409269922203, 38.08620580569216 ], [ -103.814419618918052, 38.093316615396979 ], [ -103.813862995978042, 38.100418499722053 ], [ -103.812427937577965, 38.107443047119936 ], [ -103.810128022606875, 38.114322571894341 ], [ -103.806985180203071, 38.120990767391319 ], [ -103.803029487071612, 38.127383346590356 ], [ -103.798298885204602, 38.133438663850072 ], [ -103.792838822434817, 38.139098311720488 ], [ -103.786701819050748, 38.14430768695491 ], [ -103.779946964476224, 38.14901652013458 ], [ -103.772639348762112, 38.153179363660364 ], [ -103.764849434339837, 38.156756033261615 ], [ -103.756652374137829, 38.159711998621518 ], [ -103.74812728275289, 38.162018719215688 ], [ -103.739356467890062, 38.163653922000648 ], [ -103.730424629729455, 38.164601818167533 ], [ -103.721418036239555, 38.16485325678503 ], [ -103.712423682727874, 38.164405813789557 ], [ -103.703528444098424, 38.163263815431634 ], [ -103.694818228366685, 38.161438295948663 ], [ -103.686377139966922, 38.15894688989755 ], [ -103.678286661273773, 38.155813660238927 ], [ -103.670624860550504, 38.15206886391033 ], [ -103.663465634236417, 38.147748657251277 ], [ -103.656877991096792, 38.142894744241246 ], [ -103.650925385289995, 38.137553971077544 ], [ -103.645665104862715, 38.131777871144664 ], [ -103.645045096340311, 38.130933073857321 ], [ -103.64382418767093, 38.131372062775704 ], [ -103.635299111321075, 38.13367059823657 ], [ -103.626529443283516, 38.135297397557373 ], [ -103.617599872862385, 38.136236753484809 ], [ -103.608596646121526, 38.13647959798574 ], [ -103.599606725648769, 38.136023590413856 ], [ -103.59071694313981, 38.134873140127631 ], [ -103.582013153349322, 38.13303936333844 ], [ -103.573579397938943, 38.130539974631581 ], [ -103.56549708763761, 38.127399114260221 ], [ -103.557844210919725, 38.123647112958224 ], [ -103.550694577104153, 38.119320196642711 ], [ -103.544117101388878, 38.114460133974639 ], [ -103.538175138864915, 38.109113830311415 ], [ -103.532925874009948, 38.1033328721091 ], [ -103.528419771551427, 38.097173026312696 ], [ -103.524700093923002, 38.090693699702861 ], [ -103.521802489823457, 38.083957363544428 ], [ -103.519754657635758, 38.077028949201832 ], [ -103.518576086684149, 38.06997522064696 ], [ -103.518277878509267, 38.062864129984789 ], [ -103.518862649534512, 38.055764162259493 ], [ -103.520324515691499, 38.048743675878633 ], [ -103.522649158774428, 38.041870245006535 ], [ -103.525813973513237, 38.03521001023023 ], [ -103.529788293598756, 38.028827043693923 ], [ -103.534533694166825, 38.022782734733774 ], [ -103.54000436755787, 38.017135201825624 ], [ -103.546147568518776, 38.011938736386952 ], [ -103.552904124408855, 38.007243283654809 ], [ -103.560209005414706, 38.003093965496284 ], [ -103.567991949272994, 37.999530649602399 ], [ -103.576178134546865, 37.996587569071863 ], [ -103.584688896103373, 37.994292995914911 ], [ -103.593442476097565, 37.992668971501168 ], [ -103.602354803482697, 37.991731096444745 ], [ -103.611340294839167, 37.991488381869104 ], [ -103.616068287866341, 37.991728114941424 ], [ -103.622689453355221, 37.988692057500707 ], [ -103.621023439195326, 37.984827444149317 ], [ -103.618968671712594, 37.977900516718279 ], [ -103.617781845180559, 37.970847512698114 ], [ -103.617474142102296, 37.963736377670585 ], [ -103.618048271643175, 37.956635597647498 ], [ -103.619498453313284, 37.9496135394647 ], [ -103.621810482282513, 37.942737793071004 ], [ -103.62496187532966, 37.936074522017257 ], [ -103.628922095670688, 37.929687828344065 ], [ -103.633652854185598, 37.923639137903621 ], [ -103.639108483872761, 37.91798661193193 ], [ -103.645236383709971, 37.912784590417317 ] ] ], [ [ [ -104.540459068346706, 38.19782562819951 ], [ -104.547728131453454, 38.193614698325227 ], [ -104.555484412875884, 38.189985822683703 ], [ -104.563653340582292, 38.186973862367736 ], [ -104.572156409777108, 38.184607748532855 ], [ -104.580911932563865, 38.182910206658406 ], [ -104.589835816939015, 38.181897540030683 ], [ -104.598842367907906, 38.181579474445215 ], [ -104.607845103339699, 38.181959065559191 ], [ -104.616757577061989, 38.183032669748435 ], [ -104.625494201639142, 38.184789978738422 ], [ -104.633971063280129, 38.187214117693713 ], [ -104.642106721382504, 38.190281805865247 ], [ -104.649822985338787, 38.193963578318886 ], [ -104.657045661410791, 38.198224066703283 ], [ -104.663705262713492, 38.203022336465928 ], [ -104.669737675646331, 38.20831227739864 ], [ -104.675084776461262, 38.214043043890385 ], [ -104.678678344968617, 38.218810831329158 ], [ -104.6822631274663, 38.216265250490714 ], [ -104.689525929816924, 38.212045524045351 ], [ -104.697277204174597, 38.208407268624384 ], [ -104.705442425593674, 38.205385435205365 ], [ -104.713943124033136, 38.203009049456099 ], [ -104.722697633720557, 38.201300935107355 ], [ -104.731621871959845, 38.200277496515724 ], [ -104.740630140174616, 38.199948562421035 ], [ -104.749635939804151, 38.200317292337957 ], [ -104.758552795552234, 38.201380146443725 ], [ -104.767295078431104, 38.203126919240184 ], [ -104.775778821044881, 38.205540836682069 ], [ -104.783922517615707, 38.208598715879795 ], [ -104.791647901376422, 38.21227118590771 ], [ -104.798880692130254, 38.216522967684149 ], [ -104.805551307015222, 38.221313210340028 ], [ -104.806102520492104, 38.221795017544117 ], [ -104.813370088406273, 38.219097714479346 ], [ -104.821868909310965, 38.216713513907067 ], [ -104.830622573995456, 38.21499735307939 ], [ -104.839547007551843, 38.213965713276409 ], [ -104.848556509382448, 38.213628501615204 ], [ -104.857564569120512, 38.213988956709692 ], [ -104.866484689989889, 38.215043617820264 ], [ -104.875231212044952, 38.216782357777532 ], [ -104.883720127733525, 38.219188479378175 ], [ -104.891869882284411, 38.222238874367591 ], [ -104.899602151540222, 38.225904243546388 ], [ -104.906842590033605, 38.230149375973113 ], [ -104.913521542340405, 38.234933484686067 ], [ -104.919574711037541, 38.240210595838818 ], [ -104.924943774944396, 38.245929987640643 ], [ -104.929576951734347, 38.252036675019376 ], [ -104.933429499465745, 38.258471935484629 ], [ -104.93646415209794, 38.265173871267365 ], [ -104.938651484625595, 38.272078002452233 ], [ -104.939970204079316, 38.279117885505556 ], [ -104.940407363302157, 38.286225751337319 ], [ -104.939958495111227, 38.293333156823927 ], [ -104.938627665190808, 38.300371643562819 ], [ -104.93642744282873, 38.307273397531723 ], [ -104.933378789397395, 38.31397190328768 ], [ -104.929510865284499, 38.320402586364793 ], [ -104.924860756791674, 38.326503437615756 ], [ -104.919473125329631, 38.332215613391277 ], [ -104.913399782039136, 38.337484005662496 ], [ -104.906699191747265, 38.342257776464308 ], [ -104.899435910918953, 38.346490851368586 ], [ -104.891679964974401, 38.350142367084786 ], [ -104.88350617100275, 38.353177068726467 ], [ -104.874993412505177, 38.355565652772412 ], [ -104.866223873332885, 38.357285052285228 ], [ -104.8572822384441, 38.358318661522816 ], [ -104.848254869477998, 38.358656497683079 ], [ -104.83922896342996, 38.358295298152676 ], [ -104.830291702904447, 38.357238552279775 ], [ -104.821529406518309, 38.35549646735079 ], [ -104.813026688024976, 38.353085869115581 ], [ -104.804865632630623, 38.35003003786467 ], [ -104.797124998776724, 38.346358481711249 ], [ -104.789879453374795, 38.342106649359927 ], [ -104.783198848100682, 38.337315585247467 ], [ -104.782646915969224, 38.336833677836211 ], [ -104.775366453335664, 38.339528985172919 ], [ -104.766851779112244, 38.341909718876231 ], [ -104.75808137044676, 38.343621032316648 ], [ -104.749139921026824, 38.344646398197177 ], [ -104.740113790848753, 38.344975913712602 ], [ -104.731090164903108, 38.344606397004348 ], [ -104.722156203546078, 38.343541418131402 ], [ -104.713398193128185, 38.341791264246353 ], [ -104.704900705448409, 38.339372839328924 ], [ -104.696745774500599, 38.33630949948985 ], [ -104.689012098781774, 38.332630825505504 ], [ -104.681774277141258, 38.328372334873251 ], [ -104.6751020857713, 38.323575136280482 ], [ -104.669059803477225, 38.318285529950678 ], [ -104.663705591829583, 38.312554557861951 ], [ -104.660108429804168, 38.307786371298981 ], [ -104.656518354796773, 38.310331211027524 ], [ -104.649243822889886, 38.314548768573431 ], [ -104.641478849459773, 38.318183719789609 ], [ -104.633298340564579, 38.321200970101081 ], [ -104.624781246057665, 38.323571385059424 ], [ -104.61600979282143, 38.325272073894205 ], [ -104.607068685060355, 38.326286612382063 ], [ -104.598044279658083, 38.326605202792216 ], [ -104.589023744885992, 38.326224769298506 ], [ -104.580094210939734, 38.32514898789762 ], [ -104.571341920873579, 38.323388250533888 ], [ -104.562851390497002, 38.320959563794403 ], [ -104.554704585695163, 38.317886383198392 ], [ -104.546980125435866, 38.314198384752096 ], [ -104.539752518433943, 38.309931176069433 ], [ -104.533091441063291, 38.305125949960917 ], [ -104.527061063644354, 38.299829083963424 ], [ -104.521719431696937, 38.294091689814046 ], [ -104.517117908142851, 38.287969117357797 ], [ -104.51330068177981, 38.281520417816367 ], [ -104.510304346634868, 38.27480777172913 ], [ -104.508157556054783, 38.2678958872051 ], [ -104.506880754609426, 38.26085137439204 ], [ -104.506485990084101, 38.253742102276973 ], [ -104.506976807026817, 38.24663654407582 ], [ -104.508348222505589, 38.239603117553195 ], [ -104.510586783928559, 38.232709526632348 ], [ -104.513670707993072, 38.226022110614565 ], [ -104.517570099066916, 38.219605207225293 ], [ -104.522247244571631, 38.213520535545626 ], [ -104.527656984240537, 38.207826604673386 ], [ -104.533747149467004, 38.202578153690652 ], [ -104.540459068346706, 38.19782562819951 ] ] ], [ [ [ -104.146939238255982, 39.043832325126651 ], [ -104.153756121099889, 39.039103758060023 ], [ -104.161133621633269, 39.034918570512829 ], [ -104.169000776787186, 39.031316970947756 ], [ -104.177281955558414, 39.028333556169798 ], [ -104.1858975822269, 39.025996981518254 ], [ -104.19476489594544, 39.024329687818515 ], [ -104.203798739644512, 39.023347687613054 ], [ -104.212912370964673, 39.023060412642003 ], [ -104.222018287754977, 39.023470623978397 ], [ -104.231029060562562, 39.024574385647661 ], [ -104.239858164482868, 39.026361101977123 ], [ -104.248420802743979, 39.028813618336983 ], [ -104.256634714461583, 39.031908384351794 ], [ -104.264420959123086, 39.035615678085549 ], [ -104.271704670540444, 39.039899889140145 ], [ -104.278415773251382, 39.044719858059601 ], [ -104.284489654646592, 39.05002926890495 ], [ -104.289867786457464, 39.055777091364099 ], [ -104.294498289651457, 39.061908068287948 ], [ -104.298336437251791, 39.068363244107253 ], [ -104.301345090121188, 39.075080529183865 ], [ -104.303495061324341, 39.081995294792939 ], [ -104.304765405308231, 39.089040993121316 ], [ -104.305143628808338, 39.096149796404397 ], [ -104.304625821100302, 39.10325324911603 ], [ -104.303216701962782, 39.110282926971507 ], [ -104.300929586494391, 39.117171096409585 ], [ -104.297786266728167, 39.123851368184411 ], [ -104.293816810802568, 39.130259338725949 ], [ -104.289059281272444, 39.136333213016663 ], [ -104.283559374964966, 39.142014402886247 ], [ -104.277369987597069, 39.147248094840407 ], [ -104.270550707161433, 39.151983781817421 ], [ -104.263167240847466, 39.156175753601396 ], [ -104.255290780981639, 39.159783541014342 ], [ -104.246997316139499, 39.16277230945451 ], [ -104.238366894187152, 39.165113197842942 ], [ -104.229482844547519, 39.166783599578331 ], [ -104.220430967445139, 39.167767382676971 ], [ -104.21129869825738, 39.168055046882422 ], [ -104.202174255382928, 39.167643816163384 ], [ -104.193145780226558, 39.166537665669068 ], [ -104.184300477988188, 39.164747282874266 ], [ -104.175723767934571, 39.162289963310222 ], [ -104.167498451721869, 39.159189441938238 ], [ -104.159703908129799, 39.155475661870909 ], [ -104.152415322266648, 39.151184482773637 ], [ -104.145702956912643, 39.146357331881134 ], [ -104.139631473194754, 39.141040801131744 ], [ -104.134259307235311, 39.135286194451155 ], [ -104.129638108798517, 39.129149029701381 ], [ -104.125812247281985, 39.122688500245118 ], [ -104.122818389674947, 39.11596690145636 ], [ -104.120685154340265, 39.109049027832029 ], [ -104.119432843683953, 39.102001546623477 ], [ -104.11907325796416, 39.094892354109589 ], [ -104.119609591670766, 39.087789920774256 ], [ -104.121036413086259, 39.080762631728497 ], [ -104.123339726827396, 39.073878128733803 ], [ -104.126497118373237, 39.06720266013788 ], [ -104.130477978815421, 39.060800444928809 ], [ -104.13524380732872, 39.054733056951271 ], [ -104.140748588157692, 39.049058835111367 ], [ -104.146939238255982, 39.043832325126651 ] ] ], [ [ [ -104.682679061521, 39.277912138595134 ], [ -104.690050620260664, 39.273693603404929 ], [ -104.697917852188397, 39.270056442945318 ], [ -104.706205122303956, 39.267035594231416 ], [ -104.714832794097134, 39.264660070456948 ], [ -104.723717989803419, 39.26295268460138 ], [ -104.732775380469391, 39.261929832189772 ], [ -104.741917998527398, 39.261601335204588 ], [ -104.751058065403129, 39.261970348584761 ], [ -104.760107826562702, 39.263033330171503 ], [ -104.768980386348559, 39.264780074377789 ], [ -104.777590534954072, 39.267193809274083 ], [ -104.785855559947564, 39.270251356200546 ], [ -104.793696034875964, 39.273923350440135 ], [ -104.80103657765666, 39.278174520924047 ], [ -104.807806571703424, 39.282964026391966 ], [ -104.813940843028007, 39.288245844903258 ], [ -104.819380286912761, 39.293969213091906 ], [ -104.824072438160286, 39.300079111085779 ], [ -104.827971979392444, 39.306516788570697 ], [ -104.831041182392227, 39.313220327079009 ], [ -104.833250278054862, 39.32012523322188 ], [ -104.83457775113618, 39.327165057271159 ], [ -104.835010556654993, 39.334272031231635 ], [ -104.834544255515297, 39.341377720332403 ], [ -104.833183067660599, 39.348413681709246 ], [ -104.830939841849286, 39.355312123951748 ], [ -104.827835941941274, 39.362006561149556 ], [ -104.823901050403194, 39.368432455095956 ], [ -104.819172890565568, 39.374527839392293 ], [ -104.813696869990125, 39.380233919345216 ], [ -104.807525648120702, 39.385495641759746 ], [ -104.800718632185678, 39.390262229003682 ], [ -104.793341406085005, 39.394487672050175 ], [ -104.785465097718415, 39.3981311775945 ], [ -104.777165690885823, 39.401157564782288 ], [ -104.768523288503744, 39.403537607577896 ], [ -104.759621334426043, 39.405248319336955 ], [ -104.750545801623886, 39.406273176720603 ], [ -104.741384354861324, 39.40660228069563 ], [ -104.732225496294262, 39.406232452996576 ], [ -104.723157702615765, 39.405167267076322 ], [ -104.714268562467169, 39.403417013234076 ], [ -104.705643922831939, 39.400998598273929 ], [ -104.697367053024806, 39.397935380709406 ], [ -104.689517834687308, 39.394256943178434 ], [ -104.682171985903423, 39.389998804363117 ], [ -104.675400327161853, 39.385202073313579 ], [ -104.66926809641906, 39.379913049645836 ], [ -104.663834319969283, 39.374182773615651 ], [ -104.659151245209358, 39.368066530558856 ], [ -104.655263840710361, 39.361623314625533 ], [ -104.652209368280481, 39.354915257121391 ], [ -104.650017030938045, 39.348007025096287 ], [ -104.648707699917324, 39.340965196088973 ], [ -104.648293723014547, 39.333857615143224 ], [ -104.648778815757623, 39.326752740355865 ], [ -104.650158036057277, 39.319718983297733 ], [ -104.652417842182572, 39.31282405066942 ], [ -104.655536233104201, 39.306134293509977 ], [ -104.659482969474908, 39.299714070176329 ], [ -104.664219872772833, 39.293625129150115 ], [ -104.669701199427067, 39.287926017514621 ], [ -104.67587408607983, 39.282671520677091 ], [ -104.682679061521, 39.277912138595134 ] ] ], [ [ [ -104.070205380363916, 39.292281298084234 ], [ -104.077614518701225, 39.288101951961288 ], [ -104.085514325439235, 39.284506526825027 ], [ -104.093828857562713, 39.281529559437153 ], [ -104.102478221023361, 39.279199642647058 ], [ -104.111379333284717, 39.277539152960465 ], [ -104.120446715202306, 39.276564037397605 ], [ -104.129593304926829, 39.276283661604367 ], [ -104.13873128634593, 39.276700720616354 ], [ -104.147772924465713, 39.27781121309858 ], [ -104.156631400079121, 39.27960447930208 ], [ -104.165221636071891, 39.282063302393588 ], [ -104.173461107780895, 39.285164072232504 ], [ -104.181270629941864, 39.288877010094424 ], [ -104.18857511294523, 39.29316645227707 ], [ -104.195304281359796, 39.297991189977566 ], [ -104.201393347982417, 39.303304862303108 ], [ -104.206783637030028, 39.309056398776455 ], [ -104.211423150503592, 39.315190507225267 ], [ -104.215267072225217, 39.321648202507617 ], [ -104.218278204573281, 39.328367371125459 ], [ -104.220427333518074, 39.335283366420988 ], [ -104.221693518185788, 39.34232962873952 ], [ -104.222064301851404, 39.349438324680328 ], [ -104.221535841973363, 39.356540999348368 ], [ -104.220112957633134, 39.363569235366505 ], [ -104.217809093522462, 39.370455312313339 ], [ -104.21464620042444, 39.377132860217202 ], [ -104.21065453295455, 39.383537500764405 ], [ -104.205872366154367, 39.389607469970464 ], [ -104.200345633356562, 39.39528421621565 ], [ -104.19412748855504, 39.400512967762509 ], [ -104.18727779730726, 39.405243264150428 ], [ -104.179862560958838, 39.409429446197692 ], [ -104.17195327970218, 39.413031099736223 ], [ -104.163626260650318, 39.416013448649061 ], [ -104.154961877716516, 39.41834769327636 ], [ -104.146043790628426, 39.420011290794584 ], [ -104.136958130866688, 39.420988174750143 ], [ -104.1277926626923, 39.421268911538014 ], [ -104.11863592771094, 39.420850792249617 ], [ -104.109576381610339, 39.41973785896613 ], [ -104.100701531795323, 39.417940865236034 ], [ -104.092097084634133, 39.415477171140616 ], [ -104.083846110917875, 39.412370574011888 ], [ -104.076028237925215, 39.40865107651517 ], [ -104.068718876180441, 39.404354594437002 ], [ -104.061988488597606, 39.399522607120225 ], [ -104.055901909226733, 39.394201754056553 ], [ -104.05051771826227, 39.388443381674563 ], [ -104.045887679353214, 39.38230304484587 ], [ -104.042056244572649, 39.375839968064227 ], [ -104.039060131675313, 39.369116471634257 ], [ -104.036927977503169, 39.362197368527738 ], [ -104.035680070602069, 39.355149337829594 ], [ -104.035328165297145, 39.348040280897642 ], [ -104.035875378650204, 39.340938666499419 ], [ -104.037316170899217, 39.333912871266861 ], [ -104.039636409165666, 39.327030521824241 ], [ -104.042813513419418, 39.320357844898602 ], [ -104.046816682918958, 39.313959031616129 ], [ -104.051607200604934, 39.307895622024212 ], [ -104.057138812221709, 39.302225915661509 ], [ -104.063358176280644, 39.297004413727407 ], [ -104.070205380363916, 39.292281298084234 ] ] ], [ [ [ -104.785356123048672, 39.573475301806695 ], [ -104.792752811532168, 39.569250546889869 ], [ -104.800648105024862, 39.565606703832977 ], [ -104.8089660992528, 39.562578772753241 ], [ -104.817626863558942, 39.560195833821041 ], [ -104.826547203924704, 39.558480770269007 ], [ -104.8356414559874, 39.557450050519591 ], [ -104.844822300728325, 39.557113571434755 ], [ -104.854001595329535, 39.557474564127787 ], [ -104.86309121157997, 39.558529563202214 ], [ -104.872003874153279, 39.560268439700415 ], [ -104.880653991079939, 39.562674497460932 ], [ -104.888958468797227, 39.565724632001 ], [ -104.896837504278579, 39.569389550466283 ], [ -104.904215346922712, 39.573634050625941 ], [ -104.911021023119616, 39.5784173563436 ], [ -104.917189016706217, 39.583693506427458 ], [ -104.922659898877541, 39.58941179326046 ], [ -104.927380901530881, 39.595517247138247 ], [ -104.931306428486394, 39.601951161803093 ], [ -104.934398499549431, 39.608651656259788 ], [ -104.93662712295324, 39.615554267599791 ], [ -104.937970592344257, 39.622592569244674 ], [ -104.938415705140983, 39.629698808755137 ], [ -104.937957899809803, 39.6368045591379 ], [ -104.936601310348124, 39.643841377426043 ], [ -104.934358737046153, 39.650741464208018 ], [ -104.931251533401095, 39.65743831774116 ], [ -104.927309409879442, 39.663867376307223 ], [ -104.92257015605189, 39.669966642552417 ], [ -104.917079283454655, 39.675677283700843 ], [ -104.910889592350159, 39.680944201741099 ], [ -104.90406066635957, 39.685716567956426 ], [ -104.896658299708648, 39.689948316499688 ], [ -104.888753862557522, 39.693598592102092 ], [ -104.880423610562957, 39.696632147446032 ], [ -104.871747945440106, 39.699019686222336 ], [ -104.862810633838649, 39.700738148427497 ], [ -104.853697992319297, 39.701770935029472 ], [ -104.844498046601686, 39.702108069737484 ], [ -104.83529967354869, 39.70174629624276 ], [ -104.826191734550719, 39.700689109947845 ], [ -104.817262209071387, 39.698946723864864 ], [ -104.808597337115103, 39.696535969027906 ], [ -104.800280779273052, 39.693480130427226 ], [ -104.792392802803178, 39.689808720122464 ], [ -104.785009501900959, 39.685557189823463 ], [ -104.778202059929811, 39.680766585831755 ], [ -104.772036060905393, 39.675483149807945 ], [ -104.766570856977609, 39.669757869363416 ], [ -104.761858998033134, 39.663645982962208 ], [ -104.757945728861344, 39.657206444059085 ], [ -104.754868558596158, 39.650501349784086 ], [ -104.752656906376075, 39.643595339812755 ], [ -104.751331826364591, 39.636554971329723 ], [ -104.750905814453986, 39.629448076200944 ], [ -104.751382698146742, 39.622343106614437 ], [ -104.752757610279815, 39.615308475531897 ], [ -104.755017046437374, 39.60841189831261 ], [ -104.758139005094989, 39.601719741830003 ], [ -104.762093208760263, 39.59529638729871 ], [ -104.766841403628291, 39.589203612871223 ], [ -104.77233773456075, 39.583500001847725 ], [ -104.778529191530041, 39.578240382076665 ], [ -104.785356123048672, 39.573475301806695 ] ] ], [ [ [ -104.701363686230621, 39.867945473708275 ], [ -104.708797096810031, 39.863726412576547 ], [ -104.716730507874246, 39.860088593063217 ], [ -104.725087650792162, 39.857066956534432 ], [ -104.733788221178301, 39.854690522000425 ], [ -104.742748645387522, 39.852982109734043 ], [ -104.751882877045773, 39.851958124016875 ], [ -104.761103216263834, 39.851628397009769 ], [ -104.770321144003361, 39.85199609518196 ], [ -104.77944816394853, 39.8530576891579 ], [ -104.788396644177809, 39.854802987259191 ], [ -104.797080650932045, 39.85721523243555 ], [ -104.805416766835364, 39.860271261697399 ], [ -104.813324886044882, 39.863941726587612 ], [ -104.820728978983894, 39.868191372667553 ], [ -104.827557819551544, 39.872979375444572 ], [ -104.833745667997235, 39.878259729641861 ], [ -104.839232903003776, 39.883981688209083 ], [ -104.843966596934408, 39.890090246999677 ], [ -104.847901028667422, 39.896526670601069 ], [ -104.850998128965145, 39.903229054402686 ], [ -104.853227853899568, 39.910132917626278 ], [ -104.85456848248225, 39.9171718217288 ], [ -104.855006835318562, 39.924278008322922 ], [ -104.854538411820073, 39.93138305054655 ], [ -104.854156399479564, 39.933343590356145 ], [ -104.854461876107081, 39.934946952905186 ], [ -104.85490032574674, 39.942053118241141 ], [ -104.854431764457573, 39.949158137954534 ], [ -104.853060425592929, 39.956193575511257 ], [ -104.850799247595745, 39.963091643984704 ], [ -104.84766975973271, 39.96978586008013 ], [ -104.843701884295456, 39.976211686350446 ], [ -104.838933656803505, 39.98230715534573 ], [ -104.833410866577168, 39.98801346958588 ], [ -104.827186620871998, 39.993275571456337 ], [ -104.820320836570943, 39.998042677398246 ], [ -104.812879664202811, 40.002268771095792 ], [ -104.80493484978976, 40.005913050751573 ], [ -104.796563040707682, 40.008940325982614 ], [ -104.787845042365191, 40.011321360360732 ], [ -104.77886503305794, 40.013033156156219 ], [ -104.769709744828035, 40.014059178418329 ], [ -104.760467618545107, 40.014389516132546 ], [ -104.751227941720927, 40.014020978827631 ], [ -104.742079977767503, 40.012957127656321 ], [ -104.733112095507167, 40.011208240636734 ], [ -104.724410907739511, 40.008791212407104 ], [ -104.716060427566106, 40.005729389508822 ], [ -104.708141250968708, 40.002052342863131 ], [ -104.70072977383613, 39.997795579737485 ], [ -104.693897451242592, 39.99300019810272 ], [ -104.687710106302191, 39.987712486853773 ], [ -104.682227295368946, 39.981983475899185 ], [ -104.67750173572621, 39.97586844061248 ], [ -104.673578801225105, 39.969426365576986 ], [ -104.670496090595279, 39.96271937293978 ], [ -104.668283072377093, 39.955812121018418 ], [ -104.666960809619042, 39.948771179071315 ], [ -104.666541766660742, 39.941664384349551 ], [ -104.667029699488211, 39.934560187691368 ], [ -104.667417053746348, 39.932600284923794 ], [ -104.667115954633246, 39.930996445400396 ], [ -104.66669699124779, 39.923889629802218 ], [ -104.667184769098995, 39.916785410097347 ], [ -104.668574312141189, 39.909752191420615 ], [ -104.670851971428419, 39.902857674730448 ], [ -104.67399556678923, 39.896168206094913 ], [ -104.677974609807848, 39.8897481397562 ], [ -104.682750605607978, 39.883659221028815 ], [ -104.688277430223721, 39.877959994870707 ], [ -104.694501779673558, 39.8727052456994 ], [ -104.701363686230621, 39.867945473708275 ] ] ], [ [ [ -104.502998423525753, 40.023303372804342 ], [ -104.510460818532508, 40.019097307942808 ], [ -104.5184226437501, 40.015473316382611 ], [ -104.526807359824929, 40.012466206360635 ], [ -104.535534399861689, 40.01010485728235 ], [ -104.544519938330083, 40.008411944673696 ], [ -104.553677689905754, 40.007403724300495 ], [ -104.562919730873944, 40.007089877440464 ], [ -104.57215733554871, 40.007473418729177 ], [ -104.581301820044942, 40.008550667426974 ], [ -104.590265385682798, 40.010311282372193 ], [ -104.598961954306873, 40.012738360302841 ], [ -104.607307987863777, 40.01580859664751 ], [ -104.615223284702211, 40.019492507312322 ], [ -104.622631745240028, 40.023754709427649 ], [ -104.629462099881138, 40.028554258472091 ], [ -104.63564859236331, 40.033845038663884 ], [ -104.641131612073693, 40.039576203009126 ], [ -104.645858269282428, 40.045692658923684 ], [ -104.649782907714908, 40.052135594906552 ], [ -104.652867549407816, 40.058843043341803 ], [ -104.655082267372222, 40.065750474146412 ], [ -104.656405482214069, 40.072791413668305 ], [ -104.656824179537537, 40.079898082973344 ], [ -104.656334045672438, 40.087002049449111 ], [ -104.654939520022268, 40.094034885495709 ], [ -104.652653763113548, 40.100928827976297 ], [ -104.649498540238682, 40.107617432060721 ], [ -104.645504021411057, 40.114036213119896 ], [ -104.640708499187696, 40.12012327041397 ], [ -104.635158026750091, 40.125819886466452 ], [ -104.628905979459759, 40.131071096228332 ], [ -104.622012543910444, 40.13582622040898 ], [ -104.614544139273733, 40.140039357683747 ], [ -104.606572776469037, 40.143669830877471 ], [ -104.598175361371119, 40.146682582666429 ], [ -104.589432948890746, 40.14904851683368 ], [ -104.580429955313789, 40.150744781649387 ], [ -104.571253336757792, 40.151754992523017 ], [ -104.561991741989615, 40.152069391682247 ], [ -104.552734648142106, 40.151684943266666 ], [ -104.543571488063662, 40.150605362876689 ], [ -104.534590778130749, 40.148841081280487 ], [ -104.525879255347277, 40.146409142648679 ], [ -104.517521032447519, 40.143333038348253 ], [ -104.509596779511156, 40.139642477976842 ], [ -104.502182940295043, 40.135373099949774 ], [ -104.495350991090234, 40.130566124555578 ], [ -104.489166749431803, 40.12526795296673 ], [ -104.483689739429366, 40.119529716224015 ], [ -104.478972619858666, 40.113406778698938 ], [ -104.475060680465319, 40.106958200975832 ], [ -104.471991411194779, 40.100246167478062 ], [ -104.469794148283626, 40.093335384488498 ], [ -104.468489800341118, 40.086292454480557 ], [ -104.46809065672339, 40.079185232880803 ], [ -104.468600279667982, 40.072082173525807 ], [ -104.470013480822345, 40.065051669155629 ], [ -104.472316381975219, 40.058161393303024 ], [ -104.475486558993438, 40.051477649892981 ], [ -104.479493267185177, 40.04506473676313 ], [ -104.484297745561776, 40.038984329153585 ], [ -104.489853596758621, 40.033294888998427 ], [ -104.496107238706912, 40.028051105581824 ], [ -104.502998423525753, 40.023303372804342 ] ] ], [ [ [ -104.936778358389219, 40.108510610544549 ], [ -104.944223464349591, 40.104276640989177 ], [ -104.952172311351077, 40.100622875764095 ], [ -104.960548481481069, 40.097584408342705 ], [ -104.969271487311929, 40.095190418243654 ], [ -104.978257540150167, 40.09346389316439 ], [ -104.987420348599201, 40.092421410177721 ], [ -104.996671940063933, 40.092072978001212 ], [ -105.00592349764743, 40.092421941786469 ], [ -105.015086204772004, 40.093464951301023 ], [ -105.024072089797457, 40.095191992793893 ], [ -105.032794862909427, 40.097586484253313 ], [ -105.041170737609946, 40.100625433183673 ], [ -105.049119229260782, 40.104279655453936 ], [ -105.056563923307962, 40.108514053207529 ], [ -105.063433206052181, 40.113287949276263 ], [ -105.069660951125272, 40.11855547501321 ], [ -105.075187155186626, 40.124266007958099 ], [ -105.079958516764378, 40.13036465527486 ], [ -105.08392895263367, 40.136792778461135 ], [ -105.087060046646727, 40.143488554427243 ], [ -105.089321426505066, 40.150387567680681 ], [ -105.09069106458881, 40.157423428037134 ], [ -105.091155499631157, 40.164528408011705 ], [ -105.090709976740342, 40.171634093829809 ], [ -105.08935850402392, 40.178672043837885 ], [ -105.087113824854768, 40.185574447992913 ], [ -105.08399730562769, 40.19227478206745 ], [ -105.080038739682038, 40.198708450227869 ], [ -105.075276068902895, 40.20481340972534 ], [ -105.069755025349195, 40.210530771584871 ], [ -105.06352869608456, 40.215805371385599 ], [ -105.056657015194304, 40.220586304495235 ], [ -105.049206187749391, 40.224827420450673 ], [ -105.041248051215916, 40.228487771563032 ], [ -105.032859380494955, 40.231532011265699 ], [ -105.024121143403804, 40.233930738212955 ], [ -105.015117713965822, 40.235660782671395 ], [ -105.005936051353572, 40.236705432319184 ], [ -104.996664852721665, 40.237054595174314 ], [ -104.987393688464834, 40.236704898005272 ], [ -104.978212128639612, 40.235659719228401 ], [ -104.969208869389433, 40.233929155959082 ], [ -104.960470868213463, 40.23152992555022 ], [ -104.952082496816686, 40.228485202614145 ], [ -104.944124720077269, 40.22482439317524 ], [ -104.936674309366893, 40.220582848232532 ], [ -104.929803098068476, 40.215801519617543 ], [ -104.923577286658087, 40.210526561606095 ], [ -104.918056804161353, 40.204808882276311 ], [ -104.913294732169049, 40.198703649094945 ], [ -104.9093367969095, 40.192269753654152 ], [ -104.906220934137892, 40.185569240866592 ], [ -104.903976930825806, 40.17866670825665 ], [ -104.902626146825199, 40.171628681254219 ], [ -104.902181318855568, 40.164522970606342 ], [ -104.902646448325257, 40.157418018166688 ], [ -104.904016773662278, 40.150382237405772 ], [ -104.906278827002637, 40.143483355004534 ], [ -104.909410574274958, 40.136787759852673 ], [ -104.913381636935696, 40.130359865671224 ], [ -104.918153592856939, 40.124261493319722 ], [ -104.923680353153898, 40.118551278634172 ], [ -104.929908611067191, 40.113284111374377 ], [ -104.936778358389219, 40.108510610544549 ] ] ], [ [ [ -103.58077188348787, 40.159489540572558 ], [ -103.587738730545809, 40.154797570324952 ], [ -103.595270482752312, 40.150651660246673 ], [ -103.6032947021762, 40.147091637622054 ], [ -103.611734258098139, 40.144151696851914 ], [ -103.62050806417723, 40.141860073596789 ], [ -103.629531852028705, 40.140238775808228 ], [ -103.638718974042916, 40.139303374127039 ], [ -103.647981228046376, 40.139062853578551 ], [ -103.657229696235362, 40.139519527931384 ], [ -103.666375590700866, 40.140669017511023 ], [ -103.675331097811963, 40.142500290678583 ], [ -103.684010213730957, 40.14499576860139 ], [ -103.692329563400165, 40.14813149236231 ], [ -103.700209195465618, 40.151877350880383 ], [ -103.707573345788134, 40.156197367554157 ], [ -103.714351162435534, 40.16105004299375 ], [ -103.720477385354243, 40.166388750681989 ], [ -103.725892974278651, 40.172162181906216 ], [ -103.730545678857794, 40.17831483583187 ], [ -103.734390545453564, 40.184787550152755 ], [ -103.737390355597313, 40.19151806735487 ], [ -103.73951599167502, 40.198441631275145 ], [ -103.740746726046282, 40.205491608326277 ], [ -103.741070430482694, 40.21260012749886 ], [ -103.740483703535233, 40.219698733044936 ], [ -103.739697970963178, 40.22339655964403 ], [ -103.746482061309706, 40.22661438853914 ], [ -103.753857192147606, 40.230931574346009 ], [ -103.760645688664354, 40.23578164069329 ], [ -103.766782188519031, 40.241117986458484 ], [ -103.772207552827979, 40.246889325995085 ], [ -103.77686943722739, 40.253040178971503 ], [ -103.780722799571706, 40.259511400810403 ], [ -103.783730339246191, 40.266240748766968 ], [ -103.785862863655566, 40.273163478330154 ], [ -103.787099578085517, 40.280212964320377 ], [ -103.787428295815104, 40.287321340796247 ], [ -103.786845566081809, 40.294420153676356 ], [ -103.785356718261497, 40.30144101982988 ], [ -103.782975821417764, 40.308316286297163 ], [ -103.779725559191277, 40.314979683268646 ], [ -103.775637020832335, 40.321366964480085 ], [ -103.770749410020585, 40.327416528774698 ], [ -103.765109673954854, 40.333070016738155 ], [ -103.758772056024384, 40.338272876531079 ], [ -103.751797576179726, 40.342974893323593 ], [ -103.744253443895531, 40.347130677075846 ], [ -103.736212409351296, 40.350700103804641 ], [ -103.727752059134502, 40.353648705925778 ], [ -103.718954063388907, 40.355948007759721 ], [ -103.70990338187525, 40.357575802830425 ], [ -103.700687436876962, 40.35851637016664 ], [ -103.691395261260936, 40.358760627427145 ], [ -103.691160656064966, 40.358749147200911 ], [ -103.687956600091908, 40.361374207400225 ], [ -103.680974891054817, 40.366071819688898 ], [ -103.67342392048829, 40.370222856936309 ], [ -103.665376505271965, 40.373787240922454 ], [ -103.65691029428173, 40.376730552760911 ], [ -103.648107014905591, 40.379024367930477 ], [ -103.639051678522065, 40.380646533073147 ], [ -103.632085080637651, 40.381352977479658 ], [ -103.626658671561756, 40.386770445904773 ], [ -103.620305470707763, 40.391965413658625 ], [ -103.613315957316104, 40.396658786462773 ], [ -103.605757487256724, 40.40080525742961 ], [ -103.597702950481164, 40.404364792334036 ], [ -103.592299045911815, 40.406238860426086 ], [ -103.590732697027661, 40.408669480298066 ], [ -103.585822237483015, 40.414710758151166 ], [ -103.580159807196821, 40.420354761713469 ], [ -103.573799869769218, 40.425547029885117 ], [ -103.56680366205849, 40.430237449439197 ], [ -103.559238604979825, 40.434380741839178 ], [ -103.551177652565272, 40.437936903439109 ], [ -103.542698585613493, 40.440871594665602 ], [ -103.538858410232748, 40.441867047290259 ], [ -103.537645180279497, 40.442856360200899 ], [ -103.530644693720333, 40.447544502023078 ], [ -103.523075514101805, 40.451685342193954 ], [ -103.515010635617259, 40.455238900691164 ], [ -103.506527877345974, 40.458170863061341 ], [ -103.505023791544147, 40.458560138391235 ], [ -103.50173921391783, 40.463639937837563 ], [ -103.496816748009223, 40.469677165279798 ], [ -103.491142246841548, 40.475316539960417 ], [ -103.484770291019444, 40.480503645022523 ], [ -103.477762234083571, 40.485188416721982 ], [ -103.470185612149464, 40.489325630777905 ], [ -103.462113491816183, 40.492875342055441 ], [ -103.453623762686121, 40.495803273185359 ], [ -103.444798381454291, 40.498081148224927 ], [ -103.435722575069491, 40.499686968007438 ], [ -103.426484010933336, 40.500605224410265 ], [ -103.417171942478433, 40.500827051383389 ], [ -103.407876338748068, 40.50035031121805 ], [ -103.398687006783291, 40.499179615189888 ], [ -103.392242816653905, 40.497851825614099 ], [ -103.392413867305521, 40.49841660088925 ], [ -103.393612791773222, 40.505469339654063 ], [ -103.393900424327356, 40.51257781421311 ], [ -103.393273706408579, 40.519673567283867 ], [ -103.391738388426802, 40.526688242794549 ], [ -103.38930898535682, 40.533554244936667 ], [ -103.386008647397077, 40.540205390688271 ], [ -103.381868946532762, 40.546577549467195 ], [ -103.376929580689321, 40.552609263667847 ], [ -103.371237998005086, 40.558242343994223 ], [ -103.364848944582377, 40.563422433723353 ], [ -103.357823939886472, 40.568099536315565 ], [ -103.350230684737923, 40.572228501131768 ], [ -103.34320681448915, 40.575303530917139 ], [ -103.340384174158345, 40.579640777862167 ], [ -103.335438609458336, 40.585670563309755 ], [ -103.329740717775792, 40.591301443636191 ], [ -103.323345306302741, 40.596479083122055 ], [ -103.316313956173119, 40.601153508684931 ], [ -103.308714429844386, 40.605279595375919 ], [ -103.300620016748724, 40.608817505117834 ], [ -103.298476396017449, 40.609551901486121 ], [ -103.296909057541214, 40.610819636809495 ], [ -103.290097861021437, 40.615343946129258 ], [ -103.289620802974127, 40.617504526695839 ], [ -103.287177420029579, 40.624368000076821 ], [ -103.283862281680484, 40.631015831943365 ], [ -103.27970710223461, 40.637383922947485 ], [ -103.274751728812575, 40.643410854018697 ], [ -103.269043764178988, 40.649038481350686 ], [ -103.262638112986977, 40.654212500248619 ], [ -103.255596455620264, 40.65888297225753 ], [ -103.247986654594598, 40.663004810334641 ], [ -103.240628556983296, 40.666212818126532 ], [ -103.240847285577345, 40.671939613509515 ], [ -103.240202320258987, 40.679033983458737 ], [ -103.238646821306801, 40.686046032309534 ], [ -103.236195496446285, 40.692908188496737 ], [ -103.232871705887234, 40.699554304949757 ], [ -103.228707246907803, 40.705920298441391 ], [ -103.223742055860839, 40.711944769710094 ], [ -103.218023830151211, 40.71756959827092 ], [ -103.211607573565587, 40.722740506052638 ], [ -103.209263668314293, 40.724291735714552 ], [ -103.209542722268182, 40.725956125524561 ], [ -103.213940643655903, 40.721631592093736 ], [ -103.220356614660815, 40.716460547612968 ], [ -103.22740686621519, 40.71179244792463 ], [ -103.235023548933398, 40.707672141758238 ], [ -103.243133413400713, 40.704139208503229 ], [ -103.251658511613726, 40.701227580909304 ], [ -103.26051694172979, 40.698965221778629 ], [ -103.269623629180415, 40.697373857631746 ], [ -103.278891136918432, 40.696468771800731 ], [ -103.288230497340834, 40.696258658854177 ], [ -103.297552058260621, 40.696745541695734 ], [ -103.306766335191682, 40.697924752103233 ], [ -103.315784862159916, 40.699784974895444 ], [ -103.324521033263238, 40.702308355330651 ], [ -103.33289092727081, 40.705470668762608 ], [ -103.340814107679932, 40.709241551005938 ], [ -103.34821439083629, 40.713584787303603 ], [ -103.355020574969899, 40.718458657243666 ], [ -103.361167123305279, 40.723816332449637 ], [ -103.366594794769441, 40.729606323369715 ], [ -103.371251216244502, 40.735772971021532 ], [ -103.375091390792278, 40.742256979114117 ], [ -103.378078136814054, 40.748995981571618 ], [ -103.380182453698779, 40.755925140129285 ], [ -103.381383810152641, 40.7629777663631 ], [ -103.381670352090865, 40.770085962256353 ], [ -103.381039027702442, 40.7771812732001 ], [ -103.379495628066721, 40.78419534717564 ], [ -103.377054742499453, 40.791060593775654 ], [ -103.373739628630247, 40.797710836690385 ], [ -103.369581998052894, 40.804081953317777 ], [ -103.364621719238812, 40.810112495250706 ], [ -103.358906440249783, 40.815744283553812 ], [ -103.352491134621573, 40.820922972962606 ], [ -103.345437574603295, 40.825598579421658 ], [ -103.337813736717422, 40.829725965719931 ], [ -103.329693145343413, 40.833265280381454 ], [ -103.321154160710975, 40.8361823454212 ], [ -103.312279218309584, 40.838448989077435 ], [ -103.303154027267311, 40.840043320176143 ], [ -103.2938667357177, 40.840949941365729 ], [ -103.284507071549626, 40.841160099073889 ], [ -103.275165467217391, 40.840671768676721 ], [ -103.265932177469722, 40.839489674025593 ], [ -103.256896398936988, 40.837625241142703 ], [ -103.248145400491907, 40.835096486562577 ], [ -103.239763673172249, 40.831927841458494 ], [ -103.231832108226513, 40.828149913339928 ], [ -103.224427211518346, 40.823799187734217 ], [ -103.217620362108875, 40.818917672863904 ], [ -103.211477122333989, 40.813552490896008 ], [ -103.206056606115041, 40.807755419862488 ], [ -103.20141091159347, 40.801582390829424 ], [ -103.197584623473986, 40.795092945319283 ], [ -103.194614389707155, 40.788349658363181 ], [ -103.192528576349034, 40.781417532875238 ], [ -103.191471228184668, 40.775105073496029 ], [ -103.187068228094759, 40.779428606465729 ], [ -103.180643506911181, 40.784597562101908 ], [ -103.173582202638016, 40.789262513783029 ], [ -103.165952368198475, 40.793378427200771 ], [ -103.157827587346262, 40.796905561848291 ], [ -103.14928626202412, 40.799809857689091 ], [ -103.140410851318549, 40.802063266728432 ], [ -103.131287069570519, 40.803644026155432 ], [ -103.122003051664649, 40.804536870306372 ], [ -103.112648493894284, 40.804733179315491 ], [ -103.103313779078235, 40.804231062956703 ], [ -103.094089094785645, 40.803035378836597 ], [ -103.085063553602254, 40.801157684763588 ], [ -103.076324324345876, 40.798616125785138 ], [ -103.067955783009381, 40.795435257045568 ], [ -103.060038691980196, 40.791645804264434 ], [ -103.052649415758268, 40.787284364260742 ], [ -103.045859180975924, 40.782393048547107 ], [ -103.039733388020352, 40.777019073580206 ], [ -103.034330980978808, 40.771214301777185 ], [ -103.029703881978378, 40.765034737883688 ], [ -103.025896495286574, 40.758539985705283 ], [ -103.022945285783109, 40.751792670585083 ], [ -103.020878435622564, 40.744857833324282 ], [ -103.019715582087002, 40.737802301495336 ], [ -103.019467638793216, 40.730694044289883 ], [ -103.020136701575723, 40.723601517173087 ], [ -103.021716039527917, 40.716593002682728 ], [ -103.024190170855931, 40.70973595371688 ], [ -103.027535022392158, 40.703096345598546 ], [ -103.031718170834822, 40.696738043090811 ], [ -103.036699163033276, 40.690722188364845 ], [ -103.042429911931265, 40.685106615698125 ], [ -103.048855164115963, 40.679945298403368 ], [ -103.051201070322449, 40.678397365097794 ], [ -103.050803609729897, 40.675990846947158 ], [ -103.050552325624039, 40.668882514171244 ], [ -103.051217218744412, 40.661789645294228 ], [ -103.052791599176402, 40.654780526360746 ], [ -103.055260033594195, 40.647922616341909 ], [ -103.058598504279928, 40.641281899131876 ], [ -103.062774649806812, 40.634922250469593 ], [ -103.067748084712804, 40.628904825789895 ], [ -103.073470794782438, 40.62328747478243 ], [ -103.079887603892516, 40.618124188161012 ], [ -103.086936707760174, 40.613464581821866 ], [ -103.094550269367332, 40.609353423201284 ], [ -103.101908660141163, 40.606154714337301 ], [ -103.10170181946043, 40.600427861425132 ], [ -103.102360348933757, 40.593334481475331 ], [ -103.103927522223486, 40.586324430102167 ], [ -103.106387976147857, 40.579465175628016 ], [ -103.109717770394838, 40.572822715287344 ], [ -103.113884627439205, 40.56646094200498 ], [ -103.118848251395079, 40.560441032066436 ], [ -103.124560722430743, 40.554820859461032 ], [ -103.130966962709522, 40.549654442403373 ], [ -103.137781704849743, 40.545139559851187 ], [ -103.138263025657551, 40.542979676059986 ], [ -103.140718244960027, 40.53611952852301 ], [ -103.144042371651807, 40.529475908564571 ], [ -103.148203182991622, 40.523112720537895 ], [ -103.153160441377892, 40.517091154606405 ], [ -103.158866288200173, 40.511469100943579 ], [ -103.165265709193591, 40.506300596089446 ], [ -103.172297066649421, 40.501635306646861 ], [ -103.179892693269252, 40.497518055133725 ], [ -103.18797954193866, 40.493988392398386 ], [ -103.190120565498077, 40.493255980391119 ], [ -103.19168704485611, 40.491989654314658 ], [ -103.198715099197884, 40.487322673954282 ], [ -103.206307527299316, 40.483203606323841 ], [ -103.213327592363711, 40.480136784534025 ], [ -103.216153910803513, 40.475802655425589 ], [ -103.221101559879131, 40.46977792262426 ], [ -103.226797703662839, 40.464152263379681 ], [ -103.233187420766839, 40.458979749227545 ], [ -103.240209166215337, 40.454310085582414 ], [ -103.247795364433458, 40.450188137208421 ], [ -103.255873058169925, 40.446653500223213 ], [ -103.264364607178592, 40.443740124602442 ], [ -103.273188430083209, 40.441475990674775 ], [ -103.274736650039969, 40.441204142028056 ], [ -103.274398133768599, 40.440434182662671 ], [ -103.272313548089258, 40.433503153076458 ], [ -103.271128376504194, 40.426449356316702 ], [ -103.270853752612211, 40.419340746006398 ], [ -103.271492033820195, 40.412245782426083 ], [ -103.273036789688177, 40.405232773211999 ], [ -103.275472874735939, 40.398369216339049 ], [ -103.278776584593189, 40.391721151682511 ], [ -103.282915893596893, 40.385352527339315 ], [ -103.287850771193888, 40.379324586720905 ], [ -103.293533573800062, 40.373695282206214 ], [ -103.299909508104236, 40.368518720867819 ], [ -103.306917161188409, 40.363844647462223 ], [ -103.314489092271131, 40.359717969507855 ], [ -103.32255248036752, 40.356178328866321 ], [ -103.331029821701975, 40.353259723798935 ], [ -103.339839670308379, 40.350990184993023 ], [ -103.348897414908251, 40.349391508547868 ], [ -103.358116084871, 40.348479048381172 ], [ -103.367407177833186, 40.348261569968223 ], [ -103.376681501384326, 40.34874116676172 ], [ -103.385850021117349, 40.34991324006625 ], [ -103.392400166821417, 40.351265945146899 ], [ -103.393902219770368, 40.349425278813349 ], [ -103.399573775889664, 40.343790512834737 ], [ -103.405938896900949, 40.338607865807631 ], [ -103.409757269216172, 40.336053793658024 ], [ -103.41454850768676, 40.331290951366007 ], [ -103.420911303340631, 40.326107424985445 ], [ -103.427906354404669, 40.32142574047112 ], [ -103.435466340059932, 40.31729087869823 ], [ -103.437980990646793, 40.316182864775357 ], [ -103.441361185908391, 40.31342718104802 ], [ -103.448353526470612, 40.308744198559673 ], [ -103.455910867765496, 40.304607941618023 ], [ -103.463960527591311, 40.301058144256672 ], [ -103.4724251326504, 40.298128902308413 ], [ -103.478690638592951, 40.296504929891256 ], [ -103.482211572952721, 40.292997131680806 ], [ -103.488565624210693, 40.287809688346435 ], [ -103.49555209670217, 40.283123724116351 ], [ -103.50310375141197, 40.278984261170358 ], [ -103.511147960294295, 40.275431064418214 ], [ -103.519607401916659, 40.272498262374235 ], [ -103.528400800394181, 40.270214021940689 ], [ -103.537443700717731, 40.268600280101595 ], [ -103.544399496269548, 40.267899339565787 ], [ -103.549822574965944, 40.262485571772409 ], [ -103.556168642739991, 40.257294246814077 ], [ -103.563147366147774, 40.252604038861492 ], [ -103.56687868916255, 40.250554554062504 ], [ -103.562457500458393, 40.244689148773666 ], [ -103.558625940294121, 40.238211010446456 ], [ -103.555642028849277, 40.23147618126923 ], [ -103.553534272761311, 40.224549583110338 ], [ -103.552322712556091, 40.217497966159989 ], [ -103.552018739614397, 40.210389264447237 ], [ -103.552624997120446, 40.203291940734786 ], [ -103.55413536553533, 40.19627432713142 ], [ -103.556535032314443, 40.189403967772279 ], [ -103.559800644784602, 40.182746969866081 ], [ -103.563900544318074, 40.176367369298106 ], [ -103.568795079196406, 40.170326516810348 ], [ -103.574436992848874, 40.164682490558526 ], [ -103.58077188348787, 40.159489540572558 ] ] ], [ [ [ -104.705264664454504, 40.284795566837523 ], [ -104.714020595972443, 40.282420989254454 ], [ -104.723037786174999, 40.280714423471061 ], [ -104.732229647442637, 40.279692255330524 ], [ -104.741507930725888, 40.279364299136901 ], [ -104.750783564976928, 40.279733704269582 ], [ -104.759967504107522, 40.280796925196078 ], [ -104.768971573727242, 40.28254375515877 ], [ -104.777709309918578, 40.28495742322869 ], [ -104.78609678236468, 40.288014753838283 ], [ -104.794053394266726, 40.291686387331495 ], [ -104.801502651666055, 40.295937059506556 ], [ -104.80837289502459, 40.300725937580651 ], [ -104.814597986214721, 40.306007009478719 ], [ -104.820117944424311, 40.31172952284706 ], [ -104.824879524896389, 40.317838469720108 ], [ -104.828836734892292, 40.324275112328948 ], [ -104.831951281792385, 40.330977545138957 ], [ -104.834192948825688, 40.337881287843302 ], [ -104.835539894548447, 40.344919903725 ], [ -104.835978872866747, 40.352025637533764 ], [ -104.835505371115829, 40.359130066811431 ], [ -104.834123664465096, 40.366164760440682 ], [ -104.831846785704883, 40.373061938093187 ], [ -104.828696410283911, 40.379755124211705 ], [ -104.824702657296882, 40.386179790183576 ], [ -104.819903807960799, 40.392273978446696 ], [ -104.814345943958344, 40.397978902416341 ], [ -104.808082508855861, 40.403239516331254 ], [ -104.80117379661452, 40.408005049388812 ], [ -104.793686371991427, 40.412229498870154 ], [ -104.785692428367682, 40.415872077344595 ], [ -104.777269089226863, 40.418897609483835 ], [ -104.768497660134884, 40.421276874508834 ], [ -104.759462838627414, 40.422986890826706 ], [ -104.75025188988829, 40.424011139990917 ], [ -104.744669775986935, 40.42420849787009 ], [ -104.740858922414205, 40.428111496669537 ], [ -104.734586977733002, 40.433368076260209 ], [ -104.727670008594231, 40.43812916691909 ], [ -104.72017466012403, 40.442348808639913 ], [ -104.712173202916745, 40.445986260311059 ], [ -104.703742833735163, 40.449006396083306 ], [ -104.694964926748966, 40.451380047335981 ], [ -104.686947265273218, 40.452891478941638 ], [ -104.683226385770439, 40.458845953895398 ], [ -104.678409596072058, 40.464934128506734 ], [ -104.672833793728799, 40.470632112695192 ], [ -104.666552596261113, 40.475884927028126 ], [ -104.659626470149661, 40.480641875462261 ], [ -104.652122149519059, 40.48485703776285 ], [ -104.644111992270624, 40.488489715920849 ], [ -104.635673279907081, 40.491504830107075 ], [ -104.626887467918053, 40.493873260193318 ], [ -104.617839394151375, 40.495572129407812 ], [ -104.608616453070624, 40.496585027267464 ], [ -104.59930774418909, 40.496902169537449 ], [ -104.590003203266249, 40.496520493602468 ], [ -104.580792725051253, 40.495443688286279 ], [ -104.571765286455118, 40.493682157819457 ], [ -104.563008079028108, 40.491252920322381 ], [ -104.554605659510102, 40.488179441832678 ], [ -104.546639127013805, 40.484491407557073 ], [ -104.539185335093848, 40.480224432658524 ], [ -104.532316146556425, 40.475419715494063 ], [ -104.526097738379875, 40.470123636789957 ], [ -104.521241154378103, 40.465065586177126 ], [ -104.520872028784069, 40.465164739225692 ], [ -104.511825223193341, 40.46685532413661 ], [ -104.502604705573788, 40.467859780672661 ], [ -104.493299552024624, 40.468168406526537 ], [ -104.483999663749515, 40.467778221734683 ], [ -104.474794890145063, 40.466692997676311 ], [ -104.465774152430924, 40.46492322022268 ], [ -104.457024576692575, 40.46248598741191 ], [ -104.448630645098334, 40.459404842687839 ], [ -104.44067337384233, 40.455709545390704 ], [ -104.433229526057531, 40.451435780818599 ], [ -104.426370867543937, 40.44662481278278 ], [ -104.420163472671135, 40.441323082149907 ], [ -104.417102278293328, 40.438125620787645 ], [ -104.41541865611255, 40.437794339015852 ], [ -104.406674451279201, 40.435353320593684 ], [ -104.398286223354205, 40.43226854554198 ], [ -104.390334932923651, 40.428569808265927 ], [ -104.382897284849406, 40.424292827235192 ], [ -104.376044984584453, 40.419478897217999 ], [ -104.369844044681344, 40.414174487526125 ], [ -104.364354148283056, 40.408430790298233 ], [ -104.359628075752426, 40.402303223334663 ], [ -104.355711199902771, 40.395850892432563 ], [ -104.352641054550091, 40.389136018552776 ], [ -104.350446980323937, 40.382223335473419 ], [ -104.349149850862673, 40.375179463851055 ], [ -104.348761881688731, 40.368072267812757 ], [ -104.349286523220201, 40.360970200343608 ], [ -104.350718438537456, 40.353941643811943 ], [ -104.353043565695899, 40.347054251990009 ], [ -104.356239263566138, 40.340374299882576 ], [ -104.360274539399256, 40.333966047569774 ], [ -104.365110355564113, 40.327891124108667 ], [ -104.370700012189715, 40.322207937319043 ], [ -104.376989601776359, 40.316971115010539 ], [ -104.383918531215869, 40.312230982888948 ], [ -104.391420106088844, 40.308033084016905 ], [ -104.399422171587545, 40.304417744299791 ], [ -104.40784780394776, 40.301419688025938 ], [ -104.416616045866036, 40.299067707016079 ], [ -104.42564267902695, 40.297384386433627 ], [ -104.434841026573451, 40.296385889779692 ], [ -104.44412277811962, 40.296081805049326 ], [ -104.453398829729991, 40.296475053461862 ], [ -104.462580131174505, 40.297561861604713 ], [ -104.471578532711362, 40.299331797247923 ], [ -104.48030762365336, 40.301767868504939 ], [ -104.488683555034584, 40.304846685433461 ], [ -104.496625838816982, 40.308538682597138 ], [ -104.504058116255834, 40.312808400546373 ], [ -104.510908888283936, 40.317614823629867 ], [ -104.517112201072536, 40.32291177102335 ], [ -104.520172995328224, 40.326106645583707 ], [ -104.521854373260581, 40.326436395157138 ], [ -104.530588789634805, 40.32886869185571 ], [ -104.538970377794882, 40.331943885619872 ], [ -104.546918595896713, 40.335632445802965 ], [ -104.554357028711692, 40.339898946011672 ], [ -104.561214118529335, 40.344702401601005 ], [ -104.567423851258667, 40.349996660403626 ], [ -104.572275722149783, 40.355052846734274 ], [ -104.572644171182745, 40.354953524167378 ], [ -104.580652693884574, 40.35344994880964 ], [ -104.584376708910952, 40.347498681538767 ], [ -104.589193488302129, 40.341414300792934 ], [ -104.59476557061322, 40.335720205370713 ], [ -104.601039215180748, 40.330471128451343 ], [ -104.607953979994505, 40.325717513816954 ], [ -104.615443304633899, 40.321505034174074 ], [ -104.623435149992446, 40.317874155398776 ], [ -104.631852688682315, 40.314859750746216 ], [ -104.640615039601428, 40.312490768591822 ], [ -104.649638039793359, 40.310789956767813 ], [ -104.65883504643692, 40.309773646032383 ], [ -104.66440794832431, 40.309580391407806 ], [ -104.668216480092156, 40.305679822856177 ], [ -104.674481668221574, 40.300426700925186 ], [ -104.681388235054698, 40.295668639107291 ], [ -104.688869698275795, 40.291451353005414 ], [ -104.696854093592577, 40.287815354764732 ], [ -104.705264664454504, 40.284795566837523 ] ] ], [ [ [ -104.048770692885981, 40.30962883958469 ], [ -104.056790781029775, 40.306037401505947 ], [ -104.065231307988341, 40.303064464346761 ], [ -104.074011175866772, 40.300738579324332 ], [ -104.083046056708895, 40.299082081863823 ], [ -104.092249195935025, 40.298110878937919 ], [ -104.101532238038232, 40.297834297624973 ], [ -104.110806066959199, 40.298254996278025 ], [ -104.119981653446303, 40.299368939123276 ], [ -104.128970901652721, 40.301165434524961 ], [ -104.137687487227154, 40.303627236570833 ], [ -104.146047679218256, 40.306730709052211 ], [ -104.153971138236713, 40.310446050338463 ], [ -104.161381683500863, 40.314737577084372 ], [ -104.168208021633916, 40.319564064162677 ], [ -104.174384430381593, 40.324879137688491 ], [ -104.179851390777969, 40.330631717502328 ], [ -104.18455616170489, 40.336766505006636 ], [ -104.188453291264082, 40.3432245118141 ], [ -104.191505059909844, 40.349943624265791 ], [ -104.193681850872736, 40.356859198519665 ], [ -104.19496244403706, 40.363904680598516 ], [ -104.195334230114099, 40.371012245523175 ], [ -104.194793342675212, 40.378113449447461 ], [ -104.193344706367995, 40.385139888557298 ], [ -104.191002000430188, 40.392023858400243 ], [ -104.187787537431021, 40.398699007276356 ], [ -104.183732058002548, 40.405100977347658 ], [ -104.178874443164446, 40.411168027212817 ], [ -104.17326134668599, 40.416841629845464 ], [ -104.166946750758683, 40.422067040010496 ], [ -104.159991449061522, 40.426793825548451 ], [ -104.157226925639137, 40.428329702564334 ], [ -104.157166154374707, 40.428507875637486 ], [ -104.153946564706615, 40.435181990747381 ], [ -104.149885645999333, 40.441582678957609 ], [ -104.145022331626649, 40.447648210978592 ], [ -104.139403330344692, 40.453320074186585 ], [ -104.133082681431318, 40.458543539909428 ], [ -104.126121237193374, 40.463268194558722 ], [ -104.118586077707548, 40.46744842933628 ], [ -104.110549863396386, 40.471043883636 ], [ -104.102090131725745, 40.474019837709001 ], [ -104.093288544930871, 40.476347550655696 ], [ -104.084230096229135, 40.478004540348493 ], [ -104.0750022824475, 40.478974802466333 ], [ -104.065694251375774, 40.479248966433119 ], [ -104.056395932445568, 40.478824386687563 ], [ -104.047197159527059, 40.477705168364437 ], [ -104.038186794724666, 40.475902127132734 ], [ -104.029451862040588, 40.473432683601132 ], [ -104.021076699659787, 40.470320693364535 ], [ -104.013142139394461, 40.466596214413762 ], [ -104.005724721513346, 40.462295214259527 ], [ -103.998895952776621, 40.457459219724612 ], [ -103.992721615007497, 40.452134912925878 ], [ -103.98726113096393, 40.446373677496275 ], [ -103.982566993637477, 40.440231099580643 ], [ -103.97868426441002, 40.433766428571452 ], [ -103.975650144754468, 40.427042002930257 ], [ -103.9734936253802, 40.420122646761705 ], [ -103.972235215912107, 40.413075043068964 ], [ -103.971886757360693, 40.405967089819384 ], [ -103.97245131880149, 40.398867245087004 ], [ -103.973923178845396, 40.391843867613545 ], [ -103.976287891653612, 40.38496455914197 ], [ -103.979522436443332, 40.378295514828523 ], [ -103.98359544864789, 40.371900887931439 ], [ -103.987806518378122, 40.366664258073293 ], [ -103.987948045296378, 40.36625214882816 ], [ -103.991180514262226, 40.359582732227118 ], [ -103.995251270145133, 40.353187647315529 ], [ -104.000120936614906, 40.347128394961032 ], [ -104.005742491258275, 40.34146323102987 ], [ -104.012061723163484, 40.336246609116692 ], [ -104.019017757717464, 40.331528660153054 ], [ -104.021975558568343, 40.329888349472547 ], [ -104.022361389199574, 40.329407816173806 ], [ -104.027979604913938, 40.323741514938867 ], [ -104.034295468520298, 40.318523622966509 ], [ -104.041248137617941, 40.313804283496466 ], [ -104.048770692885981, 40.30962883958469 ] ] ], [ [ [ -102.994562526105724, 37.123344079842788 ], [ -103.00180900823807, 37.119227231865189 ], [ -103.009523788229998, 37.11569847159133 ], [ -103.017632700145256, 37.112791703656214 ], [ -103.026057819737886, 37.110534854824664 ], [ -103.034718208428274, 37.108949607593189 ], [ -103.043530685134797, 37.108051193361689 ], [ -103.052410618819522, 37.107848247092143 ], [ -103.061272734439285, 37.108342724803656 ], [ -103.070031924885555, 37.109529884674075 ], [ -103.07860406144637, 37.111398331932598 ], [ -103.086906795333007, 37.113930127140399 ], [ -103.094860342881503, 37.117100956871276 ], [ -103.10238824716609, 37.120880365227492 ], [ -103.109418108946983, 37.125232044060574 ], [ -103.115882280118811, 37.130114179218452 ], [ -103.121718513127746, 37.135479849613958 ], [ -103.126870560184813, 37.14127747540887 ], [ -103.131288716517659, 37.147451311137353 ], [ -103.134930302373533, 37.153941979157757 ], [ -103.137760079008103, 37.160687038425827 ], [ -103.139750594468467, 37.167621583229433 ], [ -103.140882455598074, 37.174678866219523 ], [ -103.141144523354825, 37.18179093981702 ], [ -103.140534029235582, 37.188889309874291 ], [ -103.139056611336088, 37.195905595325165 ], [ -103.13672626933807, 37.202772187472419 ], [ -103.13356523849933, 37.20942290253695 ], [ -103.129603783519215, 37.215793621130643 ], [ -103.124879913953592, 37.221822908415838 ], [ -103.119439023651452, 37.22745260887767 ], [ -103.113333457469906, 37.232628409862045 ], [ -103.106622009286198, 37.237300368318124 ], [ -103.099369356055533, 37.241423395530504 ], [ -103.091645433350521, 37.244957695027189 ], [ -103.083524758454828, 37.247869149302815 ], [ -103.075085707658815, 37.250129651497836 ], [ -103.066409754911817, 37.251717378717757 ], [ -103.057580679416205, 37.252617004257175 ], [ -103.048683750095947, 37.2528198466037 ], [ -103.039804895131198, 37.252323953731818 ], [ -103.031029864918281, 37.251134121847933 ], [ -103.022443396885734, 37.24926184840767 ], [ -103.014128390574655, 37.246725219889058 ], [ -103.006165101271691, 37.243548735461033 ], [ -102.99863036027142, 37.239763068329331 ], [ -102.991596829541976, 37.235404767164674 ], [ -102.985132298180503, 37.23051590061219 ], [ -102.979299027578435, 37.225143648442796 ], [ -102.974153151677015, 37.219339843428209 ], [ -102.969744138091272, 37.213160468497335 ], [ -102.96611431522139, 37.206665114159115 ], [ -102.963298469766414, 37.199916401549054 ], [ -102.961323518313222, 37.192979376773962 ], [ -102.960208255905073, 37.185920882485853 ], [ -102.959963183708354, 37.178808912812706 ], [ -102.960590417100676, 37.171711957908364 ], [ -102.962083674709518, 37.164698344455857 ], [ -102.964428348145233, 37.157835578469886 ], [ -102.967601651402873, 37.151189696693478 ], [ -102.97157284816123, 37.144824632775482 ], [ -102.976303554492006, 37.138801604248798 ], [ -102.981748113810326, 37.133178526108615 ], [ -102.987854040257005, 37.128009456517532 ], [ -102.994562526105724, 37.123344079842788 ] ] ], [ [ [ -102.012882798506425, 37.327835292087201 ], [ -102.01966637882856, 37.323228496681921 ], [ -102.026981934447079, 37.319174400051743 ], [ -102.034759111374427, 37.315711958166439 ], [ -102.042923151994046, 37.312874439292116 ], [ -102.051395609608619, 37.310689106532266 ], [ -102.060095097124204, 37.309176957696643 ], [ -102.068938062920211, 37.308352524911363 ], [ -102.077839586734399, 37.308223735832108 ], [ -102.086714188231468, 37.308791837752658 ], [ -102.095476640819484, 37.310051385323398 ], [ -102.104042783233126, 37.311990292008275 ], [ -102.112330321416806, 37.314589944821869 ], [ -102.120259613312868, 37.317825381304672 ], [ -102.127754429291414, 37.321665527117993 ], [ -102.134742681149206, 37.326073492076461 ], [ -102.141157112852966, 37.331006921889134 ], [ -102.146935946511249, 37.336418402355541 ], [ -102.152023477421992, 37.342255912264136 ], [ -102.156370612465324, 37.348463320773448 ], [ -102.159935346586593, 37.354980924623163 ], [ -102.162683172643568, 37.361746020130525 ], [ -102.164587420471491, 37.368693504577841 ], [ -102.165629521645855, 37.375756501295406 ], [ -102.165799197092596, 37.382867002494002 ], [ -102.165094565404516, 37.389956523705138 ], [ -102.163522170463608, 37.3969567635476 ], [ -102.16109692773837, 37.403800262460415 ], [ -102.157841989414152, 37.410421054023203 ], [ -102.153788529315406, 37.416755302530184 ], [ -102.148975449384395, 37.422741920591129 ], [ -102.143449010281387, 37.428323160703762 ], [ -102.13726238945732, 37.433445174975127 ], [ -102.130475170812218, 37.438058537463561 ], [ -102.123152770781331, 37.442118723965599 ], [ -102.115365806376033, 37.445586544480186 ], [ -102.10718941133841, 37.448428524042264 ], [ -102.098702507139137, 37.450617228125303 ], [ -102.089987036047901, 37.452131529360337 ], [ -102.081127163928187, 37.452956812904752 ], [ -102.072208460746836, 37.453085118408247 ], [ -102.06331706703692, 37.452515217160546 ], [ -102.05453885470979, 37.451252623658945 ], [ -102.045958590671844, 37.449309541493847 ], [ -102.037659111666457, 37.446704744113234 ], [ -102.029720518630469, 37.44346339168078 ], [ -102.022219398629673, 37.439616785882961 ], [ -102.015228082124381, 37.435202065159693 ], [ -102.008813942916447, 37.430261843422635 ], [ -102.003038747652539, 37.42484379588209 ], [ -101.997958061209189, 37.419000196118084 ], [ -101.99362071367409, 37.412787409000877 ], [ -101.99006833397172, 37.406265344486449 ], [ -101.987334954470867, 37.399496877677066 ], [ -101.985446690164864, 37.392547240846483 ], [ -101.98442149524351, 37.385483393378372 ], [ -101.98426899908705, 37.378373375755309 ], [ -101.984990422916553, 37.371285653862294 ], [ -101.98657857754155, 37.364288459934222 ], [ -101.989017941860837, 37.357449136480284 ], [ -101.992284821005825, 37.350833489461486 ], [ -101.996347582273117, 37.344505156882981 ], [ -102.001166966280095, 37.33852499879039 ], [ -102.006696470101303, 37.332950514433961 ], [ -102.012882798506425, 37.327835292087201 ] ] ], [ [ [ -102.321413594409023, 37.43099158395902 ], [ -102.328724904852677, 37.426918625381582 ], [ -102.336500887788233, 37.423436254498277 ], [ -102.34466679536078, 37.420577930262546 ], [ -102.353144161715349, 37.418371114688256 ], [ -102.361851551910235, 37.416837010858771 ], [ -102.370705338269445, 37.415990360622189 ], [ -102.379620496998072, 37.415839303850355 ], [ -102.388511417722214, 37.416385300570788 ], [ -102.397292718508922, 37.417623116701996 ], [ -102.405880058876122, 37.419540873537798 ], [ -102.414190943313784, 37.422120160538654 ], [ -102.422145507909491, 37.425336210404694 ], [ -102.429667282801077, 37.429158134828668 ], [ -102.436683923368278, 37.4335492187626 ], [ -102.443127903322946, 37.438467270485688 ], [ -102.448937163162995, 37.443865024234981 ], [ -102.454055707818924, 37.449690591661565 ], [ -102.458434147741031, 37.455887957906796 ], [ -102.462030178150613, 37.462397517659362 ], [ -102.464808991705766, 37.469156646161224 ], [ -102.466743620410753, 37.476100299779176 ], [ -102.467815203223452, 37.483161640456764 ], [ -102.46801317648432, 37.490272678108944 ], [ -102.467335384997966, 37.497364924824211 ], [ -102.465788112340135, 37.504370054598212 ], [ -102.463386029731481, 37.511220562241064 ], [ -102.460152063608064, 37.517850415080815 ], [ -102.4561171828217, 37.524195691127296 ], [ -102.451320107207721, 37.530195197466057 ], [ -102.445806940061516, 37.535791062820714 ], [ -102.43963072785121, 37.540929298452866 ], [ -102.43285095126005, 37.545560321860002 ], [ -102.425532952381559, 37.549639438083211 ], [ -102.417747303579787, 37.55312727384154 ], [ -102.409569124161592, 37.55599016016825 ], [ -102.401077351582046, 37.558200459729541 ], [ -102.39235397440747, 37.559736835553188 ], [ -102.383483234687645, 37.560584458478651 ], [ -102.374550807729548, 37.560735151253702 ], [ -102.365642967519932, 37.560187467839 ], [ -102.35684574620214, 37.558946707135242 ], [ -102.348244096078645, 37.557024861007775 ], [ -102.339921062577119, 37.554440497146594 ], [ -102.331956976491867, 37.551218577953733 ], [ -102.324428673588983, 37.547390217292602 ], [ -102.31740874935349, 37.542992377553148 ], [ -102.310964856259119, 37.53806751007847 ], [ -102.305159050465463, 37.532663142557062 ], [ -102.300047194300902, 37.52683141750088 ], [ -102.295678420276928, 37.520628586401948 ], [ -102.292094661715353, 37.514114464581574 ], [ -102.289330254357751, 37.507351852114212 ], [ -102.287411612579305, 37.500405926518674 ], [ -102.286356983056535, 37.493343613161308 ], [ -102.286176277947604, 37.486232939506174 ], [ -102.2868709888469, 37.479142379476549 ], [ -102.288434181979255, 37.47214019425892 ], [ -102.290850574312358, 37.465293775886416 ], [ -102.294096689497223, 37.45866899988382 ], [ -102.298141091800602, 37.452329593142665 ], [ -102.302944695478999, 37.44633652302447 ], [ -102.308461146364195, 37.440747413466241 ], [ -102.314637271791739, 37.435615993585415 ], [ -102.321413594409023, 37.43099158395902 ] ] ], [ [ [ -102.505469346496085, 37.58652085698148 ], [ -102.512786990639199, 37.582436775519817 ], [ -102.520571690884239, 37.578942630178275 ], [ -102.528748614942245, 37.576071992280689 ], [ -102.53723919089235, 37.573852441307871 ], [ -102.545961857115415, 37.572305301818261 ], [ -102.554832839845588, 37.571445440018273 ], [ -102.563766951153369, 37.571281121868829 ], [ -102.572678400009679, 37.571813934046908 ], [ -102.581481608974485, 37.573038768501895 ], [ -102.590092029005689, 37.574943870762233 ], [ -102.598426944896431, 37.577510951560498 ], [ -102.606406263917989, 37.580715360761474 ], [ -102.61395328037608, 37.584526322001629 ], [ -102.620995408975503, 37.58890722588405 ], [ -102.627464880135648, 37.593815979026353 ], [ -102.63329939070438, 37.599205405732853 ], [ -102.638442703880003, 37.605023698563841 ], [ -102.64284519257086, 37.611214913605181 ], [ -102.646464320895589, 37.617719505808367 ], [ -102.64926505905494, 37.624474899376857 ], [ -102.651220227383348, 37.631416087823148 ], [ -102.652310766014438, 37.638476258017825 ], [ -102.652525927263127, 37.645587432298591 ], [ -102.65186338853556, 37.652681122508497 ], [ -102.650329284319469, 37.659688989690665 ], [ -102.647938156577865, 37.66654350308373 ], [ -102.644712823658082, 37.673178592041076 ], [ -102.640684168632305, 37.679530284536888 ], [ -102.635890848793281, 37.685537326026875 ], [ -102.630378928832755, 37.691141772597639 ], [ -102.624201441020134, 37.696289552568558 ], [ -102.617417876466106, 37.700930991000085 ], [ -102.610093612289518, 37.705021291911464 ], [ -102.602299280196789, 37.708520973415737 ], [ -102.594110082621484, 37.711396251436199 ], [ -102.585605063148677, 37.713619368173404 ], [ -102.576866338455517, 37.715168862037324 ], [ -102.567978299428887, 37.716029776343341 ], [ -102.559026789466245, 37.716193804682703 ], [ -102.550098268221674, 37.715659371515713 ], [ -102.541278969221736, 37.714431647187112 ], [ -102.532654059842798, 37.712522497225628 ], [ -102.524306812111149, 37.709950366450769 ], [ -102.516317792661425, 37.706740099066842 ], [ -102.508764079968401, 37.702922696565324 ], [ -102.501718516656808, 37.698535015878143 ], [ -102.495249004297222, 37.693619410817035 ], [ -102.489417847620629, 37.688223320393121 ], [ -102.484281154536319, 37.682398808128518 ], [ -102.479888297726276, 37.67620205694584 ], [ -102.476281442922172, 37.66969282464315 ], [ -102.473495148258579, 37.662933865332093 ], [ -102.47155603834716, 37.655990322528424 ], [ -102.470482555941317, 37.64892909983719 ], [ -102.470284793269016, 37.64181821536706 ], [ -102.47096440431109, 37.634726146137666 ], [ -102.472514598504489, 37.62772116881299 ], [ -102.474920215560701, 37.620870703099683 ], [ -102.478157880318051, 37.614240664095561 ], [ -102.482196235798938, 37.607894829760887 ], [ -102.486996251926016, 37.601894229515317 ], [ -102.492511606669936, 37.596296559739848 ], [ -102.498689135760429, 37.591155631687165 ], [ -102.505469346496085, 37.58652085698148 ] ] ], [ [ [ -103.19408415902214, 37.694735900431326 ], [ -103.200832592660902, 37.690060250467155 ], [ -103.208124446330075, 37.685932283613326 ], [ -103.215889585165939, 37.682391663674004 ], [ -103.224053360150023, 37.67947240717411 ], [ -103.232537321890604, 37.677202558872075 ], [ -103.241259969532649, 37.675603924312597 ], [ -103.250137527835776, 37.674691861895212 ], [ -103.259084745234418, 37.674475136383663 ], [ -103.268015705526338, 37.674955835213623 ], [ -103.276844645726797, 37.676129348377785 ], [ -103.285486772574401, 37.677984412082942 ], [ -103.293859070183544, 37.680503215786381 ], [ -103.301881091404866, 37.683661571635263 ], [ -103.309475725581649, 37.687429144755761 ], [ -103.316569935574833, 37.691769742274204 ], [ -103.323095457172499, 37.696641658404801 ], [ -103.328989454301819, 37.701998072411577 ], [ -103.334195123820294, 37.70778749575193 ], [ -103.33866224407835, 37.713954264238552 ], [ -103.342347661916335, 37.720439070620913 ], [ -103.345215713282386, 37.727179532591187 ], [ -103.347238573231849, 37.734110790865543 ], [ -103.348396531691208, 37.741166131685098 ], [ -103.348678192035251, 37.748277627824685 ], [ -103.348080590231504, 37.755376791994514 ], [ -103.346609233045442, 37.762395236374054 ], [ -103.344278054568008, 37.769265331929802 ], [ -103.341109291115245, 37.775920861142374 ], [ -103.337133275353395, 37.782297657804001 ], [ -103.332388151310582, 37.788334227646061 ], [ -103.326919512740986, 37.793972343718082 ], [ -103.320779968100481, 37.799157610663393 ], [ -103.31402863616124, 37.803839992321819 ], [ -103.306730577032042, 37.807974297433447 ], [ -103.298956164045492, 37.811520618617514 ], [ -103.290780402618424, 37.814444720252304 ], [ -103.282282202774383, 37.81671837138223 ], [ -103.273543612532137, 37.818319620320764 ], [ -103.26464901980016, 37.81923300819826 ], [ -103.255684330771558, 37.819449719313646 ], [ -103.246736133077988, 37.818967666784431 ], [ -103.237890852132182, 37.817791512640213 ], [ -103.229233909164634, 37.815932622166493 ], [ -103.22084888943823, 37.813408952967698 ], [ -103.212816729006562, 37.810244879876272 ], [ -103.205214928169113, 37.806470957477778 ], [ -103.198116799472828, 37.80212362264605 ], [ -103.191590757719197, 37.797244840078676 ], [ -103.185699658965831, 37.79188169438504 ], [ -103.180500194967991, 37.786085932802244 ], [ -103.176042348897127, 37.779913463091866 ], [ -103.172368917508976, 37.773423811598057 ], [ -103.169515104222484, 37.766679546822218 ], [ -103.167508186822261, 37.759745674186611 ], [ -103.166367262721494, 37.752689007917517 ], [ -103.166103073928525, 37.745577526175808 ], [ -103.166717913058434, 37.738479715697856 ], [ -103.168205610929235, 37.731463912283012 ], [ -103.170551605490104, 37.724597643474851 ], [ -103.173733091053293, 37.717946979734172 ], [ -103.177719246049378, 37.711575900292765 ], [ -103.182471536803817, 37.705545679710895 ], [ -103.187944094146772, 37.699914300941586 ], [ -103.19408415902214, 37.694735900431326 ] ] ], [ [ [ -103.176617845392258, 37.957132158535025 ], [ -103.183937933117122, 37.953006579558433 ], [ -103.191732726018884, 37.949468453363572 ], [ -103.199927291431592, 37.946551771707995 ], [ -103.208442885864002, 37.94428455393259 ], [ -103.217197706648747, 37.942688579782747 ], [ -103.226107671818824, 37.9417791817432 ], [ -103.235087221002516, 37.941565098808191 ], [ -103.244050129960272, 37.942048393041446 ], [ -103.252910331278031, 37.94322442970283 ], [ -103.261582733680626, 37.945081921133387 ], [ -103.26998403243779, 37.94760303400512 ], [ -103.278033503402099, 37.950763558956915 ], [ -103.285653773345032, 37.954533141062953 ], [ -103.292771559442073, 37.958875569015035 ], [ -103.299318371002087, 37.963749120352823 ], [ -103.30523116683797, 37.969106959549883 ], [ -103.310452962035782, 37.974897585263122 ], [ -103.314933378295223, 37.981065322582289 ], [ -103.318629132486365, 37.987550855682031 ], [ -103.321504458592386, 37.994291795881274 ], [ -103.323531458783108, 38.001223279761724 ], [ -103.324690379988922, 38.008278591690434 ], [ -103.324908288547817, 38.013824148488652 ], [ -103.325305531840158, 38.012993260325992 ], [ -103.329295733450593, 38.006617419452922 ], [ -103.334055812210678, 38.00058152442697 ], [ -103.339539821029504, 37.994943612271292 ], [ -103.345694888233439, 37.989757881544087 ], [ -103.352461728912601, 37.985074174118559 ], [ -103.359775216140235, 37.980937498988105 ], [ -103.367565006556816, 37.977387602537867 ], [ -103.375756214359114, 37.974458589279358 ], [ -103.384270127337928, 37.972178596567687 ], [ -103.393024958266111, 37.970569526314776 ], [ -103.401936624654937, 37.969646836180694 ], [ -103.410919549670226, 37.969419392174636 ], [ -103.419887476830752, 37.969889384029756 ], [ -103.428754291001624, 37.971052304138716 ], [ -103.437434838144313, 37.972896990251797 ], [ -103.445845736291773, 37.975405731553721 ], [ -103.453906170284611, 37.978554437150798 ], [ -103.461538662928689, 37.982312865424319 ], [ -103.468669815420014, 37.986644912141742 ], [ -103.47523101012483, 37.991508954668817 ], [ -103.481159069104734, 37.996858249100292 ], [ -103.486396862134967, 38.002641376625071 ], [ -103.49089385838009, 38.008802734972008 ], [ -103.494606616360741, 38.015283070346051 ], [ -103.497499207370282, 38.022020044867403 ], [ -103.499543568074017, 38.028948834172319 ], [ -103.500719778647294, 38.036002749526631 ], [ -103.501016263475009, 38.043113878545391 ], [ -103.500429912142579, 38.050213738408786 ], [ -103.498966119189518, 38.057233935316887 ], [ -103.496638741866377, 38.064106823837044 ], [ -103.493469975928164, 38.070766159770358 ], [ -103.489490150302359, 38.077147740197333 ], [ -103.484737442281684, 38.083190024460961 ], [ -103.47925751570078, 38.088834730004315 ], [ -103.473103085351056, 38.094027397203725 ], [ -103.466333411663854, 38.098717917621393 ], [ -103.459013730432417, 38.102861020443996 ], [ -103.451214623044848, 38.106416712272946 ], [ -103.443011333348139, 38.109350665882346 ], [ -103.437274089971865, 38.110887191457984 ], [ -103.440230422424619, 38.111767540397658 ], [ -103.448305370603777, 38.1149168793755 ], [ -103.455951501330944, 38.118675886238002 ], [ -103.463095285148157, 38.123008451632941 ], [ -103.469667983142756, 38.127872948411394 ], [ -103.475606306626304, 38.133222628783571 ], [ -103.480853026217915, 38.139006070702536 ], [ -103.485357524485991, 38.145167669322831 ], [ -103.489076286772871, 38.151648168943879 ], [ -103.491973325351424, 38.158385230451827 ], [ -103.494020532638331, 38.165314028918978 ], [ -103.495197959812245, 38.172367875711892 ], [ -103.495494017853304, 38.179478859203002 ], [ -103.49490559872784, 38.186578497975191 ], [ -103.493438115185398, 38.193598400263021 ], [ -103.491105458406111, 38.200470923284072 ], [ -103.487929873529296, 38.207129826086955 ], [ -103.483941753902442, 38.213510909576222 ], [ -103.479179355702044, 38.219552637471701 ], [ -103.47368843538888, 38.225196732119919 ], [ -103.467521813258344, 38.230388739297346 ], [ -103.460738867121862, 38.235078556429706 ], [ -103.453404960900215, 38.239220918993091 ], [ -103.445590813610949, 38.242775840262311 ], [ -103.437371814882638, 38.245709000022195 ], [ -103.428827293718115, 38.247992078357782 ], [ -103.420039747748618, 38.249603031180534 ], [ -103.411094040662775, 38.250526304728261 ], [ -103.402076575853172, 38.250752986886347 ], [ -103.393074454590845, 38.250280893812949 ], [ -103.384174627213213, 38.24911459100219 ], [ -103.375463045888466, 38.247265348581649 ], [ -103.367023827499395, 38.24475103130267 ], [ -103.358938435072361, 38.241595924341105 ], [ -103.351284885964105, 38.237830496669943 ], [ -103.344136994713892, 38.233491104390595 ], [ -103.337563658076533, 38.228619637005892 ], [ -103.331628189278575, 38.223263110182273 ], [ -103.326387707992453, 38.217473209071507 ], [ -103.321892591911563, 38.211305786741313 ], [ -103.318185995139217, 38.204820322692953 ], [ -103.31530343788819, 38.198079346819043 ], [ -103.313272471233887, 38.191147834472908 ], [ -103.312112419882183, 38.184092578579708 ], [ -103.311834205113996, 38.176981544917425 ], [ -103.312440249260661, 38.169883216831003 ], [ -103.313649499042853, 38.164166060213368 ], [ -103.313579274667177, 38.164167773794169 ], [ -103.30458861902116, 38.163689144783326 ], [ -103.295700944930715, 38.16251639234288 ], [ -103.287002086179456, 38.160660849089695 ], [ -103.278576035718672, 38.15814044073317 ], [ -103.2705041283442, 38.154979511278157 ], [ -103.262864250172754, 38.151208585824712 ], [ -103.255730082811112, 38.146864073356696 ], [ -103.249170389718415, 38.141987912508114 ], [ -103.243248351789461, 38.136627163859117 ], [ -103.238020958639297, 38.130833552836251 ], [ -103.233538461457968, 38.124662967770092 ], [ -103.230183982699472, 38.118772203016213 ], [ -103.228665796454976, 38.120326496887827 ], [ -103.222491394936938, 38.125505516715641 ], [ -103.215703259152733, 38.130181111016419 ], [ -103.208366805240388, 38.134308152817304 ], [ -103.200552778618686, 38.13784680376785 ], [ -103.192336569174969, 38.140762901390694 ], [ -103.183797479970593, 38.143028291312291 ], [ -103.175017956709056, 38.144621101147749 ], [ -103.166082785650062, 38.145525953294914 ], [ -103.158105209411261, 38.145710409257489 ], [ -103.162170678344609, 38.151316014647215 ], [ -103.165860718662046, 38.157806049910711 ], [ -103.16872791308198, 38.164550357728572 ], [ -103.170744439446608, 38.171484041921317 ], [ -103.171890642955546, 38.178540365146631 ], [ -103.172155234430079, 38.185651390143448 ], [ -103.171535408644147, 38.192748633251981 ], [ -103.170036881214898, 38.19976372394725 ], [ -103.167673843318326, 38.206629064036363 ], [ -103.16446883429029, 38.213278480144396 ], [ -103.160452532980656, 38.21964786315025 ], [ -103.155663469543214, 38.225675788333042 ], [ -103.150147660153593, 38.231304110152529 ], [ -103.14395816794638, 38.236478525811734 ], [ -103.137154594236705, 38.241149102036324 ], [ -103.129802504835638, 38.245270759850051 ], [ -103.121972796968208, 38.248803712526765 ], [ -103.113741012951877, 38.25171385235263 ], [ -103.105186607379565, 38.253973082333964 ], [ -103.096392175069028, 38.255559589529383 ], [ -103.087442647478639, 38.256458057266833 ], [ -103.078424465644886, 38.256659814117242 ], [ -103.06942473796154, 38.256162918132596 ], [ -103.060530391290527, 38.254972175508335 ], [ -103.051827323968794, 38.253099093491748 ], [ -103.043399569251335, 38.250561768021299 ], [ -103.035328477608886, 38.247384707239171 ], [ -103.027691926082184, 38.243598592663304 ], [ -103.020563562585778, 38.239239980428721 ], [ -103.014012092659186, 38.234350945603175 ], [ -103.008100615686317, 38.228978673144375 ], [ -103.00288601705482, 38.223174999587478 ], [ -102.998418422112024, 38.216995910027826 ], [ -102.994740717102644, 38.210500995390795 ], [ -102.991888141556245, 38.203752875352741 ], [ -102.989887955836977, 38.196816592593386 ], [ -102.988759186786424, 38.189758984315468 ], [ -102.988512453591028, 38.182648037163283 ], [ -102.989149875197811, 38.175552231805028 ], [ -102.990665059796569, 38.1685398835142 ], [ -102.993043176089117, 38.161678485095493 ], [ -102.996261105287459, 38.155034058448926 ], [ -103.000287672027127, 38.148670520954724 ], [ -103.005083951658193, 38.142649072695377 ], [ -103.010603650687685, 38.137027610307598 ], [ -103.01679355650019, 38.131860172984872 ], [ -103.02359405188129, 38.127196425828046 ], [ -103.030939689313939, 38.123081185375646 ], [ -103.038759819515079, 38.119553991737384 ], [ -103.046979268229521, 38.116648731309169 ], [ -103.055519054902703, 38.114393313570865 ], [ -103.06429714651442, 38.112809404960139 ], [ -103.073229239573251, 38.111912222285902 ], [ -103.081203102155584, 38.111733441201075 ], [ -103.077146015496808, 38.106125217925538 ], [ -103.073466361126478, 38.099632616856127 ], [ -103.070610321667573, 38.092886211250232 ], [ -103.068605192448672, 38.085951027399076 ], [ -103.067470049529163, 38.078893892156351 ], [ -103.067215575030687, 38.071782787947448 ], [ -103.067843963887356, 38.06468619737926 ], [ -103.069348912541116, 38.057672443786515 ], [ -103.071715689312839, 38.050809034060904 ], [ -103.074921285401487, 38.044162010058024 ], [ -103.078934644708568, 38.037795314767855 ], [ -103.083716969962097, 38.031770179267042 ], [ -103.089222101925486, 38.026144536250307 ], [ -103.095396967830709, 38.020972465664492 ], [ -103.102182094572058, 38.016303677648118 ], [ -103.10951218164297, 38.012183037611905 ], [ -103.117316728295265, 38.008650137889198 ], [ -103.125520708949423, 38.005738919939645 ], [ -103.134045290489226, 38.003477350612364 ], [ -103.142808584734013, 38.001887155467621 ], [ -103.143143267146058, 38.001853258577668 ], [ -103.143853445083622, 37.998523893459932 ], [ -103.146211196434436, 37.991658686679486 ], [ -103.149407344458368, 37.985009324644821 ], [ -103.15341092408913, 37.97863977331658 ], [ -103.158183232074776, 37.972611291697071 ], [ -103.163678205287667, 37.966981845076475 ], [ -103.169842868246079, 37.961805550339065 ], [ -103.176617845392258, 37.957132158535025 ] ] ], [ [ [ -102.067293904790205, 37.998202027562755 ], [ -102.074138471807274, 37.993594983455225 ], [ -102.081519896372129, 37.989540546844268 ], [ -102.089367192771221, 37.986077674636107 ], [ -102.097604932208611, 37.983239637053536 ], [ -102.106153963660077, 37.981053700241851 ], [ -102.114932169132359, 37.979540866182937 ], [ -102.123855246321426, 37.978715672328299 ], [ -102.132837511443753, 37.978586052809383 ], [ -102.141792714852699, 37.979153262516569 ], [ -102.150634861947793, 37.980411864759851 ], [ -102.159279031840057, 37.982349782639886 ], [ -102.167642186249608, 37.984948413672022 ], [ -102.17564396118496, 37.988182806623215 ], [ -102.183207434084579, 37.992021898945879 ], [ -102.190259859292567, 37.996428812630391 ], [ -102.193491239368072, 37.998891039159801 ], [ -102.199102623522307, 37.995800718447086 ], [ -102.206945564180671, 37.992329799973547 ], [ -102.215179999465349, 37.989483366205484 ], [ -102.223726809393213, 37.987288763667792 ], [ -102.232503896771178, 37.985767077236353 ], [ -102.241426969676894, 37.984932928994077 ], [ -102.250410344204724, 37.984794338650183 ], [ -102.259367760089447, 37.985352646820054 ], [ -102.268213201715426, 37.986602501886047 ], [ -102.276861716973045, 37.988531910574167 ], [ -102.285230226437776, 37.991122351796442 ], [ -102.293238315418861, 37.99434895272492 ], [ -102.300809001555834, 37.998180725488453 ], [ -102.307869470831648, 38.002580862320023 ], [ -102.314351775119519, 38.007507086436078 ], [ -102.320193484688573, 38.012912055405238 ], [ -102.325338289458386, 38.018743813264756 ], [ -102.329736543214494, 38.024946287175915 ], [ -102.333345745474446, 38.031459823976682 ], [ -102.336130956224267, 38.038221761596766 ], [ -102.338065139327895, 38.0451670299502 ], [ -102.339129431040647, 38.052228775618744 ], [ -102.339137951556395, 38.052558205391037 ], [ -102.341720569827004, 38.056197609071923 ], [ -102.345332229380475, 38.062710842755116 ], [ -102.348119576874723, 38.069472548515719 ], [ -102.350055555339338, 38.076417658622702 ], [ -102.351121283424845, 38.083479321291456 ], [ -102.351306246307189, 38.090589543198881 ], [ -102.350608406588847, 38.097679843721444 ], [ -102.349034233759909, 38.10468191462008 ], [ -102.34659865155713, 38.111528278813694 ], [ -102.343324903355636, 38.118152941863464 ], [ -102.339244336536623, 38.12449202983251 ], [ -102.334396107588148, 38.130484407291128 ], [ -102.328826810506058, 38.136072269406654 ], [ -102.322590031857175, 38.141201702288576 ], [ -102.315745836639394, 38.145823206051617 ], [ -102.30836018981131, 38.149892175411047 ], [ -102.300504319059229, 38.153369333030874 ], [ -102.292254025011147, 38.156221111304767 ], [ -102.283688945686194, 38.158419978755674 ], [ -102.274891782477169, 38.159944707788377 ], [ -102.265947495393348, 38.160780581114231 ], [ -102.25694247563554, 38.160919534781655 ], [ -102.247963703830521, 38.160360236384136 ], [ -102.239097902411345, 38.159108097670504 ], [ -102.230430690694305, 38.157175221444703 ], [ -102.222045751168409, 38.154580283304533 ], [ -102.21402401538262, 38.151348349424921 ], [ -102.206442877589708, 38.147510632233043 ], [ -102.199375443988473, 38.143104186442386 ], [ -102.192889825003206, 38.138171548504928 ], [ -102.187048477556075, 38.132760323097614 ], [ -102.181907603733308, 38.126922720776157 ], [ -102.177516611626473, 38.120715051399372 ], [ -102.17406415260912, 38.11446253559874 ], [ -102.1707268224187, 38.115935594349757 ], [ -102.166963513054043, 38.117232314024001 ], [ -102.166979759804036, 38.117924165258131 ], [ -102.16626372245436, 38.125012637474022 ], [ -102.164671328295086, 38.132011499093352 ], [ -102.162217676905186, 38.138853302928531 ], [ -102.158926186390104, 38.145472097521527 ], [ -102.154828376039575, 38.151804064625772 ], [ -102.149963569733245, 38.157788136706991 ], [ -102.14437852267848, 38.163366588405516 ], [ -102.138126974861123, 38.168485596135973 ], [ -102.131269135361023, 38.173095760293151 ], [ -102.12387110242291, 38.177152584886393 ], [ -102.116004224867012, 38.180616909831812 ], [ -102.107744411064928, 38.183455291592971 ], [ -102.099171392284134, 38.185640328367036 ], [ -102.090367947711655, 38.187150926563064 ], [ -102.081419098896106, 38.187972505905158 ], [ -102.072411281689625, 38.188097141107797 ], [ -102.063431504024265, 38.187523638709415 ], [ -102.054566498015447, 38.186257548304148 ], [ -102.045901874945756, 38.184311108073445 ], [ -102.037521291646399, 38.181703125181777 ], [ -102.029505636659792, 38.178458792256869 ], [ -102.02193224433843, 38.174609441815058 ], [ -102.014874144715918, 38.170192241112801 ], [ -102.00839935658081, 38.165249830495441 ], [ -102.002570230699021, 38.159829908870996 ], [ -101.997442849573659, 38.15398477045219 ], [ -101.993066489510724, 38.147770797378726 ], [ -101.989483150083217, 38.141247913252158 ], [ -101.986727155365841, 38.134479002979596 ], [ -101.984824830555979, 38.127529304631295 ], [ -101.983794256814818, 38.12046577926499 ], [ -101.98364510636388, 38.113356464857439 ], [ -101.984378559067878, 38.106269820609818 ], [ -101.985987300931541, 38.099274067956607 ], [ -101.988455604146125, 38.092436534610549 ], [ -101.991759487546574, 38.085823007918428 ], [ -101.995866955591609, 38.079497103685718 ], [ -102.000738313260072, 38.073519656455218 ], [ -102.006326553576159, 38.067948136998211 ], [ -102.01257781383454, 38.062836102498487 ], [ -102.019431896001436, 38.058232684583828 ], [ -102.026822846220057, 38.054182119990109 ], [ -102.034679587851755, 38.05072332823196 ], [ -102.038441470860818, 38.049430794363076 ], [ -102.038426411339913, 38.048738968343862 ], [ -102.039153532521766, 38.041651669065196 ], [ -102.040755274320361, 38.034654824751691 ], [ -102.043215976889641, 38.027815774000167 ], [ -102.046511732641434, 38.021200319154282 ], [ -102.050610624502525, 38.014872094969881 ], [ -102.055473040048128, 38.008891958696687 ], [ -102.061052058231766, 38.003317407336681 ], [ -102.067293904790205, 37.998202027562755 ] ] ], [ [ [ -102.88733104379692, 38.026315013627418 ], [ -102.89412933525486, 38.021658639366379 ], [ -102.901471029986268, 38.01755133144313 ], [ -102.909285517421424, 38.014032554184162 ], [ -102.917497678045152, 38.011136113641072 ], [ -102.926028601527506, 38.008889835134816 ], [ -102.934796339880023, 38.00731529791026 ], [ -102.943716688643718, 38.006427629357631 ], [ -102.952703988890846, 38.006235360706036 ], [ -102.961671942655812, 38.006740345526886 ], [ -102.970534434303374, 38.007937741807325 ], [ -102.979206350292543, 38.009816057769761 ], [ -102.987604389804744, 38.012357261026423 ], [ -102.995647858773623, 38.015536950075372 ], [ -103.003259439980923, 38.019324586567919 ], [ -103.010365932070485, 38.023683786213752 ], [ -103.016898950577215, 38.028572665642791 ], [ -103.022795584371707, 38.033944242017526 ], [ -103.027999001282879, 38.039746881688856 ], [ -103.032458997078635, 38.045924793720332 ], [ -103.036132482458356, 38.052418563669576 ], [ -103.03898390323738, 38.059165722621472 ], [ -103.040985589481735, 38.066101346113932 ], [ -103.042118029976791, 38.073158677292561 ], [ -103.04237006908356, 38.080269768374656 ], [ -103.041739023745734, 38.087366134301917 ], [ -103.040230719154735, 38.094379412316798 ], [ -103.037859442351802, 38.101242021111197 ], [ -103.034647813840181, 38.107887813171914 ], [ -103.03062657808772, 38.11425271398447 ], [ -103.025834314612666, 38.120275341857742 ], [ -103.020317072155308, 38.125897602295396 ], [ -103.014127929233737, 38.131065251065849 ], [ -103.007326485156284, 38.135728420410487 ], [ -102.999978286303389, 38.139842103174743 ], [ -102.992154193191098, 38.143366590049737 ], [ -102.983929694473289, 38.146267855565242 ], [ -102.97538417462566, 38.148517888977963 ], [ -102.966600142568254, 38.150094966742834 ], [ -102.957662428921083, 38.15098386383702 ], [ -102.948657359938736, 38.151176001818662 ], [ -102.939671916433952, 38.150669532137897 ], [ -102.930792886167282, 38.149469353870323 ], [ -102.922106018253046, 38.147587065704691 ], [ -102.913695188105919, 38.145040852679543 ], [ -102.905641581329547, 38.141855308820737 ], [ -102.898022904730951, 38.138061197475338 ], [ -102.890912632335159, 38.133695151759653 ], [ -102.884379293878141, 38.128799318134924 ], [ -102.878485812780198, 38.123420946684639 ], [ -102.873288900051705, 38.117611932188318 ], [ -102.868838509969152, 38.111428310562502 ], [ -102.865177362688954, 38.104929715664781 ], [ -102.8623405382492, 38.098178801829043 ], [ -102.860355145656214, 38.091240637814131 ], [ -102.85924006997179, 38.084182078104284 ], [ -102.859005799519139, 38.077071117693393 ], [ -102.859654334519732, 38.069976236618032 ], [ -102.861179177668646, 38.062965740574228 ], [ -102.863565406360593, 38.056107103961345 ], [ -102.866789825501669, 38.049466321645156 ], [ -102.870821199087644, 38.043107275619832 ], [ -102.875620558007498, 38.037091122581558 ], [ -102.881141580843959, 38.031475708203459 ], [ -102.88733104379692, 38.026315013627418 ] ] ], [ [ [ -102.478320118346915, 38.027532002512906 ], [ -102.485684235783054, 38.023451491478831 ], [ -102.493517765483759, 38.019961067458055 ], [ -102.501745408090457, 38.017094264674554 ], [ -102.510288107230409, 38.014878624620877 ], [ -102.519063803962979, 38.013335433384803 ], [ -102.527988218942653, 38.012479518621078 ], [ -102.536975655075082, 38.01231910804934 ], [ -102.545939813277656, 38.012855750792582 ], [ -102.554794613851243, 38.014084302292432 ], [ -102.563455015921406, 38.015992972952546 ], [ -102.571837827420197, 38.01856344007642 ], [ -102.579862498149865, 38.021771022081687 ], [ -102.587451888599375, 38.025584913397871 ], [ -102.59453300737394, 38.029968477891053 ], [ -102.601037710345011, 38.034879598112731 ], [ -102.606903354934005, 38.040271077144062 ], [ -102.612073403307036, 38.046091089309343 ], [ -102.616497968678345, 38.052283675562485 ], [ -102.620134299395488, 38.058789278918162 ], [ -102.622947196009363, 38.065545314904199 ], [ -102.624909357111335, 38.072486771661254 ], [ -102.626001650348911, 38.079546834012078 ], [ -102.626213305702791, 38.086657525569471 ], [ -102.625542028820476, 38.093750362752765 ], [ -102.623994032946911, 38.100757014440994 ], [ -102.621583988767412, 38.107609960907247 ], [ -102.618334892272387, 38.11424314565712 ], [ -102.614277851562335, 38.120592613834354 ], [ -102.609451794324684, 38.126597130961123 ], [ -102.603903098523915, 38.132198775946172 ], [ -102.597685149641606, 38.137343502524175 ], [ -102.590857828576432, 38.1419816635796 ], [ -102.583486935053386, 38.146068493157564 ], [ -102.575643552087314, 38.149564541368868 ], [ -102.567403357690381, 38.152436057853848 ], [ -102.558845890593332, 38.154655319973621 ], [ -102.550053777262747, 38.156200902445214 ], [ -102.541111927927901, 38.157057885719048 ], [ -102.532106709679894, 38.157218001012673 ], [ -102.523125104962617, 38.156679710550414 ], [ -102.514253863939359, 38.155448222212108 ], [ -102.50557865928522, 38.153535438456061 ], [ -102.49718325192508, 38.15095984004401 ], [ -102.489148676108798, 38.147746305752207 ], [ -102.481552451992712, 38.143925869895476 ], [ -102.474467833582437, 38.139535420111656 ], [ -102.467963099491371, 38.134617338447761 ], [ -102.462100893489406, 38.129219089346911 ], [ -102.456937621263108, 38.12339275865434 ], [ -102.452522909191316, 38.117194548232632 ], [ -102.448899130267719, 38.110684231199507 ], [ -102.446101001582889, 38.10392457316977 ], [ -102.444155257023823, 38.09698072519457 ], [ -102.443080398067593, 38.08991959434335 ], [ -102.442886524748033, 38.082809198064624 ], [ -102.443575248068711, 38.075718008591664 ], [ -102.445139684332148, 38.068714293725307 ], [ -102.447564531061445, 38.061865460333003 ], [ -102.450826223414495, 38.055237406847304 ], [ -102.454893169239227, 38.048893890934195 ], [ -102.459726060198577, 38.042895918330622 ], [ -102.465278255708853, 38.037301158626484 ], [ -102.471496235792415, 38.032163393490166 ], [ -102.478320118346915, 38.027532002512906 ] ] ], [ [ [ -102.577243395635762, 38.16685161718285 ], [ -102.584616773616546, 38.162765274719789 ], [ -102.592461209118909, 38.15926866669755 ], [ -102.600701297869833, 38.156395386168278 ], [ -102.609257864138215, 38.154173036252899 ], [ -102.618048716310966, 38.152622966903152 ], [ -102.62698943030037, 38.151760071287242 ], [ -102.635994153547429, 38.151592643684552 ], [ -102.644976422222484, 38.152122300208823 ], [ -102.653849984116974, 38.153343963100596 ], [ -102.662529619673407, 38.155245908745954 ], [ -102.670931953611699, 38.157809878992509 ], [ -102.67897624968009, 38.161011254750697 ], [ -102.68658518118886, 38.164819290292584 ], [ -102.693685570172548, 38.169197406097631 ], [ -102.70020908827459, 38.174103537547808 ], [ -102.706092912753277, 38.179490536249695 ], [ -102.711280331371682, 38.185306620262132 ], [ -102.715721290354082, 38.191495869039173 ], [ -102.719372880067951, 38.19799875846477 ], [ -102.722199753618582, 38.204752730960756 ], [ -102.724174474124823, 38.211692795298475 ], [ -102.725277787072216, 38.218752150440231 ], [ -102.725498814812482, 38.225862827482942 ], [ -102.724835170991028, 38.232956343576674 ], [ -102.723292993430391, 38.23996436154799 ], [ -102.722325828655073, 38.242719992607483 ], [ -102.726587271224659, 38.243650229369877 ], [ -102.735002105828229, 38.246209965721754 ], [ -102.743058980362321, 38.249407295860138 ], [ -102.750680448174791, 38.25321151306072 ], [ -102.757793211615379, 38.257586074711725 ], [ -102.764328824032759, 38.262488950648539 ], [ -102.770224346886081, 38.267873024135348 ], [ -102.775422955723926, 38.273686541776257 ], [ -102.779874489204346, 38.279873608169062 ], [ -102.783535935804494, 38.286374720681493 ], [ -102.786371853398393, 38.293127339334283 ], [ -102.788354717461132, 38.300066486424775 ], [ -102.789465194286663, 38.307125370219289 ], [ -102.789692336279117, 38.314236026789125 ], [ -102.789033697090304, 38.321329973864465 ], [ -102.787495365123519, 38.328338870437271 ], [ -102.78509191469881, 38.335195175759864 ], [ -102.781846274972537, 38.341832801362571 ], [ -102.777789517514364, 38.348187749752867 ], [ -102.772960564260927, 38.354198733560935 ], [ -102.767405818378094, 38.359807769061433 ], [ -102.761178721362441, 38.364960738229705 ], [ -102.754339240489188, 38.369607913779049 ], [ -102.74695329145645, 38.373704441974077 ], [ -102.739092101776379, 38.377210778418288 ], [ -102.730831521110346, 38.380093072470665 ], [ -102.722251285331566, 38.382323496449054 ], [ -102.713434241612447, 38.383880516324879 ], [ -102.704465542271052, 38.384749101196455 ], [ -102.695431815461561, 38.384920869441451 ], [ -102.686420321055209, 38.384394170086061 ], [ -102.67751810022385, 38.383174098581584 ], [ -102.668811127307947, 38.381272446840839 ], [ -102.660383472520948, 38.378707588050723 ], [ -102.65231648391692, 38.375504297433451 ], [ -102.644687996824416, 38.371693510772488 ], [ -102.637571578637548, 38.367312023141238 ], [ -102.631035816453249, 38.362402130866506 ], [ -102.625143654563118, 38.357011220318057 ], [ -102.619951788254156, 38.351191307635752 ], [ -102.615510119753282, 38.344998533978668 ], [ -102.61186128147564, 38.338492621304816 ], [ -102.609040231016223, 38.331736294059574 ], [ -102.607073921565856, 38.324794672463455 ], [ -102.605981050649305, 38.317734643342966 ], [ -102.605771889281485, 38.310624214640448 ], [ -102.606448192829944, 38.30353185986889 ], [ -102.608003194064423, 38.29652585884547 ], [ -102.608975454083762, 38.293771358302926 ], [ -102.604712838498159, 38.292836806843695 ], [ -102.596297772158493, 38.290267710490198 ], [ -102.588243443906521, 38.287060377252295 ], [ -102.580627565961592, 38.28324578180181 ], [ -102.573523583233666, 38.278860755753861 ], [ -102.566999962180617, 38.273947629283825 ], [ -102.561119529495812, 38.268553819599852 ], [ -102.555938867067113, 38.262731370384827 ], [ -102.551507769030138, 38.256536446794932 ], [ -102.547868766064838, 38.250028791024818 ], [ -102.545056721364006, 38.243271143819214 ], [ -102.543098501945991, 38.236328637622556 ], [ -102.542012728200874, 38.229268167310771 ], [ -102.541809603759418, 38.222157744641756 ], [ -102.542490826967168, 38.215065842689938 ], [ -102.544049584440046, 38.208060736598689 ], [ -102.5464706263826, 38.201209846990174 ], [ -102.549730422571955, 38.194579092317866 ], [ -102.553797397157282, 38.188232256333812 ], [ -102.558632239702817, 38.182230376672187 ], [ -102.564188289215977, 38.176631160327247 ], [ -102.570411987258225, 38.171488431527273 ], [ -102.577243395635762, 38.16685161718285 ] ] ], [ [ [ -103.189847774953975, 38.204780825123166 ], [ -103.197192457196934, 38.200655190242443 ], [ -103.205013470434523, 38.197116969830191 ], [ -103.213235631001552, 38.194200155744959 ], [ -103.221779931671392, 38.191932767886932 ], [ -103.230564295767707, 38.190336587040946 ], [ -103.239504359586149, 38.189426947224284 ], [ -103.24851427589627, 38.189212589459508 ], [ -103.257507531126109, 38.1896955783264 ], [ -103.266397768722825, 38.190871282069416 ], [ -103.275099611131807, 38.192728416452276 ], [ -103.283529472845615, 38.195249151966543 ], [ -103.29160635704099, 38.198409283416318 ], [ -103.299252628448968, 38.202178460326166 ], [ -103.306394755288323, 38.206520476055417 ], [ -103.31296401333654, 38.211393612954211 ], [ -103.318897145515464, 38.216751040371051 ], [ -103.324136970728148, 38.222541261821426 ], [ -103.328632936100902, 38.228708607156399 ], [ -103.332341607256481, 38.235193765135413 ], [ -103.335227091770221, 38.241934351410414 ], [ -103.337261391537581, 38.248865506574951 ], [ -103.338424680407044, 38.255920518624769 ], [ -103.338705504101043, 38.263031463920221 ], [ -103.338100900157954, 38.270129860536834 ], [ -103.336616436371486, 38.277147327744984 ], [ -103.334266166976832, 38.2840162452705 ], [ -103.331072506627777, 38.290670405962246 ], [ -103.327066023017679, 38.297045655526958 ], [ -103.322285149811137, 38.30308051309062 ], [ -103.316775822366182, 38.308716766506244 ], [ -103.310591039524382, 38.313900036551729 ], [ -103.303790355523901, 38.318580304446797 ], [ -103.296439306834898, 38.32271239746067 ], [ -103.288608779418752, 38.3262564277831 ], [ -103.280374322563063, 38.329178180282675 ], [ -103.271815416033533, 38.331449445277364 ], [ -103.263014697802888, 38.333048292984827 ], [ -103.254057160058707, 38.333959286900743 ], [ -103.245029321548813, 38.334173633964667 ], [ -103.236018384589912, 38.333689270007902 ], [ -103.227111385238231, 38.332510879630412 ], [ -103.218394345196842, 38.330649850315197 ], [ -103.209951434011813, 38.32812416125202 ], [ -103.201864149990698, 38.324958208000254 ], [ -103.194210528060481, 38.321182564765209 ], [ -103.187064382475853, 38.316833686685882 ], [ -103.180494591893222, 38.311953555129008 ], [ -103.174564433851117, 38.306589269546976 ], [ -103.169330975147588, 38.300792589979295 ], [ -103.164844523991363, 38.294619434755823 ], [ -103.161148149131506, 38.288129338386661 ], [ -103.158277270452544, 38.281384874998025 ], [ -103.156259324766367, 38.274451052990393 ], [ -103.155113509749398, 38.267394686852214 ], [ -103.154850608172978, 38.260283752259419 ], [ -103.155472893766486, 38.253186730725027 ], [ -103.156974119244808, 38.246171950135512 ], [ -103.159339586233912, 38.239306927520666 ], [ -103.162546296047097, 38.232657720353629 ], [ -103.166563179507889, 38.22628829256788 ], [ -103.17135140328979, 38.220259901311032 ], [ -103.17686474955326, 38.214630510234599 ], [ -103.18305006501167, 38.209454234845417 ], [ -103.189847774953975, 38.204780825123166 ] ] ], [ [ [ -103.449434803819528, 38.659718591837866 ], [ -103.456812447039908, 38.65557766564622 ], [ -103.464671417677465, 38.652023160007097 ], [ -103.472936167295842, 38.649089221427261 ], [ -103.481527280517582, 38.646804032492483 ], [ -103.490362232989341, 38.645189543229371 ], [ -103.49935617799413, 38.64426126190714 ], [ -103.50842275444495, 38.64402810721127 ], [ -103.517474908825278, 38.644492323155966 ], [ -103.526425723530977, 38.645649457524271 ], [ -103.535189244016792, 38.647488404041823 ], [ -103.543681297157619, 38.649991507904865 ], [ -103.551820293300963, 38.653134733700028 ], [ -103.559528004612901, 38.656887894178155 ], [ -103.566730312503537, 38.661214937780855 ], [ -103.573357917161871, 38.666074292271233 ], [ -103.579347002531335, 38.671419261294638 ], [ -103.584639850416778, 38.677198470193858 ], [ -103.58918539783059, 38.683356356934134 ], [ -103.592939732157205, 38.689833703555891 ], [ -103.595866519241667, 38.696568203176589 ], [ -103.597937360085552, 38.703495057207988 ], [ -103.599132072459099, 38.71054759714643 ], [ -103.599438894410383, 38.717657925036278 ], [ -103.598854607363123, 38.724757566500962 ], [ -103.597384577242323, 38.731778130087953 ], [ -103.595042712842741, 38.738651966583781 ], [ -103.591851341454259, 38.745312821925936 ], [ -103.587841002571281, 38.751696477371546 ], [ -103.583050161333801, 38.75774137067804 ], [ -103.577524844164756, 38.763389192210283 ], [ -103.571318199874412, 38.768585450109384 ], [ -103.564489990285196, 38.773279998941433 ], [ -103.557106015182939, 38.777427526585512 ], [ -103.549237477109642, 38.780987994518576 ], [ -103.540960292170595, 38.783927027105044 ], [ -103.532354353625109, 38.786216245997878 ], [ -103.523502755556819, 38.787833546300057 ], [ -103.514490984366731, 38.788763311714682 ], [ -103.505406086196416, 38.788996566522727 ], [ -103.496335818660683, 38.788531062862603 ], [ -103.487367795446701, 38.787371302437904 ], [ -103.47858863241683, 38.785528492441735 ], [ -103.470083103832707, 38.783020436150466 ], [ -103.46193331720103, 38.779871359297886 ], [ -103.454217915026732, 38.776111673987373 ], [ -103.447011311452201, 38.771777682524082 ], [ -103.440382971364826, 38.766911224147883 ], [ -103.434396739078494, 38.761559268211997 ], [ -103.429110223141279, 38.755773457876288 ], [ -103.424574243203807, 38.749609608864127 ], [ -103.420832344206616, 38.743127168260592 ], [ -103.417920382421357, 38.736388638705655 ], [ -103.415866187119974, 38.729458973654353 ], [ -103.414689300856409, 38.72240494963517 ], [ -103.414400800539482, 38.715294521635435 ], [ -103.41500320066018, 38.708196167878761 ], [ -103.416490439222912, 38.701178230332232 ], [ -103.418847946125908, 38.694308257292924 ], [ -103.422052792948989, 38.687652354354171 ], [ -103.426073922344827, 38.681274549942167 ], [ -103.430872454498697, 38.675236181448859 ], [ -103.436402067426954, 38.669595307765626 ], [ -103.442609447231447, 38.664406153750022 ], [ -103.449434803819528, 38.659718591837866 ] ] ], [ [ [ -103.369992562272515, 38.863152548766166 ], [ -103.377396018296039, 38.85901732661933 ], [ -103.385281445433037, 38.855468843434949 ], [ -103.393573042529056, 38.852541187309065 ], [ -103.402191138046447, 38.850262480069794 ], [ -103.411052950404809, 38.848654609233947 ], [ -103.420073376970009, 38.847733019413972 ], [ -103.429165804407177, 38.847506565101668 ], [ -103.438242932944092, 38.847977426189154 ], [ -103.447217606981482, 38.849141087011006 ], [ -103.456003644435356, 38.850986379108178 ], [ -103.464516657203916, 38.853495587329228 ], [ -103.472674855218699, 38.856644618302134 ], [ -103.480399826665533, 38.860403229734601 ], [ -103.487617287145497, 38.86473531843756 ], [ -103.4942577907903, 38.869599264420188 ], [ -103.500257396648976, 38.874948327878414 ], [ -103.505558284022882, 38.880731095399284 ], [ -103.510109310843873, 38.886891971233048 ], [ -103.513866509663245, 38.893371709049291 ], [ -103.516793516347121, 38.900107979196001 ], [ -103.518861927152429, 38.907035966125804 ], [ -103.520051580485301, 38.914088990346166 ], [ -103.520230461408829, 38.918340291982204 ], [ -103.526312236064584, 38.921984637775545 ], [ -103.532960661646754, 38.926846491450533 ], [ -103.538967920752327, 38.932193664442913 ], [ -103.544276119265021, 38.937974761785718 ], [ -103.548834044831182, 38.944134204086971 ], [ -103.552597663520785, 38.950612759117767 ], [ -103.555530549164459, 38.957348108924194 ], [ -103.557604241034653, 38.964275447129168 ], [ -103.558798526166839, 38.97132810078255 ], [ -103.559101643290177, 38.978438170858688 ], [ -103.558510406050473, 38.985537185296756 ], [ -103.557030243958437, 38.992556758329563 ], [ -103.554675160274797, 38.999429249757284 ], [ -103.551467606845861, 39.006088417792633 ], [ -103.547438276719859, 39.012470059137243 ], [ -103.542625816198012, 39.018512630044583 ], [ -103.537076458794672, 39.024157842283472 ], [ -103.530843584390922, 39.029351228137884 ], [ -103.523987207652212, 39.03404266886114 ], [ -103.516573400536132, 39.038186881344444 ], [ -103.508673654429558, 39.041743858157886 ], [ -103.50036418811473, 39.044679256572785 ], [ -103.491725208363306, 39.046964732673622 ], [ -103.48284013048594, 39.048578217209773 ], [ -103.473794766615114, 39.049504130417809 ], [ -103.464676489863734, 39.049733533655726 ], [ -103.455573382775157, 39.049264216326343 ], [ -103.446573378658769, 39.048100717219462 ], [ -103.437763404484699, 39.046254280065284 ], [ -103.429228533991491, 39.043742743755629 ], [ -103.421051159541463, 39.040590368348731 ], [ -103.413310191042939, 39.036827598619489 ], [ -103.406080289948093, 39.032490767542065 ], [ -103.399431145937044, 39.027621742690243 ], [ -103.393426803418592, 39.0222675191051 ], [ -103.388125044421429, 39.016479762703462 ], [ -103.3835768338284, 39.010314308780274 ], [ -103.379825832226217, 39.00383062058642 ], [ -103.376907980916144, 38.997091213339012 ], [ -103.374851162866179, 38.990161049338859 ], [ -103.373674942592544, 38.983106910128768 ], [ -103.373504797567108, 38.978855610596106 ], [ -103.367426363651035, 38.975203396564417 ], [ -103.360785171968601, 38.970332293192627 ], [ -103.354788502492767, 38.96497619587003 ], [ -103.349494063073834, 38.959186788316579 ], [ -103.344952747984919, 38.953019921453823 ], [ -103.34120815145593, 38.94653507184281 ], [ -103.338296153321295, 38.939794765577517 ], [ -103.336244580555473, 38.932863973309715 ], [ -103.335072947678967, 38.925809482338416 ], [ -103.334792278208241, 38.91869925189507 ], [ -103.335405008504736, 38.911601757889962 ], [ -103.336904974562714, 38.904585333457568 ], [ -103.339277481468727, 38.897717511649674 ], [ -103.342499454477007, 38.891064376574136 ], [ -103.346539669880954, 38.88468992916826 ], [ -103.351359063129181, 38.8786554736282 ], [ -103.356911110937972, 38.873019030295616 ], [ -103.36314228349903, 38.867834780528952 ], [ -103.369992562272515, 38.863152548766166 ] ] ], [ [ [ -102.932966592157982, 39.227695372199406 ], [ -102.940433421655811, 39.223589803157019 ], [ -102.948380877060444, 39.220072703613866 ], [ -102.95673256625507, 39.217177859568508 ], [ -102.965408245606881, 39.214933077544877 ], [ -102.974324585563991, 39.213359919558727 ], [ -102.98339596467018, 39.212473497612514 ], [ -102.992535284673437, 39.21228232961753 ], [ -103.001654799238736, 39.212788258075605 ], [ -103.010666948666639, 39.213986432277416 ], [ -103.019485192970592, 39.215865354190584 ], [ -103.028024835675552, 39.218406987627574 ], [ -103.036203830770091, 39.221586929700592 ], [ -103.043943565371578, 39.225374642997174 ], [ -103.051169610852781, 39.229733746347435 ], [ -103.057812435423742, 39.234622361508478 ], [ -103.06380807146904, 39.239993512566535 ], [ -103.06909873130374, 39.245795574358752 ], [ -103.073633365432343, 39.251972765747176 ], [ -103.077368157872613, 39.258465683143513 ], [ -103.080266953637093, 39.265211869287306 ], [ -103.082301614049214, 39.272146411926798 ], [ -103.083452296203134, 39.279202566746456 ], [ -103.083707653555194, 39.286312398627565 ], [ -103.083064955353194, 39.293407435126952 ], [ -103.081530123365283, 39.300419325912245 ], [ -103.079117685154245, 39.307280501804577 ], [ -103.075850643949721, 39.313924827053818 ], [ -103.071760265993532, 39.32028823850677 ], [ -103.066885787060585, 39.326309365428273 ], [ -103.061274040683912, 39.331930123897124 ], [ -103.054979011424948, 39.337096279923479 ], [ -103.048061317320531, 39.341757975720981 ], [ -103.040587626396047, 39.34587021391166 ], [ -103.032630012848287, 39.349393294843658 ], [ -103.02426525916357, 39.352293202655723 ], [ -103.015574111035377, 39.354541936224685 ], [ -103.006640492473565, 39.356117781677796 ], [ -102.997550688944841, 39.357005523733591 ], [ -102.988392506745996, 39.357196593749094 ], [ -102.97925441708071, 39.356689152987684 ], [ -102.970224693483956, 39.355488110276156 ], [ -102.961390551311609, 39.353605073883074 ], [ -102.952837297987102, 39.351058238114462 ], [ -102.944647502570731, 39.347872205782231 ], [ -102.936900192993789, 39.344077748345541 ], [ -102.929670088982249, 39.339711506148866 ], [ -102.923026878288553, 39.334815631777602 ], [ -102.917034543361467, 39.329437380112971 ], [ -102.91175074502101, 39.323628649189672 ], [ -102.907226269075451, 39.317445476435694 ], [ -102.903504541131497, 39.310947495298457 ], [ -102.900621214114921, 39.304197357633718 ], [ -102.898603832248696, 39.297260127546558 ], [ -102.897471574437091, 39.290202652628523 ], [ -102.897235079191262, 39.283092918728336 ], [ -102.897896352408296, 39.275999394523751 ], [ -102.899448758497456, 39.268990372230974 ], [ -102.901877094536971, 39.262133310795271 ], [ -102.905157746354803, 39.255494187851845 ], [ -102.909258924661316, 39.249136866633705 ], [ -102.914140978628524, 39.243122483833048 ], [ -102.919756783615739, 39.237508864199391 ], [ -102.92605219908684, 39.232349967381793 ], [ -102.932966592157982, 39.227695372199406 ] ] ], [ [ [ -102.174468394735712, 39.552293111968794 ], [ -102.182012693601195, 39.548239194954043 ], [ -102.190033137860581, 39.544776695109128 ], [ -102.198452641572572, 39.541938873911562 ], [ -102.207190316821794, 39.539752990849422 ], [ -102.216162245184421, 39.538240043574291 ], [ -102.22528227710167, 39.537414567721555 ], [ -102.234462851798099, 39.537284498249356 ], [ -102.243615830218673, 39.53785109358175 ], [ -102.252653333354331, 39.539108923266099 ], [ -102.261488578281032, 39.541045919271895 ], [ -102.270036704250558, 39.54364349047512 ], [ -102.27821558124478, 39.54687669929104 ], [ -102.285946593537304, 39.55071449884548 ], [ -102.293155390998535, 39.555120028513272 ], [ -102.299772601130954, 39.560050965108594 ], [ -102.305734495131873, 39.565459926488778 ], [ -102.310983601649625, 39.571294923836057 ], [ -102.315469262325465, 39.577499858414782 ], [ -102.319148123696493, 39.584015058170017 ], [ -102.321984560572503, 39.590777849139684 ], [ -102.323951026589498, 39.597723156302898 ], [ -102.325028328282329, 39.60478412818383 ], [ -102.325205819703328, 39.611892779278072 ], [ -102.324481515340551, 39.618980644169618 ], [ -102.322862119850228, 39.625979437065098 ], [ -102.320362973909809, 39.632821710389024 ], [ -102.317007916311042, 39.639441506062262 ], [ -102.3128290632404, 39.645774993127688 ], [ -102.307866506528228, 39.651761085490826 ], [ -102.302167933477406, 39.65734203371148 ], [ -102.295788171699513, 39.662463985012977 ], [ -102.288788663179204, 39.667077505967562 ], [ -102.281236872547041, 39.671138062667417 ], [ -102.273205635255593, 39.674606453597853 ], [ -102.264772452014256, 39.677449190888822 ], [ -102.256018736434882, 39.679638826128077 ], [ -102.247029023364149, 39.681154217468574 ], [ -102.237890145820785, 39.681980735349789 ], [ -102.22869038881187, 39.682110404768444 ], [ -102.219518628563193, 39.681541982674268 ], [ -102.210463465863796, 39.680280969721963 ], [ -102.201612362288657, 39.67833955627426 ], [ -102.193050788027037, 39.675736503216392 ], [ -102.184861389907539, 39.672496958799172 ], [ -102.177123187975553, 39.668652213371786 ], [ -102.169910808650897, 39.664239394486472 ], [ -102.163293762075284, 39.65930110545019 ], [ -102.157335770760781, 39.653885010955747 ], [ -102.152094156076117, 39.648043373941988 ], [ -102.147619288469343, 39.641832548302098 ], [ -102.143954106629636, 39.635312432479857 ], [ -102.141133710050369, 39.62854588935749 ], [ -102.139185028677829, 39.621598138147668 ], [ -102.1381265725269, 39.614536124248453 ], [ -102.137968263326414, 39.607427873207868 ], [ -102.138711349431588, 39.600341835068072 ], [ -102.140348404419228, 39.593346225421946 ], [ -102.142863408971081, 39.586508369515592 ], [ -102.146231914859996, 39.579894055670607 ], [ -102.150421289089309, 39.573566904182044 ], [ -102.155391035504579, 39.567587757673103 ], [ -102.161093190503038, 39.562014098659773 ], [ -102.167472788816099, 39.556899499799151 ], [ -102.174468394735712, 39.552293111968794 ] ] ], [ [ [ -102.255310245438366, 39.75045484885235 ], [ -102.262320630698653, 39.745843773030948 ], [ -102.269881871676631, 39.741784811403193 ], [ -102.277921257787185, 39.738316958039057 ], [ -102.286361521343437, 39.735473525079918 ], [ -102.295121575696257, 39.733281825172085 ], [ -102.304117288567994, 39.731762911141672 ], [ -102.313262283421523, 39.730931375315926 ], [ -102.322468761485027, 39.730795210345576 ], [ -102.331648336888961, 39.731355732818059 ], [ -102.340712877267535, 39.732607570375286 ], [ -102.349575342131331, 39.734538712468108 ], [ -102.358150611330956, 39.737130624295645 ], [ -102.366356296004767, 39.740358422897899 ], [ -102.374113524535403, 39.744191113796241 ], [ -102.381347696231828, 39.748591886016321 ], [ -102.387989195704137, 39.7535184627829 ], [ -102.393974061208766, 39.758923504654135 ], [ -102.399244600610032, 39.764755061364774 ], [ -102.403749949030825, 39.77095706818141 ], [ -102.407446562747936, 39.777469882140224 ], [ -102.410298644425723, 39.784230853144798 ], [ -102.412278495372178, 39.79117492455034 ], [ -102.413366791141655, 39.798235257558005 ], [ -102.413552777494147, 39.805343873489271 ], [ -102.412834384448729, 39.812432307811164 ], [ -102.41121825693142, 39.819432269640984 ], [ -102.408719701311057, 39.826276300375149 ], [ -102.405362547931887, 39.832898425064982 ], [ -102.401178930582006, 39.839234790202504 ], [ -102.39620898467264, 39.845224281682732 ], [ -102.390500466736199, 39.850809116876349 ], [ -102.384108298670768, 39.85593540497581 ], [ -102.37709404095429, 39.860553670070082 ], [ -102.369525299814882, 39.864619331752309 ], [ -102.361475074060834, 39.868093138472076 ], [ -102.35302104793827, 39.870941549302529 ], [ -102.344244836983862, 39.873137060299001 ], [ -102.33523119436633, 39.874658472176002 ], [ -102.326067185656498, 39.875491096614333 ], [ -102.316841340322924, 39.875626899127909 ], [ -102.307642788513775, 39.875064577058268 ], [ -102.298560391852391, 39.873809571921583 ], [ -102.289681877039015, 39.871874015996397 ], [ -102.28109298101576, 39.869276613706063 ], [ -102.272876616315614, 39.866042459007531 ], [ -102.265112064981409, 39.862202790642002 ], [ -102.257874209111833, 39.857794687725132 ], [ -102.251232805672572, 39.852860708747279 ], [ -102.24525181271143, 39.847448477613142 ], [ -102.239988773539409, 39.84161022086672 ], [ -102.235494264800181, 39.835402260719029 ], [ -102.231811413651897, 39.828884468915625 ], [ -102.228975488542247, 39.822119686847195 ], [ -102.227013567277297, 39.815173117614151 ], [ -102.225944285278757, 39.808111696004374 ], [ -102.2257776661029, 39.801003442530174 ], [ -102.226515035466278, 39.793916807795448 ], [ -102.228149019198568, 39.786920013526377 ], [ -102.23066362473044, 39.780080396599999 ], [ -102.234034404930739, 39.773463762346246 ], [ -102.238228702340407, 39.767133753280241 ], [ -102.243205971117604, 39.761151239248079 ], [ -102.248918173312575, 39.755573734740807 ], [ -102.255310245438366, 39.75045484885235 ] ] ], [ [ [ -102.087911323777718, 39.818205232178904 ], [ -102.095490328990792, 39.814158346342637 ], [ -102.103546405723094, 39.810703242940825 ], [ -102.112002127657348, 39.807873111644049 ], [ -102.12077626130467, 39.80569513750266 ], [ -102.129784540674692, 39.804190241830987 ], [ -102.13894046986087, 39.803372882769374 ], [ -102.148156146151635, 39.803250917367492 ], [ -102.157343096116463, 39.803825526467939 ], [ -102.166413117011487, 39.805091203092886 ], [ -102.17527911580531, 39.807035804455026 ], [ -102.183855938139487, 39.809640667130815 ], [ -102.192061179612125, 39.812880784353482 ], [ -102.199815971906332, 39.816725043810777 ], [ -102.207045736477014, 39.821136523771884 ], [ -102.213680898762647, 39.826072844823869 ], [ -102.219657556198641, 39.831486573975688 ], [ -102.224918093679747, 39.837325677390993 ], [ -102.229411740545899, 39.843534017544521 ], [ -102.233095063650794, 39.850051890165098 ], [ -102.235932391611769, 39.856816595935697 ], [ -102.237896165931318, 39.863763041570891 ], [ -102.238967215322432, 39.870824364589758 ], [ -102.239134950257238, 39.877932575849421 ], [ -102.238397475487602, 39.88501921370689 ], [ -102.236761619050583, 39.892016003534465 ], [ -102.23424287706662, 39.898855516232302 ], [ -102.230865274454771, 39.905471819360251 ], [ -102.226661142521337, 39.911801114552809 ], [ -102.222858828858733, 39.916358560452899 ], [ -102.224245872489149, 39.918273116708498 ], [ -102.227932293351998, 39.924791199870441 ], [ -102.230771768232088, 39.931556043222109 ], [ -102.232736717063872, 39.938502552293862 ], [ -102.233807956267711, 39.945563864083987 ], [ -102.233974893454473, 39.95267198959381 ], [ -102.233235640013248, 39.95975846798661 ], [ -102.231597040093135, 39.966755026096067 ], [ -102.229074615285455, 39.973594236927411 ], [ -102.225692425130347, 39.980210170773965 ], [ -102.221482844404719, 39.986539032612299 ], [ -102.216486258986293, 39.992519779545297 ], [ -102.21075068292383, 39.998094712229502 ], [ -102.204331300164895, 40.003210034455236 ], [ -102.19728993519044, 40.007816375339829 ], [ -102.189694457569104, 40.011869268946427 ], [ -102.181618126163244, 40.015329586548113 ], [ -102.17313887938316, 40.018163917217549 ], [ -102.164338578485612, 40.020344892930439 ], [ -102.155302211439519, 40.021851454920956 ], [ -102.151513677552856, 40.022188777474092 ], [ -102.142938270956392, 40.024312113295437 ], [ -102.133901002415371, 40.025816968279926 ], [ -102.12471516624565, 40.026632844952168 ], [ -102.115469504647905, 40.026751871135566 ], [ -102.106253340753909, 40.026172906894672 ], [ -102.097155707480596, 40.024901555270368 ], [ -102.088264479417205, 40.022950107263732 ], [ -102.079665516521658, 40.020337421639894 ], [ -102.071441828262621, 40.017088740780338 ], [ -102.063672766605777, 40.01323544445669 ], [ -102.056433255910136, 40.008814744018714 ], [ -102.049793067378317, 40.003869320083083 ], [ -102.043816145200367, 39.998446907365924 ], [ -102.038559990952166, 39.992599830817966 ], [ -102.034075112164757, 39.986384497691112 ], [ -102.030404540280287, 39.979860850583272 ], [ -102.02758342246365, 39.973091786872715 ], [ -102.025638690955887, 39.966142550259214 ], [ -102.024588812847341, 39.959080100375267 ], [ -102.024443622324512, 39.951972466616589 ], [ -102.025204236615068, 39.944888092463025 ], [ -102.02686305602964, 39.93789517662227 ], [ -102.029403847684478, 39.931061017328318 ], [ -102.032801911695728, 39.92445136606505 ], [ -102.037024327868608, 39.918129796866609 ], [ -102.042030280171176, 39.912157097169803 ], [ -102.047771455587295, 39.906590685964851 ], [ -102.054192513291042, 39.901484064710722 ], [ -102.056619026391559, 39.899899251867545 ], [ -102.054336132677875, 39.894421846451237 ], [ -102.05239040351637, 39.887472959930982 ], [ -102.051338463173423, 39.880410613039381 ], [ -102.051190166831802, 39.873302834265559 ], [ -102.051946662730728, 39.866218068632342 ], [ -102.053600391866823, 39.859224518819452 ], [ -102.056135171285661, 39.852389489415906 ], [ -102.059526359760696, 39.84577874057279 ], [ -102.063741103888603, 39.839455857209025 ], [ -102.068738661898067, 39.833481639746957 ], [ -102.07447080177333, 39.827913522125357 ], [ -102.080882269642814, 39.822805022558072 ], [ -102.087911323777718, 39.818205232178904 ] ] ], [ [ [ -102.319225332126464, 39.989530413745051 ], [ -102.328466521015017, 39.989394929003282 ], [ -102.337680620623104, 39.989956097288356 ], [ -102.346779169650418, 39.991208540140029 ], [ -102.355674803455486, 39.993140241483495 ], [ -102.364282085512599, 39.995732661610546 ], [ -102.372518321289235, 39.998960913301104 ], [ -102.380304347045765, 40.002793998480513 ], [ -102.387565286250165, 40.007195103247753 ], [ -102.394231266551841, 40.012121948565294 ], [ -102.40023809056926, 40.017527193379138 ], [ -102.405527854115547, 40.023358886440228 ], [ -102.410049505912653, 40.029560962631969 ], [ -102.413759343329417, 40.036073779176064 ], [ -102.416621439217778, 40.042834686695606 ], [ -102.418607995512446, 40.049778629763708 ], [ -102.419699619902786, 40.056838771262768 ], [ -102.419885522571391, 40.063947134625245 ], [ -102.419163630725208, 40.071035257828242 ], [ -102.417540619409479, 40.078034852870779 ], [ -102.41503185789125, 40.084878464379159 ], [ -102.411661271717193, 40.091500120963055 ], [ -102.407461121384515, 40.097835972985422 ], [ -102.402471699402767, 40.103824910511804 ], [ -102.396740948361696, 40.10940915537244 ], [ -102.390324003442529, 40.114534821499277 ], [ -102.383282663611183, 40.119152437991232 ], [ -102.375684796497239, 40.123217429711616 ], [ -102.367603682684475, 40.126690550627266 ], [ -102.359117305806123, 40.129538265558587 ], [ -102.350307595440384, 40.131733076516078 ], [ -102.348194040188275, 40.132088377043083 ], [ -102.347508694654309, 40.132755125037384 ], [ -102.341085903295806, 40.137877850861592 ], [ -102.334038893298398, 40.142492267177218 ], [ -102.326435587484752, 40.146553829629219 ], [ -102.318349319436251, 40.150023325231487 ], [ -102.309858123053786, 40.152867253797716 ], [ -102.30104397494496, 40.155058153937993 ], [ -102.29199199716868, 40.156574870349452 ], [ -102.282789628316038, 40.157402759716348 ], [ -102.273525771265255, 40.157533833151696 ], [ -102.264289926213621, 40.156966833752996 ], [ -102.255171317755384, 40.155707248500065 ], [ -102.246258024840259, 40.15376725438901 ], [ -102.237636122410407, 40.151165599360318 ], [ -102.229388843375858, 40.147927419238641 ], [ -102.221595769351424, 40.144083992544999 ], [ -102.214332058246512, 40.139672435664671 ], [ -102.207667716377472, 40.134735341447076 ], [ -102.201666922268217, 40.129320364872221 ], [ -102.196387408725599, 40.123479759935037 ], [ -102.191879909130947, 40.117269872369768 ], [ -102.188187673187244, 40.110750593256029 ], [ -102.185346056613497, 40.103984778913713 ], [ -102.183382188493439, 40.097037642800544 ], [ -102.182314719175665, 40.089976125374264 ], [ -102.182153650795954, 40.082868248067179 ], [ -102.182900251661891, 40.075782457644735 ], [ -102.184547054910254, 40.068786967281696 ], [ -102.18707794103284, 40.061949100689418 ], [ -102.190468303069068, 40.055334645568159 ], [ -102.194685292495222, 40.049007222539046 ], [ -102.199688143103899, 40.043027675535562 ], [ -102.205428569470328, 40.037453489405813 ], [ -102.211851235948245, 40.032338240196857 ], [ -102.218894291530887, 40.027731083266232 ], [ -102.22648996535645, 40.023676283994277 ], [ -102.234565217132669, 40.0202127954608 ], [ -102.243042436305572, 40.017373887002364 ], [ -102.251840183403772, 40.015186827087454 ], [ -102.253950491005398, 40.014833176244842 ], [ -102.254635471156604, 40.014166961296482 ], [ -102.2610523279548, 40.009048765234958 ], [ -102.268089753971665, 40.004438405563192 ], [ -102.275680031978268, 40.00038017854181 ], [ -102.28375017303199, 39.99691307023928 ], [ -102.292222615174396, 39.994070384772435 ], [ -102.301015964331199, 39.991879426849721 ], [ -102.310045770511906, 39.990361241550723 ], [ -102.319225332126464, 39.989530413745051 ] ] ], [ [ [ -102.318539442868143, 40.473613351942376 ], [ -102.326181083536966, 40.469553714645002 ], [ -102.33430612493683, 40.466085057819079 ], [ -102.342836479567694, 40.463240698810807 ], [ -102.351690199889973, 40.461047956927871 ], [ -102.360782259690907, 40.459527893136347 ], [ -102.37002536375239, 40.458695109376052 ], [ -102.379330778371838, 40.458557609345995 ], [ -102.388609175124643, 40.459116722048378 ], [ -102.397771480151306, 40.460367088803707 ], [ -102.406729721207313, 40.462296713869691 ], [ -102.41539786472697, 40.464887078213629 ], [ -102.423692635225223, 40.468113315409042 ], [ -102.43153430949404, 40.471944448054735 ], [ -102.438847478241925, 40.476343682555346 ], [ -102.445561768076772, 40.481268759558318 ], [ -102.45161251704296, 40.486672356820407 ], [ -102.456941397293932, 40.492502540779796 ], [ -102.461496978909622, 40.498703262643467 ], [ -102.465235229353496, 40.505214894367221 ], [ -102.468119943604833, 40.511974799511883 ], [ -102.470123100595913, 40.518917933608549 ], [ -102.471225142228789, 40.52597746836198 ], [ -102.471415171936812, 40.533085433766502 ], [ -102.47087566939696, 40.538366586713295 ], [ -102.477338255168888, 40.543099537793047 ], [ -102.483396955353612, 40.548501660386414 ], [ -102.48873329636065, 40.554330549473661 ], [ -102.493295776418705, 40.560530169022925 ], [ -102.497040296368169, 40.567040901909358 ], [ -102.49993059044202, 40.573800120654532 ], [ -102.501938583301921, 40.580742787693836 ], [ -102.503044669597955, 40.587802079501934 ], [ -102.503237913011006, 40.594910028652293 ], [ -102.502516162471593, 40.601998177686596 ], [ -102.500886084018859, 40.608998238525523 ], [ -102.498363107564671, 40.615842751067852 ], [ -102.494971288653502, 40.622465734601022 ], [ -102.490743086147688, 40.628803325685219 ], [ -102.485719057615881, 40.634794396274792 ], [ -102.47994747504589, 40.640381146006995 ], [ -102.473483864335009, 40.645509662816117 ], [ -102.466390472818787, 40.650130446321391 ], [ -102.458735669873903, 40.65419888878624 ], [ -102.450593286359904, 40.657675708852572 ], [ -102.442041899340779, 40.660527333711705 ], [ -102.433164069135785, 40.662726225880725 ], [ -102.424045536287153, 40.664251151302437 ], [ -102.414774386484027, 40.665087386072699 ], [ -102.405440191848569, 40.665226859717606 ], [ -102.396133137257792, 40.664668233581565 ], [ -102.386943140545583, 40.663416913545774 ], [ -102.377958975496682, 40.661484996960645 ], [ -102.369267406508527, 40.658891154342811 ], [ -102.360952343659562, 40.655660447045953 ], [ -102.353094026683749, 40.651824082760676 ], [ -102.345768246017087, 40.647419111320303 ], [ -102.339045608657003, 40.642488063885111 ], [ -102.332990856066431, 40.637078539135864 ], [ -102.327662240770493, 40.631242740625659 ], [ -102.323110967641611, 40.625036969910511 ], [ -102.319380705161052, 40.618521080499654 ], [ -102.316507171189102, 40.611757898032266 ], [ -102.314517796984788, 40.604812612395079 ], [ -102.31343147239744, 40.597752147743556 ], [ -102.313258374319958, 40.590644516575281 ], [ -102.313810881213968, 40.58536454846611 ], [ -102.30735641526212, 40.580622706920913 ], [ -102.301309626636197, 40.575211726118319 ], [ -102.29598847178562, 40.569374652989637 ], [ -102.291444083743514, 40.563167801073689 ], [ -102.287720064881356, 40.556651033987663 ], [ -102.284852073308016, 40.54988718551828 ], [ -102.282867487450048, 40.542941451672675 ], [ -102.281785151731029, 40.535880760651864 ], [ -102.281615205435585, 40.528773126895601 ], [ -102.282358996005129, 40.521686995471462 ], [ -102.284009077178212, 40.514690583142787 ], [ -102.286549291566089, 40.507851222450178 ], [ -102.289954936451963, 40.501234715080876 ], [ -102.294193010828863, 40.494904700681893 ], [ -102.299222540949927, 40.488922047096786 ], [ -102.304994980963954, 40.483344267777994 ], [ -102.311454684551691, 40.478224971846274 ], [ -102.318539442868143, 40.473613351942376 ] ] ], [ [ [ -102.700956579108038, 40.785116262269966 ], [ -102.708049213494803, 40.780481095795956 ], [ -102.715704457069336, 40.776396164039873 ], [ -102.723848694822223, 40.772900706529292 ], [ -102.73240365315884, 40.770028296477506 ], [ -102.741287147576699, 40.76780652088533 ], [ -102.75041386631392, 40.766256717753969 ], [ -102.759696182721072, 40.765393772830819 ], [ -102.76904498888382, 40.765225977761176 ], [ -102.778370542858283, 40.765754950955511 ], [ -102.787583321774093, 40.766975621907491 ], [ -102.796594873012396, 40.768876279117308 ], [ -102.805318655677823, 40.7714386811937 ], [ -102.813670864654185, 40.774638230127721 ], [ -102.821571229664698, 40.778444205160696 ], [ -102.828943781947004, 40.782820055107855 ], [ -102.835717581403884, 40.787723746456116 ], [ -102.841827397398987, 40.793108164031665 ], [ -102.847214336736002, 40.798921560535568 ], [ -102.851826412785769, 40.805108050778152 ], [ -102.855619050210436, 40.811608146009647 ], [ -102.858555520273057, 40.81835932334927 ], [ -102.860607302314833, 40.825296624962945 ], [ -102.86175436762575, 40.832353281333113 ], [ -102.861985382626273, 40.839461352708518 ], [ -102.861884255315843, 40.840504438114053 ], [ -102.864366366216274, 40.84268903982634 ], [ -102.869759149832106, 40.848501485345224 ], [ -102.874376602373786, 40.854687161297456 ], [ -102.878174096552357, 40.861186587010877 ], [ -102.881114856541657, 40.867937246286573 ], [ -102.88317031992095, 40.874874186503135 ], [ -102.88432042196483, 40.881930641827815 ], [ -102.884553799193171, 40.889038674622874 ], [ -102.8838679098277, 40.896129828932906 ], [ -102.882269069573866, 40.90313578979228 ], [ -102.87977240194931, 40.909989042003822 ], [ -102.876401703207307, 40.916623522013339 ], [ -102.872189222747053, 40.922975256539971 ], [ -102.867175360752896, 40.928982981721468 ], [ -102.861408285653354, 40.934588736695339 ], [ -102.854943474827309, 40.939738425762428 ], [ -102.847843182797746, 40.944382343566289 ], [ -102.840175841935007, 40.948475658067665 ], [ -102.832015401426531, 40.951978846496779 ], [ -102.823440610952957, 40.954858079921671 ], [ -102.814534256127118, 40.957085552575322 ], [ -102.805382353296082, 40.958639752631662 ], [ -102.796073311767103, 40.959505671705578 ], [ -102.786697071890444, 40.959674950968136 ], [ -102.77734422770699, 40.959145962407462 ], [ -102.768105143045631, 40.957923824423084 ], [ -102.759069070027778, 40.956020351606234 ], [ -102.750323278906222, 40.953453939226286 ], [ -102.744215806405265, 40.951116008180072 ], [ -102.742845623107897, 40.954851206656286 ], [ -102.739458909328889, 40.961481217971297 ], [ -102.735230476931847, 40.96782748440603 ], [ -102.730200880596612, 40.973828794143358 ], [ -102.724418441415892, 40.979427247609699 ], [ -102.717938786087529, 40.984568819067583 ], [ -102.71082431361836, 40.989203881135019 ], [ -102.70314359457717, 40.993287687016981 ], [ -102.694970708670553, 40.996780805638409 ], [ -102.68638452709709, 40.999649505324939 ], [ -102.677467946751847, 41.001866082182538 ], [ -102.668307083895442, 41.003409129876104 ], [ -102.658990435362298, 41.004263748091986 ], [ -102.649608015752477, 41.004421687586536 ], [ -102.640250479325928, 41.003881430362824 ], [ -102.631008235492686, 41.002648204174051 ], [ -102.62197056686324, 41.000733931218946 ], [ -102.613224758791361, 40.998157111559919 ], [ -102.604855249205229, 40.994942642456287 ], [ -102.596942807286098, 40.991121575450038 ], [ -102.589563749219224, 40.986730813666149 ], [ -102.582789198816712, 40.981812752386006 ], [ -102.576684400301374, 40.976414866511902 ], [ -102.571308089953803, 40.970589249061071 ], [ -102.570557784430406, 40.969577677256773 ], [ -102.567466899077644, 40.973250448042457 ], [ -102.561671138123529, 40.978840350092661 ], [ -102.55517933714934, 40.983972414648115 ], [ -102.548054013965199, 40.988597105857508 ], [ -102.540363845444247, 40.992669776966409 ], [ -102.532183004005034, 40.996151104480518 ], [ -102.523590439006668, 40.999007470797096 ], [ -102.514669110140687, 41.001211291466142 ], [ -102.505505180444317, 41.002741283792972 ], [ -102.496187177017475, 41.003582674079489 ], [ -102.486805127894911, 41.003727341419264 ], [ -102.477449683796152, 41.00317389660168 ], [ -102.468211233648546, 41.001927695337884 ], [ -102.459179022847906, 41.000000785686844 ], [ -102.450440283186111, 40.997411790226693 ], [ -102.442079383236887, 40.994185724176454 ], [ -102.434177007751956, 40.99035375131885 ], [ -102.42680937428392, 40.985952880198347 ], [ -102.420047494824189, 40.981025603664314 ], [ -102.413956489733181, 40.975619485387838 ], [ -102.408594960651172, 40.969786697500432 ], [ -102.40401442842294, 40.963583513973667 ], [ -102.400258841356219, 40.957069764780954 ], [ -102.397364158373421, 40.950308256247766 ], [ -102.395358010819649, 40.943364163305461 ], [ -102.394259445866638, 40.936304399611764 ], [ -102.39407875361367, 40.929196971687418 ], [ -102.394817379142282, 40.922110323343105 ], [ -102.396467919941585, 40.915112676731709 ], [ -102.399014208292385, 40.908271376362599 ], [ -102.402431477392469, 40.901652242352903 ], [ -102.406686609225304, 40.895318939072943 ], [ -102.411738461430559, 40.889332365167306 ], [ -102.417538269728766, 40.883750070704075 ], [ -102.424030121792498, 40.878625706925611 ], [ -102.431151497842436, 40.874008513746645 ], [ -102.438833872686132, 40.869942849775967 ], [ -102.447003373407398, 40.866467769226304 ], [ -102.455581486462123, 40.863616649631609 ], [ -102.464485807538594, 40.861416873811642 ], [ -102.473630827201532, 40.859889569018307 ], [ -102.482928745056881, 40.859049405668102 ], [ -102.492290304952462, 40.858904457516331 ], [ -102.501625643564125, 40.859456124565007 ], [ -102.510845144612574, 40.860699119422243 ], [ -102.51986029090952, 40.862621517250624 ], [ -102.528584506444801, 40.865204868860296 ], [ -102.53693398079902, 40.868424375923865 ], [ -102.544828468297553, 40.872249126718366 ], [ -102.552192054514748, 40.876642390240271 ], [ -102.558953882987467, 40.881561965996681 ], [ -102.565048835308872, 40.886960586253061 ], [ -102.569347938691052, 40.891625264658614 ], [ -102.571673388267357, 40.885327199368469 ], [ -102.5750723873293, 40.878702397743012 ], [ -102.579309775163111, 40.872362186630838 ], [ -102.584344578895539, 40.866367531863773 ], [ -102.590128196794524, 40.860776061828489 ], [ -102.596604870637833, 40.85564151644418 ], [ -102.603712224894878, 40.851013233794866 ], [ -102.611381867449808, 40.846935679201337 ], [ -102.619540046084367, 40.843448021106795 ], [ -102.628108354484681, 40.840583757704877 ], [ -102.63700448113778, 40.838370397760329 ], [ -102.646142994143943, 40.836829198566811 ], [ -102.655436154687393, 40.83597496345687 ], [ -102.664794751685235, 40.835815900730367 ], [ -102.671270733321819, 40.836188994639329 ], [ -102.671258234391502, 40.835767191268175 ], [ -102.671965836086798, 40.828677822799733 ], [ -102.67358456333956, 40.821675239356715 ], [ -102.67609855495968, 40.814826834650532 ], [ -102.679483354662949, 40.808198498793956 ], [ -102.683706155970114, 40.801853986212031 ], [ -102.68872612612229, 40.795854304740899 ], [ -102.694494805592086, 40.790257131678075 ], [ -102.700956579108038, 40.785116262269966 ] ] ], [ [ [ -102.124702590590118, 40.775111738180179 ], [ -102.132390774394821, 40.771066681457604 ], [ -102.140562621224291, 40.767613397890791 ], [ -102.149139597012194, 40.764785056401848 ], [ -102.158039309830698, 40.762608821982809 ], [ -102.167176295360775, 40.761105596880753 ], [ -102.176462830594943, 40.760289821431805 ], [ -102.18580976829206, 40.760169336381395 ], [ -102.195127384541891, 40.76074530796506 ], [ -102.20432623169296, 40.762012216449314 ], [ -102.213317988852779, 40.763957908251577 ], [ -102.222016302184201, 40.766563711176566 ], [ -102.230337607295638, 40.769804611728077 ], [ -102.238201926156378, 40.773649492882711 ], [ -102.24553363116226, 40.778061430154075 ], [ -102.252262169228985, 40.78299804323224 ], [ -102.258322739104088, 40.788411899962398 ], [ -102.263656915459734, 40.794250968929816 ], [ -102.268213213759083, 40.800459116453055 ], [ -102.271947590376939, 40.806976643355199 ], [ -102.274823872998596, 40.813740856490227 ], [ -102.276814116918032, 40.820686669651671 ], [ -102.277898883504704, 40.827747228187071 ], [ -102.278067437802321, 40.834854551388887 ], [ -102.277317862960871, 40.841940186533073 ], [ -102.275657089976846, 40.848935868293758 ], [ -102.273100842022373, 40.855774177179207 ], [ -102.269673493471657, 40.862389190611289 ], [ -102.265407844578334, 40.868717120311544 ], [ -102.260344813607048, 40.87469692976029 ], [ -102.254533049070972, 40.880270925662543 ], [ -102.248028465561902, 40.885385317584252 ], [ -102.240893707470022, 40.889990740215225 ], [ -102.233197545668403, 40.894042733064694 ], [ -102.225014212968418, 40.897502172804195 ], [ -102.216422684829681, 40.90033565393189 ], [ -102.207505912418597, 40.902515813940695 ], [ -102.198350015646866, 40.904021599723769 ], [ -102.189043444274432, 40.90483847253833 ], [ -102.179676115525297, 40.904958549467224 ], [ -102.170338536932178, 40.904380679958713 ], [ -102.161120923293595, 40.903110456683137 ], [ -102.152112316691785, 40.901160160609805 ], [ -102.143399718480808, 40.898548640874992 ], [ -102.135067242012298, 40.895301130670369 ], [ -102.127195294623803, 40.891449001026075 ], [ -102.11985979707552, 40.88702945498509 ], [ -102.113131448191723, 40.88208516525863 ], [ -102.10707504194886, 40.87666385901089 ], [ -102.101748843663373, 40.870817853936686 ], [ -102.097204031275126, 40.864603550267063 ], [ -102.093484207009922, 40.85808088375466 ], [ -102.090624983943599, 40.851312745056234 ], [ -102.088653651195145, 40.844364371233944 ], [ -102.087588920653431, 40.837302715343881 ], [ -102.087440757306084, 40.830195800263645 ], [ -102.088210294396148, 40.823112063033442 ], [ -102.089889833794444, 40.816119696043948 ], [ -102.092462931150322, 40.809285991403272 ], [ -102.09590456457876, 40.802676694752513 ], [ -102.100181384866417, 40.796355374679024 ], [ -102.105252044436142, 40.790382813699715 ], [ -102.111067601607914, 40.784816426556176 ], [ -102.117571996035807, 40.779709711282692 ], [ -102.124702590590118, 40.775111738180179 ] ] ], [ [ [ -102.238075934736571, 40.89830462814178 ], [ -102.245772325584781, 40.894252318251603 ], [ -102.253954246782897, 40.89079135466735 ], [ -102.262543067178811, 40.88795497950376 ], [ -102.27145628114171, 40.885770434305414 ], [ -102.280608295113325, 40.884258700525898 ], [ -102.289911242525037, 40.883434299630693 ], [ -102.299275819590548, 40.883305154667276 ], [ -102.308612134320342, 40.883872514582627 ], [ -102.31783056099944, 40.885130941993857 ], [ -102.326842592325875, 40.88706836453737 ], [ -102.335561681420003, 40.889666189340801 ], [ -102.343904065989491, 40.892899479582788 ], [ -102.351789567067343, 40.896737191534548 ], [ -102.359142354933311, 40.901142469918106 ], [ -102.365891675081869, 40.906072998873135 ], [ -102.371972527411714, 40.91148140530256 ], [ -102.377326292183852, 40.917315710871193 ], [ -102.381901296724607, 40.923519828465196 ], [ -102.385653317338154, 40.930034098488328 ], [ -102.388546011435849, 40.936795859977629 ], [ -102.390551275487397, 40.943740051170778 ], [ -102.391649525046191, 40.950799833853154 ], [ -102.391829893796597, 40.957907235559034 ], [ -102.391090349308683, 40.964993803501109 ], [ -102.38943772396037, 40.971991263959033 ], [ -102.386887660293709, 40.978832180773558 ], [ -102.383464470901146, 40.98545060656847 ], [ -102.379200913783279, 40.991782720363254 ], [ -102.374137884972228, 40.997767445340742 ], [ -102.368324031063977, 41.003347040701009 ], [ -102.361815285140224, 41.008467661761586 ], [ -102.354674330373484, 41.01307988275493 ], [ -102.346969996388651, 41.017139177124363 ], [ -102.3387765941889, 41.020606350525945 ], [ -102.330173196132421, 41.023447922203651 ], [ -102.321242868061177, 41.02563645091216 ], [ -102.312071861221156, 41.02715080211226 ], [ -102.302748772070288, 41.027976353751356 ], [ -102.293363678435909, 41.02810513855885 ], [ -102.284007260753697, 41.027535921428338 ], [ -102.274769917289206, 41.026274211115066 ], [ -102.265740882310141, 41.024332206143875 ], [ -102.257007356139354, 41.021728675488731 ], [ -102.248653655878059, 41.018488775245324 ], [ -102.240760395346854, 41.014643803162613 ], [ -102.233403702453373, 41.010230893522461 ], [ -102.226654481765863, 41.005292655450795 ], [ -102.22057772955749, 40.999876758301703 ], [ -102.215231907996454, 40.994035468273935 ], [ -102.21066838449903, 40.987825140889008 ], [ -102.20693094154862, 40.981305674380465 ], [ -102.204055361522279, 40.974539929407676 ], [ -102.202069090268296, 40.967593120814428 ], [ -102.20099098235471, 40.960532187399416 ], [ -102.200831130070355, 40.953425145849735 ], [ -102.201590777414779, 40.946340435112099 ], [ -102.203262319473978, 40.939346257536087 ], [ -102.20582938675156, 40.932509923122822 ], [ -102.209267013218223, 40.925897203150889 ], [ -102.21354188606486, 40.919571699330888 ], [ -102.218612674400134, 40.913594234463872 ], [ -102.224430433429859, 40.908022270348923 ], [ -102.230939079995366, 40.902909358404727 ], [ -102.238075934736571, 40.89830462814178 ] ] ] ] } }
]
}
